cv_protocol,cohort_name,modality,device,task,model,seed,feature_set_a,feature_set_b,comparison,n_subjects,auroc_diff,auroc_diff_ci_low,auroc_diff_ci_high,auprc_diff,auprc_diff_ci_low,auprc_diff_ci_high,fold_direction_consistency,folds_compared,n_bootstrap,protocol_consistent_direction,comparator_auroc,goal,interval_excludes_zero,comparator_above_chance,folds_at_least_4
group_cv,core3_rest_yiruidvft_selfintro_intersection,face,,self_intro,hist_gradient_boosting,20260707,modality_demographics,demographics,modality_demographics_vs_demographics,661,0.0575570111596311,0.0012303398444948,0.1127854486869501,0.0552523819084425,0.0015415120949648,0.1085110554376548,3,5,1000,1,0.5285561216238073,goal2_7,True,True,False
group_cv,core3_rest_yiruidvft_selfintro_intersection,face,,self_intro,random_forest,20260707,modality_demographics,demographics,modality_demographics_vs_demographics,661,0.0656386462882095,0.0128735276971193,0.1244668534941567,0.0856348982289192,0.0386904978517373,0.1455938342363014,4,5,1000,1,0.5307850153647097,goal2_7,True,True,True
group_cv,face_task_native,face,,task,hist_gradient_boosting,20260707,face_qc_demographics,demographics,face_qc_demographics_vs_demographics,3558,0.0234094464634303,0.0087793319848684,0.038520909287983,0.0431131158497067,0.0194001185197351,0.0689206567824728,5,5,1000,1,0.6534671987563087,goal2_7,True,True,True
group_cv,face_task_native,face,,task,logistic_regression,20260707,face_qc_demographics,demographics,face_qc_demographics_vs_demographics,3558,0.0244611200099191,0.0119133727926598,0.0375085763643425,0.0254334774159198,0.004754685123792,0.04831171179133,5,5,1000,1,0.6593970477207051,goal2_7,True,True,True
group_cv,face_two_video_native,face,,two_video,hist_gradient_boosting,20260707,face_qc_demographics,demographics,face_qc_demographics_vs_demographics,3567,0.023060730371136,0.0085759668980569,0.0379313227413073,0.0321979000166337,0.0081140344078195,0.0562226638210878,5,5,1000,1,0.6566273798056361,goal2_7,True,True,True
group_cv,face_two_video_native,face,,two_video,logistic_regression,20260707,face_qc_demographics,demographics,face_qc_demographics_vs_demographics,3567,0.0257429977275853,0.0124724396206433,0.0382157320868329,0.0329833114243565,0.0107486649572989,0.0569981285510627,4,5,1000,1,0.6598608285572958,goal2_7,True,True,True
group_cv,face_two_video_native,face,,two_video,random_forest,20260707,face_qc_demographics,demographics,face_qc_demographics_vs_demographics,3567,0.0234664921134941,0.0079282810074613,0.038274875127742,0.0259239476602995,0.0016508140312051,0.050398399863312,3,5,1000,1,0.6576791618472387,goal2_7,True,True,False
standard_cv,face_task_native,face,,task,hist_gradient_boosting,20260707,face_qc_demographics,demographics,face_qc_demographics_vs_demographics,3558,0.0220367809378194,0.0071405540920455,0.0374382348829257,0.0340040884987006,0.0057920220695571,0.0605115910443975,5,5,1000,1,0.6699894375495115,goal2_7,True,True,True
standard_cv,face_task_native,face,,task,logistic_regression,20260707,face_qc_demographics,demographics,face_qc_demographics_vs_demographics,3558,0.0222653406716444,0.0087803173313231,0.0354786855460017,0.0312929326438525,0.0078873696755465,0.0537513067770809,5,5,1000,1,0.669535512520595,goal2_7,True,True,True
standard_cv,face_two_video_native,face,,two_video,hist_gradient_boosting,20260707,face_qc_demographics,demographics,face_qc_demographics_vs_demographics,3567,0.0220360982902961,0.0069628927822189,0.0372806127491645,0.0416098133557667,0.015294218237722,0.0680375791767568,5,5,1000,1,0.6687950252345869,goal2_7,True,True,True
standard_cv,face_two_video_native,face,,two_video,logistic_regression,20260707,face_qc_demographics,demographics,face_qc_demographics_vs_demographics,3567,0.0261554539808164,0.0132983534058771,0.0410037435067201,0.033265057896386,0.0099837295277043,0.0560873055899571,5,5,1000,1,0.6693090149027251,goal2_7,True,True,True
standard_cv,face_two_video_native,face,,two_video,random_forest,20260707,face_qc_demographics,demographics,face_qc_demographics_vs_demographics,3567,0.02012258393243,0.0057523977214575,0.0361294292972892,0.0397681441717654,0.0159181410951941,0.0669034765464024,5,5,1000,1,0.6718908645960793,goal2_7,True,True,True
group_cv,eeg_oddball_goal3,eeg,,oddball,conformer__condition_aware__mean_std__none,2,demographics_eeg_deep,demographics,demographics_eeg_deep_vs_demographics,1820,0.0240543286817503,0.0057197752408691,0.0438199308814011,0.0207342544319437,0.0042006635316251,0.0401400198722647,0,5,1000,1,0.557388565235063,goal3,True,True,False
group_cv,eeg_oddball_goal3,eeg,,oddball,conformer__condition_aware__mean_std__none,2,demographics_eeg_traditional,demographics,demographics_eeg_traditional_vs_demographics,1820,0.0275037257824143,0.0095205052660793,0.0461341674239166,0.0301976296300837,0.0126163830966365,0.0516105193744166,4,5,1000,1,0.557388565235063,goal3,True,True,True
group_cv,eeg_oddball_goal3,eeg,,oddball,conformer__difference_wave__mean_std__none,2,demographics_eeg_deep,demographics,demographics_eeg_deep_vs_demographics,1820,0.0293070044709389,0.011632380536307,0.0482246556018385,0.0269497673667602,0.011982498498495,0.0458641739660294,4,5,1000,1,0.557388565235063,goal3,True,True,True
group_cv,eeg_oddball_goal3,eeg,,oddball,conformer__difference_wave__mean_std__none,2,demographics_eeg_traditional,demographics,demographics_eeg_traditional_vs_demographics,1820,0.0275037257824143,0.0085243699584604,0.0472654816630613,0.0301976296300837,0.01112293434978,0.050591779006119,4,5,1000,1,0.557388565235063,goal3,True,True,True
group_cv,eeg_oddball_goal3,eeg,,oddball,conformer__standard_only__mean_std__none,2,demographics_eeg_deep,demographics,demographics_eeg_deep_vs_demographics,1820,0.0241288443300365,0.006617587405748,0.0429610797859994,0.0298038223777418,0.0138722025777277,0.0476958998862146,2,5,1000,1,0.557388565235063,goal3,True,True,False
group_cv,eeg_oddball_goal3,eeg,,oddball,conformer__standard_only__mean_std__none,2,demographics_eeg_traditional,demographics,demographics_eeg_traditional_vs_demographics,1820,0.0275037257824143,0.0080547225911215,0.0462183680501473,0.0301976296300837,0.0107059882306775,0.0511288250329667,4,5,1000,1,0.557388565235063,goal3,True,True,True
group_cv,eeg_oddball_goal3,eeg,,oddball,conformer__target_only__mean_std__none,2,demographics_eeg_deep,demographics,demographics_eeg_deep_vs_demographics,1820,0.0253509009619292,0.0070156816056512,0.0444917809110905,0.0294392384369215,0.0108205478889936,0.0511658788715156,2,5,1000,1,0.557388565235063,goal3,True,True,False
group_cv,eeg_oddball_goal3,eeg,,oddball,conformer__target_only__mean_std__none,2,demographics_eeg_traditional,demographics,demographics_eeg_traditional_vs_demographics,1820,0.0275037257824143,0.008413254165485,0.0474699383003907,0.0301976296300837,0.0101959450942905,0.0518044073092251,4,5,1000,1,0.557388565235063,goal3,True,True,True
group_cv,eeg_oddball_goal3,eeg,,oddball,eegnet__condition_aware__attention__none,2,demographics_eeg_deep,demographics,demographics_eeg_deep_vs_demographics,1820,0.0307065438287494,0.0130839723962534,0.0493930526373095,0.0327728458445731,0.0160140539201417,0.0512199959417177,5,5,1000,1,0.557388565235063,goal3,True,True,True
group_cv,eeg_oddball_goal3,eeg,,oddball,eegnet__condition_aware__attention__none,2,demographics_eeg_traditional,demographics,demographics_eeg_traditional_vs_demographics,1820,0.0275037257824143,0.0089964911783612,0.0476968727713966,0.0301976296300837,0.0111046016783399,0.0530296386887966,4,5,1000,1,0.557388565235063,goal3,True,True,True
group_cv,eeg_oddball_goal3,eeg,,oddball,eegnet__condition_aware__mean_std__none,2,demographics_eeg_deep,demographics,demographics_eeg_deep_vs_demographics,1820,0.0290834575260805,0.0112141309391015,0.0480027225143798,0.0360993624508121,0.0190501278529889,0.0558681659173032,3,5,1000,1,0.557388565235063,goal3,True,True,False
group_cv,eeg_oddball_goal3,eeg,,oddball,eegnet__condition_aware__mean_std__none,2,demographics_eeg_traditional,demographics,demographics_eeg_traditional_vs_demographics,1820,0.0275037257824143,0.0083655328099609,0.0469686881011065,0.0301976296300837,0.0098752362013135,0.0508210252868041,4,5,1000,1,0.557388565235063,goal3,True,True,True
group_cv,eeg_oddball_goal3,eeg,,oddball,eegnet__condition_aware__mean_std__robust_z,2,demographics_eeg_deep,demographics,demographics_eeg_deep_vs_demographics,1820,0.0278600460642189,0.010374512736576,0.0466374560579843,0.0212968447035394,0.0043908875718389,0.0407523821213224,2,5,1000,1,0.557388565235063,goal3,True,True,False
group_cv,eeg_oddball_goal3,eeg,,oddball,eegnet__condition_aware__mean_std__robust_z,2,demographics_eeg_traditional,demographics,demographics_eeg_traditional_vs_demographics,1820,0.0275037257824143,0.0084965449221365,0.0464693808770613,0.0301976296300837,0.0101402183069859,0.0520477466924884,4,5,1000,1,0.557388565235063,goal3,True,True,True
group_cv,eeg_oddball_goal3,eeg,,oddball,eegnet__difference_wave__mean_std__none,2,demographics_eeg_deep,demographics,demographics_eeg_deep_vs_demographics,1820,0.0252276114347649,0.0044726913684219,0.0449055673988603,0.0172688605313551,-0.0004252344407736,0.0360105658937744,2,5,1000,0,0.557388565235063,goal3,True,True,False
group_cv,eeg_oddball_goal3,eeg,,oddball,eegnet__difference_wave__mean_std__none,2,demographics_eeg_traditional,demographics,demographics_eeg_traditional_vs_demographics,1820,0.0275037257824143,0.0080467800098506,0.0485923039153095,0.0301976296300837,0.0115870050749247,0.0515227330670856,4,5,1000,1,0.557388565235063,goal3,True,True,True
group_cv,eeg_oddball_goal3,eeg,,oddball,eegnet__standard_only__mean_std__none,0,demographics_eeg_deep,demographics,demographics_eeg_deep_vs_demographics,1820,0.005625254030619,0.0004733384986225,0.0107692490498034,0.0067396118676466,-0.0043310241027103,0.0175403628705234,2,5,1000,1,0.5813792169082781,goal3,True,True,False
group_cv,eeg_oddball_goal3,eeg,,oddball,eegnet__standard_only__mean_std__none,2,demographics_eeg_deep,demographics,demographics_eeg_deep_vs_demographics,1820,0.0256774149844194,0.0077880025365205,0.0433334347999631,0.0273088901406353,0.0106485488114715,0.0456856082240638,2,5,1000,1,0.557388565235063,goal3,True,True,False
group_cv,eeg_oddball_goal3,eeg,,oddball,eegnet__standard_only__mean_std__none,2,demographics_eeg_traditional,demographics,demographics_eeg_traditional_vs_demographics,1820,0.0275037257824143,0.0074620500535884,0.0465528132678094,0.0301976296300837,0.0115573321065452,0.0503266746903163,4,5,1000,1,0.557388565235063,goal3,True,True,True
group_cv,eeg_oddball_goal3,eeg,,oddball,eegnet__target_only__mean_std__none,2,demographics_eeg_deep,demographics,demographics_eeg_deep_vs_demographics,1820,0.0294546809375423,0.0109150979735306,0.0483610923806349,0.0307201002536637,0.0130029910197312,0.0511244271844005,2,5,1000,1,0.557388565235063,goal3,True,True,False
group_cv,eeg_oddball_goal3,eeg,,oddball,eegnet__target_only__mean_std__none,2,demographics_eeg_traditional,demographics,demographics_eeg_traditional_vs_demographics,1820,0.0275037257824143,0.0084431175576152,0.0470742314715895,0.0301976296300837,0.00949298181324,0.0518899450346597,4,5,1000,1,0.557388565235063,goal3,True,True,True
group_cv,eeg_oddball_goal3,eeg,,oddball,inceptiontime__condition_aware__mean_std__none,2,demographics_eeg_deep,demographics,demographics_eeg_deep_vs_demographics,1820,0.0253007722530822,0.0072485401377515,0.0451754465186858,0.0281184594189635,0.0112441879255142,0.0486527925832875,3,5,1000,1,0.557388565235063,goal3,True,True,False
group_cv,eeg_oddball_goal3,eeg,,oddball,inceptiontime__condition_aware__mean_std__none,2,demographics_eeg_traditional,demographics,demographics_eeg_traditional_vs_demographics,1820,0.0275037257824143,0.0073033630612548,0.048144461983336,0.0301976296300837,0.0091971225507204,0.0520019141369564,4,5,1000,1,0.557388565235063,goal3,True,True,True
group_cv,eeg_oddball_goal3,eeg,,oddball,inceptiontime__difference_wave__mean_std__none,2,demographics_eeg_deep,demographics,demographics_eeg_deep_vs_demographics,1820,0.0277218534073973,0.0081779235954726,0.0459186607261657,0.0223555774442164,0.0069401545671816,0.0398075716203436,4,5,1000,1,0.557388565235063,goal3,True,True,True
group_cv,eeg_oddball_goal3,eeg,,oddball,inceptiontime__difference_wave__mean_std__none,2,demographics_eeg_traditional,demographics,demographics_eeg_traditional_vs_demographics,1820,0.0275037257824143,0.0070415273184175,0.0466934315837312,0.0301976296300837,0.0089293128413565,0.0517393550468422,4,5,1000,1,0.557388565235063,goal3,True,True,True
group_cv,eeg_oddball_goal3,eeg,,oddball,inceptiontime__standard_only__mean_std__none,2,demographics_eeg_deep,demographics,demographics_eeg_deep_vs_demographics,1820,0.0252086438152012,0.0081022880726954,0.0429046808374135,0.0265182657963886,0.0091823032950425,0.0441386931508436,3,5,1000,1,0.557388565235063,goal3,True,True,False
group_cv,eeg_oddball_goal3,eeg,,oddball,inceptiontime__standard_only__mean_std__none,2,demographics_eeg_traditional,demographics,demographics_eeg_traditional_vs_demographics,1820,0.0275037257824143,0.008596723582716,0.0474494305562433,0.0301976296300837,0.0102365674315105,0.0525245216148831,4,5,1000,1,0.557388565235063,goal3,True,True,True
group_cv,eeg_oddball_goal3,eeg,,oddball,inceptiontime__target_only__mean_std__none,2,demographics_eeg_deep,demographics,demographics_eeg_deep_vs_demographics,1820,0.0261407668337623,0.0087195957870615,0.0455381379150382,0.0306407695263301,0.0127699320260866,0.0522026755279806,4,5,1000,1,0.557388565235063,goal3,True,True,True
group_cv,eeg_oddball_goal3,eeg,,oddball,inceptiontime__target_only__mean_std__none,2,demographics_eeg_traditional,demographics,demographics_eeg_traditional_vs_demographics,1820,0.0275037257824143,0.009135016862298,0.0468529408863552,0.0301976296300837,0.0103111609177076,0.0511228812300364,4,5,1000,1,0.557388565235063,goal3,True,True,True
standard_cv,eeg_oddball_goal3,eeg,,oddball,conformer__difference_wave__mean_std__none,0,demographics_eeg_deep,demographics,demographics_eeg_deep_vs_demographics,1820,0.0152052567402792,0.0007349459101037,0.0308879765339051,0.0071310089154768,-0.0044152000094242,0.0198086265456939,3,5,1000,1,0.5868730524319197,goal3,True,True,False
standard_cv,eeg_oddball_goal3,eeg,,oddball,conformer__standard_only__mean_std__none,0,demographics_eeg_deep,demographics,demographics_eeg_deep_vs_demographics,1820,0.0152309985096872,0.0001780500832665,0.0309156159347131,0.010362444275972,-0.0041956704999322,0.0274206866448081,2,5,1000,1,0.5868730524319197,goal3,True,True,False
standard_cv,eeg_oddball_goal3,eeg,,oddball,eegnet__condition_aware__attention__none,0,demographics_eeg_deep,demographics,demographics_eeg_deep_vs_demographics,1820,0.016131960438965,0.0008148447422053,0.0310805948930668,0.0174943193652009,0.001401861150748,0.0351004530761553,3,5,1000,1,0.5868730524319197,goal3,True,True,False
standard_cv,eeg_oddball_goal3,eeg,,oddball,eegnet__standard_only__mean_std__none,0,demographics_eeg_deep,demographics,demographics_eeg_deep_vs_demographics,1820,0.0151944181005285,0.0019701200289924,0.030868194863001,0.0110406954356489,-0.0013697519779186,0.025574006317733,4,5,1000,1,0.5868730524319197,goal3,True,True,True
standard_cv,eeg_oddball_goal3,eeg,,oddball,eegnet__target_only__mean_std__none,0,demographics_eeg_deep,demographics,demographics_eeg_deep_vs_demographics,1820,0.0151266766020865,0.000317986256477,0.0307040596811077,0.0118272615975257,-0.0033747349977444,0.0285769425432877,3,5,1000,1,0.5868730524319197,goal3,True,True,False
standard_cv,eeg_oddball_goal3,eeg,,oddball,inceptiontime__standard_only__mean_std__none,0,demographics_eeg_deep,demographics,demographics_eeg_deep_vs_demographics,1820,0.0170667931174639,0.0028875923348293,0.0317642243139713,0.0128565306569808,-0.0006340800930292,0.0288765210467806,4,5,1000,1,0.5868730524319197,goal3,True,True,True
