L_id,task,status,error,windows,rejected_windows
L10,oddball,ok,,22,3
L100,oddball,ok,,22,3
L1000,oddball,ok,,25,0
L101,oddball,ok,,24,1
L102,oddball,ok,,24,0
L103,oddball,ok,,24,0
L104,oddball,ok,,23,0
L105,oddball,ok,,25,0
L106,oddball,ok,,23,1
L107,oddball,ok,,16,8
L108,oddball,ok,,23,0
L109,oddball,ok,,25,0
L11,oddball,ok,,24,1
L110,oddball,ok,,21,0
L111,oddball,ok,,24,0
L112,oddball,ok,,25,0
L113,oddball,ok,,25,0
L114,oddball,ok,,25,0
L115,oddball,ok,,14,11
L116,oddball,ok,,20,5
L117,oddball,ok,,25,0
L118,oddball,ok,,25,0
L119,oddball,ok,,22,0
L12,oddball,ok,,24,1
L120,oddball,ok,,24,0
L121,oddball,ok,,21,0
L122,oddball,ok,,25,0
L124,oddball,ok,,20,0
L125,oddball,ok,,25,0
L126,oddball,ok,,25,0
L127,oddball,ok,,24,1
L128,oddball,ok,,5,0
L129,oddball,ok,,23,0
L130,oddball,ok,,24,0
L131,oddball,ok,,25,0
L132,oddball,ok,,25,0
L133,oddball,ok,,20,5
L134,oddball,ok,,5,0
L135,oddball,ok,,23,0
L1351,oddball,ok,,24,1
L1352,oddball,ok,,24,0
L1353,oddball,ok,,25,0
L1354,oddball,ok,,23,0
L1355,oddball,ok,,23,0
L1356,oddball,fail,no_valid_windows,0,0
L1357,oddball,ok,,23,0
L1358,oddball,ok,,25,0
L136,oddball,ok,,23,1
L1360,oddball,ok,,24,1
L1361,oddball,fail,IndexError('list index out of range'),0,0
L1362,oddball,ok,,25,0
L1363,oddball,ok,,25,0
L1367,oddball,ok,,25,0
L1368,oddball,ok,,25,0
L137,oddball,ok,,25,0
L1370,oddball,fail,IndexError('list index out of range'),0,0
L1371,oddball,ok,,22,3
L1373,oddball,ok,,25,0
L1374,oddball,ok,,24,1
L1375,oddball,ok,,23,2
L1376,oddball,ok,,25,0
L1377,oddball,ok,,23,2
L1378,oddball,ok,,20,4
L1379,oddball,ok,,24,0
L138,oddball,ok,,23,2
L1380,oddball,ok,,17,8
L1381,oddball,ok,,21,3
L1382,oddball,ok,,19,1
L1383,oddball,ok,,24,0
L1384,oddball,ok,,23,2
L1385,oddball,ok,,21,4
L1386,oddball,fail,no_valid_windows,0,0
L1387,oddball,ok,,24,0
L1388,oddball,ok,,23,1
L1389,oddball,ok,,23,1
L139,oddball,ok,,25,0
L1390,oddball,ok,,23,2
L1391,oddball,ok,,25,0
L1392,oddball,ok,,24,0
L1393,oddball,ok,,16,2
L1394,oddball,ok,,23,2
L14,oddball,ok,,20,5
L140,oddball,ok,,25,0
L1401,oddball,ok,,24,1
L1403,oddball,ok,,23,1
L1406,oddball,ok,,25,0
L1407,oddball,ok,,23,2
L1408,oddball,ok,,10,15
L1409,oddball,ok,,22,3
L141,oddball,ok,,24,0
L1410,oddball,ok,,23,0
L1414,oddball,ok,,23,1
L1418,oddball,ok,,23,1
L142,oddball,ok,,23,1
L1425,oddball,ok,,14,11
L1427,oddball,fail,IndexError('list index out of range'),0,0
L1428,oddball,ok,,25,0
L1429,oddball,ok,,21,2
L143,oddball,ok,,23,0
L1430,oddball,ok,,24,1
L1431,oddball,ok,,25,0
L1432,oddball,ok,,24,1
L1433,oddball,ok,,20,5
L1434,oddball,ok,,24,0
L1436,oddball,ok,,17,8
L1438,oddball,ok,,23,2
L1439,oddball,ok,,25,0
L144,oddball,ok,,25,0
L1440,oddball,fail,no_valid_windows,0,0
L1441,oddball,ok,,25,0
L1442,oddball,ok,,22,3
L1443,oddball,ok,,25,0
L1445,oddball,ok,,25,0
L1446,oddball,ok,,23,0
L1447,oddball,ok,,22,3
L1448,oddball,ok,,18,6
L1449,oddball,ok,,24,1
L145,oddball,ok,,17,3
L1450,oddball,ok,,25,0
L1451,oddball,ok,,23,2
L1452,oddball,ok,,22,3
L1453,oddball,ok,,19,6
L1454,oddball,ok,,21,4
L1455,oddball,ok,,21,4
L1456,oddball,ok,,25,0
L1457,oddball,ok,,24,0
L1458,oddball,ok,,23,0
L1459,oddball,ok,,25,0
L146,oddball,ok,,24,0
L1460,oddball,ok,,20,0
L1461,oddball,ok,,24,1
L1462,oddball,ok,,22,3
L1463,oddball,ok,,16,4
L1464,oddball,ok,,25,0
L1465,oddball,ok,,24,0
L1466,oddball,ok,,23,2
L1467,oddball,ok,,13,7
L1468,oddball,ok,,22,2
L1469,oddball,ok,,25,0
L147,oddball,ok,,24,1
L1470,oddball,ok,,18,2
L1471,oddball,ok,,25,0
L1472,oddball,ok,,23,2
L1473,oddball,ok,,23,2
L1474,oddball,ok,,23,1
L1475,oddball,ok,,21,4
L1476,oddball,ok,,20,0
L1477,oddball,ok,,24,1
L1478,oddball,ok,,23,1
L1479,oddball,ok,,22,3
L148,oddball,ok,,25,0
L1480,oddball,ok,,21,4
L1483,oddball,ok,,24,1
L1484,oddball,ok,,21,4
L1485,oddball,ok,,23,1
L1486,oddball,ok,,24,1
L1487,oddball,ok,,25,0
L1488,oddball,ok,,21,4
L149,oddball,ok,,21,4
L1492,oddball,ok,,25,0
L1493,oddball,ok,,24,0
L1494,oddball,ok,,15,0
L1495,oddball,ok,,25,0
L1496,oddball,ok,,25,0
L1497,oddball,ok,,23,1
L1498,oddball,ok,,24,1
L1499,oddball,ok,,24,1
L15,oddball,ok,,23,2
L150,oddball,ok,,20,0
L1500,oddball,ok,,21,0
L1502,oddball,ok,,23,2
L1503,oddball,ok,,19,6
L1504,oddball,ok,,25,0
L1505,oddball,ok,,25,0
L1506,oddball,ok,,23,2
L1507,oddball,ok,,25,0
L1508,oddball,ok,,24,1
L1509,oddball,ok,,25,0
L151,oddball,ok,,23,0
L1511,oddball,ok,,24,1
L1512,oddball,ok,,21,2
L1513,oddball,ok,,24,0
L1514,oddball,ok,,23,1
L1515,oddball,ok,,22,0
L1516,oddball,ok,,23,2
L1517,oddball,ok,,25,0
L1518,oddball,ok,,22,2
L1519,oddball,ok,,22,2
L152,oddball,ok,,19,1
L1520,oddball,ok,,25,0
L1521,oddball,ok,,22,0
L1522,oddball,ok,,20,0
L1523,oddball,ok,,25,0
L1524,oddball,ok,,25,0
L1527,oddball,ok,,23,2
L153,oddball,ok,,24,0
L1532,oddball,ok,,23,0
L1539,oddball,ok,,18,6
L154,oddball,ok,,25,0
L1540,oddball,ok,,19,6
L1541,oddball,ok,,25,0
L1542,oddball,ok,,25,0
L1543,oddball,ok,,25,0
L1544,oddball,ok,,25,0
L1545,oddball,ok,,25,0
L1546,oddball,ok,,25,0
L1547,oddball,ok,,24,1
L1548,oddball,ok,,25,0
L1549,oddball,ok,,17,4
L155,oddball,ok,,24,0
L1550,oddball,ok,,25,0
L1551,oddball,ok,,24,0
L1552,oddball,ok,,25,0
L1553,oddball,ok,,24,1
L1554,oddball,ok,,25,0
L1555,oddball,ok,,25,0
L1556,oddball,ok,,21,3
L1557,oddball,ok,,24,0
L1558,oddball,ok,,22,3
L1560,oddball,ok,,24,1
L1562,oddball,ok,,25,0
L1564,oddball,ok,,23,2
L1565,oddball,ok,,23,2
L1566,oddball,ok,,25,0
L1567,oddball,ok,,24,1
L1568,oddball,ok,,25,0
L1569,oddball,ok,,24,0
L157,oddball,ok,,23,1
L1570,oddball,ok,,24,0
L1571,oddball,ok,,22,1
L1572,oddball,ok,,23,0
L1573,oddball,ok,,24,1
L1574,oddball,ok,,22,3
L1575,oddball,ok,,23,1
L1576,oddball,ok,,22,2
L1577,oddball,ok,,25,0
L1578,oddball,ok,,25,0
L1579,oddball,ok,,25,0
L158,oddball,ok,,24,1
L1580,oddball,ok,,21,3
L1581,oddball,ok,,21,3
L1582,oddball,ok,,25,0
L1583,oddball,ok,,25,0
L1584,oddball,ok,,24,0
L1585,oddball,ok,,17,3
L1586,oddball,ok,,25,0
L1587,oddball,ok,,25,0
L1588,oddball,ok,,22,2
L1589,oddball,ok,,25,0
L159,oddball,ok,,25,0
L1590,oddball,ok,,24,1
L1591,oddball,ok,,25,0
L1592,oddball,ok,,22,0
L1593,oddball,ok,,25,0
L1594,oddball,ok,,25,0
L1595,oddball,ok,,23,2
L1596,oddball,ok,,25,0
L1597,oddball,ok,,20,5
L1598,oddball,ok,,25,0
L16,oddball,ok,,25,0
L160,oddball,ok,,24,0
L1600,oddball,ok,,24,1
L1601,oddball,ok,,25,0
L1602,oddball,ok,,21,4
L1603,oddball,ok,,25,0
L1604,oddball,ok,,22,0
L1606,oddball,ok,,25,0
L1608,oddball,ok,,23,1
L1609,oddball,ok,,22,2
L161,oddball,ok,,23,2
L1610,oddball,ok,,23,1
L1611,oddball,ok,,22,1
L1612,oddball,ok,,24,0
L1613,oddball,ok,,18,2
L1615,oddball,ok,,24,1
L1616,oddball,ok,,25,0
L1618,oddball,ok,,25,0
L1619,oddball,ok,,24,1
L162,oddball,ok,,25,0
L1620,oddball,ok,,25,0
L1621,oddball,ok,,25,0
L1622,oddball,ok,,25,0
L1623,oddball,ok,,25,0
L1624,oddball,ok,,24,0
L1625,oddball,ok,,22,3
L1626,oddball,ok,,3,27
L1627,oddball,ok,,24,0
L1628,oddball,ok,,24,1
L1629,oddball,ok,,20,2
L163,oddball,ok,,22,2
L1630,oddball,ok,,20,5
L1631,oddball,ok,,25,0
L1632,oddball,ok,,22,3
L1633,oddball,ok,,22,2
L1634,oddball,ok,,23,2
L1635,oddball,ok,,23,2
L1636,oddball,ok,,24,1
L1637,oddball,ok,,25,0
L1638,oddball,ok,,25,0
L1639,oddball,ok,,23,0
L164,oddball,ok,,24,0
L1641,oddball,ok,,23,1
L1642,oddball,ok,,24,1
L1643,oddball,ok,,21,3
L1644,oddball,ok,,20,4
L1645,oddball,ok,,24,0
L1648,oddball,ok,,24,0
L1649,oddball,ok,,22,3
L1650,oddball,ok,,25,0
L1651,oddball,ok,,23,0
L1652,oddball,ok,,25,0
L1654,oddball,ok,,21,2
L1655,oddball,ok,,24,1
L1656,oddball,ok,,24,1
L1657,oddball,ok,,25,0
L1658,oddball,ok,,25,0
L1659,oddball,ok,,24,1
L1660,oddball,ok,,22,2
L1662,oddball,ok,,24,1
L1663,oddball,ok,,25,0
L1664,oddball,ok,,22,3
L1666,oddball,ok,,25,0
L1667,oddball,ok,,25,0
L1668,oddball,ok,,24,1
L167,oddball,ok,,25,0
L1671,oddball,ok,,25,0
L1672,oddball,ok,,25,0
L1673,oddball,ok,,25,0
L1674,oddball,ok,,22,2
L1675,oddball,ok,,23,1
L1676,oddball,ok,,25,0
L1677,oddball,ok,,25,0
L1678,oddball,ok,,24,1
L1679,oddball,ok,,19,3
L168,oddball,ok,,14,11
L1681,oddball,ok,,25,0
L1683,oddball,ok,,24,0
L1684,oddball,ok,,23,2
L1685,oddball,ok,,24,1
L1686,oddball,ok,,23,1
L1688,oddball,ok,,24,0
L1689,oddball,ok,,25,0
L169,oddball,ok,,19,5
L1694,oddball,ok,,23,0
L1695,oddball,ok,,25,0
L1697,oddball,ok,,23,0
L1698,oddball,ok,,22,1
L1699,oddball,ok,,13,11
L17,oddball,ok,,24,1
L170,oddball,ok,,22,1
L1701,oddball,ok,,23,0
L1702,oddball,ok,,23,1
L1703,oddball,ok,,24,0
L1704,oddball,ok,,24,0
L1706,oddball,ok,,25,0
L1707,oddball,ok,,24,1
L1708,oddball,ok,,24,1
L1709,oddball,ok,,24,1
L171,oddball,ok,,22,1
L1710,oddball,ok,,20,1
L1712,oddball,ok,,23,1
L1714,oddball,ok,,24,0
L1715,oddball,ok,,24,1
L1716,oddball,ok,,25,0
L1718,oddball,ok,,23,0
L1719,oddball,ok,,24,0
L172,oddball,ok,,25,0
L1720,oddball,ok,,23,1
L1722,oddball,ok,,20,0
L1723,oddball,ok,,24,0
L1725,oddball,ok,,25,0
L1726,oddball,ok,,24,0
L1727,oddball,ok,,24,0
L1728,oddball,ok,,20,0
L1729,oddball,ok,,24,0
L173,oddball,ok,,24,1
L1731,oddball,ok,,23,0
L1732,oddball,ok,,25,0
L1733,oddball,ok,,25,0
L1734,oddball,ok,,25,0
L1736,oddball,ok,,24,1
L1737,oddball,ok,,21,4
L1738,oddball,ok,,25,0
L174,oddball,ok,,25,0
L1740,oddball,ok,,23,1
L1741,oddball,ok,,23,1
L1742,oddball,ok,,25,0
L1743,oddball,ok,,25,0
L1744,oddball,ok,,25,0
L1745,oddball,ok,,24,0
L1746,oddball,ok,,22,1
L1747,oddball,ok,,24,0
L1748,oddball,ok,,24,0
L1749,oddball,ok,,25,0
L175,oddball,ok,,23,0
L1750,oddball,ok,,24,0
L1751,oddball,ok,,25,0
L1753,oddball,ok,,24,0
L1755,oddball,ok,,22,2
L1756,oddball,ok,,25,0
L1757,oddball,ok,,22,3
L1758,oddball,ok,,24,0
L1759,oddball,ok,,24,0
L176,oddball,ok,,25,0
L1760,oddball,ok,,25,0
L1761,oddball,ok,,21,2
L1762,oddball,ok,,24,1
L1763,oddball,ok,,25,0
L1764,oddball,ok,,23,0
L1765,oddball,ok,,25,0
L1766,oddball,ok,,22,3
L1767,oddball,ok,,23,1
L1768,oddball,ok,,25,0
L1769,oddball,ok,,22,3
L177,oddball,ok,,22,0
L1770,oddball,ok,,22,2
L1771,oddball,ok,,25,0
L1773,oddball,ok,,24,1
L1774,oddball,ok,,24,1
L1775,oddball,ok,,24,0
L1776,oddball,ok,,22,3
L1777,oddball,ok,,24,0
L1778,oddball,ok,,23,2
L178,oddball,ok,,24,1
L1782,oddball,ok,,25,0
L1783,oddball,ok,,25,0
L1784,oddball,ok,,25,0
L1788,oddball,ok,,24,0
L1789,oddball,ok,,23,1
L179,oddball,ok,,22,3
L1790,oddball,ok,,21,4
L1791,oddball,ok,,22,2
L1795,oddball,ok,,20,3
L1798,oddball,ok,,25,0
L1799,oddball,ok,,25,0
L18,oddball,ok,,24,1
L180,oddball,ok,,3,22
L1800,oddball,ok,,24,1
L1802,oddball,ok,,25,0
L1803,oddball,fail,IndexError('list index out of range'),0,0
L1804,oddball,ok,,25,0
L1805,oddball,ok,,25,0
L1806,oddball,ok,,24,1
L1807,oddball,ok,,25,0
L1808,oddball,ok,,24,1
L1809,oddball,ok,,24,0
L181,oddball,ok,,24,0
L1810,oddball,ok,,24,0
L1811,oddball,ok,,23,2
L1812,oddball,ok,,25,0
L1813,oddball,ok,,23,2
L1814,oddball,ok,,25,0
L1816,oddball,ok,,22,1
L1817,oddball,ok,,23,0
L1818,oddball,ok,,23,1
L1819,oddball,fail,no_valid_windows,0,22
L182,oddball,ok,,23,0
L1820,oddball,ok,,17,8
L1821,oddball,ok,,24,0
L1822,oddball,ok,,25,0
L1823,oddball,ok,,14,11
L1824,oddball,ok,,20,0
L1825,oddball,ok,,8,17
L1826,oddball,ok,,23,2
L1827,oddball,ok,,6,18
L1829,oddball,ok,,20,3
L183,oddball,ok,,24,0
L1830,oddball,ok,,19,3
L1831,oddball,ok,,23,0
L1832,oddball,ok,,22,1
L1833,oddball,ok,,25,0
L1834,oddball,ok,,25,0
L1835,oddball,ok,,25,0
L1836,oddball,ok,,23,0
L1837,oddball,ok,,22,2
L1838,oddball,ok,,22,2
L1839,oddball,ok,,22,3
L184,oddball,ok,,24,1
L1840,oddball,ok,,25,0
L1841,oddball,fail,IndexError('list index out of range'),0,0
L1842,oddball,ok,,13,12
L1846,oddball,ok,,21,2
L1847,oddball,ok,,24,0
L1848,oddball,ok,,22,3
L1849,oddball,ok,,23,2
L1850,oddball,ok,,25,0
L1851,oddball,ok,,24,0
L1852,oddball,ok,,23,0
L1853,oddball,ok,,25,0
L1854,oddball,ok,,17,7
L1855,oddball,ok,,25,0
L1856,oddball,ok,,22,3
L1857,oddball,ok,,25,0
L1858,oddball,ok,,20,3
L1859,oddball,ok,,24,0
L186,oddball,ok,,20,0
L1860,oddball,ok,,23,0
L1862,oddball,ok,,24,1
L1863,oddball,ok,,20,0
L1864,oddball,ok,,24,1
L1865,oddball,ok,,25,0
L1866,oddball,ok,,23,2
L1867,oddball,ok,,1,20
L1868,oddball,ok,,25,0
L187,oddball,ok,,18,6
L1871,oddball,ok,,23,0
L1872,oddball,ok,,25,0
L1874,oddball,ok,,25,0
L1875,oddball,ok,,23,2
L1876,oddball,ok,,22,1
L1877,oddball,ok,,22,0
L1878,oddball,ok,,23,1
L1879,oddball,ok,,24,0
L1880,oddball,ok,,25,0
L1881,oddball,ok,,25,0
L1882,oddball,ok,,25,0
L1883,oddball,ok,,12,13
L1884,oddball,ok,,20,0
L189,oddball,ok,,20,0
L1891,oddball,ok,,23,1
L1892,oddball,ok,,20,4
L1893,oddball,ok,,23,0
L1894,oddball,ok,,24,0
L1895,oddball,ok,,23,0
L1896,oddball,ok,,20,3
L1897,oddball,ok,,24,0
L1898,oddball,ok,,22,1
L1899,oddball,ok,,21,2
L19,oddball,ok,,25,0
L190,oddball,ok,,22,1
L1901,oddball,ok,,25,0
L1902,oddball,fail,no_valid_windows,0,25
L1903,oddball,ok,,23,0
L1904,oddball,fail,no_valid_windows,0,10
L1905,oddball,ok,,24,1
L1906,oddball,ok,,22,1
L1907,oddball,ok,,24,0
L1908,oddball,ok,,23,0
L1909,oddball,ok,,15,7
L191,oddball,ok,,24,0
L1910,oddball,ok,,18,6
L1911,oddball,ok,,21,4
L192,oddball,ok,,23,1
L194,oddball,ok,,24,1
L195,oddball,ok,,22,3
L196,oddball,ok,,23,1
L198,oddball,ok,,9,12
L199,oddball,ok,,25,0
L200,oddball,ok,,25,0
L201,oddball,ok,,23,0
L202,oddball,ok,,23,1
L203,oddball,ok,,19,5
L205,oddball,ok,,24,1
L2058,oddball,ok,,24,0
L206,oddball,ok,,25,0
L207,oddball,ok,,25,0
L208,oddball,ok,,16,4
L209,oddball,ok,,25,0
L21,oddball,ok,,23,1
L210,oddball,ok,,24,0
L211,oddball,ok,,24,1
L212,oddball,ok,,25,0
L213,oddball,ok,,7,18
L214,oddball,ok,,25,0
L216,oddball,ok,,23,2
L217,oddball,ok,,24,0
L218,oddball,ok,,22,3
L219,oddball,ok,,25,0
L22,oddball,ok,,25,0
L220,oddball,ok,,25,0
L221,oddball,ok,,25,0
L222,oddball,ok,,24,0
L223,oddball,ok,,23,2
L225,oddball,ok,,22,3
L226,oddball,ok,,24,0
L227,oddball,ok,,24,0
L228,oddball,ok,,25,0
L24,oddball,ok,,25,0
L242,oddball,ok,,24,0
L243,oddball,ok,,20,5
L244,oddball,ok,,18,6
L246,oddball,ok,,25,0
L247,oddball,ok,,23,1
L248,oddball,ok,,25,0
L249,oddball,ok,,17,7
L2499,oddball,ok,,22,3
L250,oddball,ok,,23,1
L2506,oddball,ok,,24,0
L251,oddball,ok,,21,3
L2510,oddball,ok,,23,1
L2511,oddball,ok,,24,0
L2514,oddball,ok,,25,0
L2517,oddball,ok,,23,0
L2518,oddball,ok,,18,6
L252,oddball,ok,,23,1
L2520,oddball,ok,,25,0
L2521,oddball,ok,,19,6
L2524,oddball,ok,,25,0
L2525,oddball,ok,,24,1
L2527,oddball,ok,,25,0
L2528,oddball,ok,,24,1
L253,oddball,ok,,23,2
L2531,oddball,ok,,22,2
L2532,oddball,ok,,24,0
L2533,oddball,ok,,23,2
L2534,oddball,ok,,25,0
L2535,oddball,ok,,22,1
L2538,oddball,ok,,25,0
L2539,oddball,ok,,25,0
L2540,oddball,ok,,24,0
L2541,oddball,ok,,25,0
L2542,oddball,ok,,25,0
L2543,oddball,ok,,24,0
L2547,oddball,ok,,24,1
L2548,oddball,ok,,24,0
L2549,oddball,ok,,24,0
L255,oddball,ok,,22,1
L2550,oddball,ok,,21,2
L2551,oddball,ok,,25,0
L2552,oddball,ok,,25,0
L2553,oddball,ok,,23,0
L2554,oddball,ok,,22,1
L2555,oddball,ok,,24,0
L2556,oddball,ok,,23,2
L2557,oddball,ok,,25,0
L2558,oddball,ok,,24,0
L2559,oddball,ok,,25,0
L256,oddball,ok,,23,0
L2560,oddball,ok,,24,0
L2561,oddball,ok,,25,0
L2562,oddball,ok,,25,0
L2563,oddball,ok,,23,0
L2564,oddball,ok,,24,0
L2565,oddball,ok,,24,1
L2566,oddball,ok,,22,3
L2567,oddball,ok,,23,1
L2568,oddball,ok,,24,1
L2569,oddball,ok,,23,0
L257,oddball,ok,,15,10
L2570,oddball,ok,,24,0
L2571,oddball,ok,,25,0
L2572,oddball,fail,IndexError('list index out of range'),0,0
L2573,oddball,ok,,24,1
L2574,oddball,ok,,23,1
L2575,oddball,ok,,24,0
L2576,oddball,ok,,25,0
L2577,oddball,ok,,18,6
L2578,oddball,ok,,21,3
L2579,oddball,ok,,24,1
L258,oddball,ok,,23,0
L2580,oddball,ok,,24,1
L2581,oddball,ok,,23,2
L2582,oddball,ok,,24,0
L2583,oddball,ok,,22,1
L2584,oddball,ok,,25,0
L2585,oddball,ok,,24,1
L2586,oddball,ok,,25,0
L2587,oddball,ok,,25,0
L2588,oddball,ok,,24,0
L2589,oddball,ok,,25,0
L259,oddball,ok,,25,0
L2590,oddball,ok,,24,0
L2591,oddball,ok,,21,0
L2592,oddball,ok,,24,1
L2593,oddball,ok,,24,1
L2594,oddball,ok,,25,0
L2595,oddball,ok,,23,2
L2596,oddball,ok,,25,0
L2597,oddball,ok,,22,1
L2598,oddball,ok,,24,0
L2599,oddball,ok,,20,2
L26,oddball,ok,,23,2
L260,oddball,ok,,13,12
L2600,oddball,ok,,19,0
L2601,oddball,ok,,24,0
L2602,oddball,ok,,25,0
L2603,oddball,ok,,23,2
L2604,oddball,ok,,19,5
L2605,oddball,ok,,25,0
L2606,oddball,ok,,25,0
L2607,oddball,ok,,25,0
L2608,oddball,ok,,20,5
L261,oddball,ok,,25,0
L2610,oddball,ok,,24,0
L2613,oddball,ok,,25,0
L2614,oddball,ok,,21,4
L2616,oddball,ok,,23,1
L2618,oddball,ok,,24,0
L2619,oddball,ok,,21,0
L262,oddball,ok,,18,4
L2622,oddball,ok,,25,0
L2623,oddball,ok,,23,0
L2624,oddball,ok,,23,0
L2627,oddball,ok,,23,2
L2628,oddball,ok,,24,0
L2629,oddball,ok,,20,4
L263,oddball,ok,,23,0
L2630,oddball,ok,,24,0
L2631,oddball,ok,,24,0
L2633,oddball,ok,,24,0
L2634,oddball,ok,,23,0
L2635,oddball,ok,,25,0
L2636,oddball,ok,,25,0
L2637,oddball,ok,,24,0
L264,oddball,ok,,25,0
L2640,oddball,ok,,23,1
L2644,oddball,ok,,25,0
L2645,oddball,ok,,19,6
L2646,oddball,ok,,25,0
L2647,oddball,ok,,15,10
L2648,oddball,ok,,21,0
L2649,oddball,ok,,24,0
L2650,oddball,ok,,25,0
L2651,oddball,ok,,22,2
L2652,oddball,ok,,24,0
L2653,oddball,ok,,24,0
L2654,oddball,ok,,23,0
L2655,oddball,ok,,25,0
L2656,oddball,ok,,23,1
L2657,oddball,ok,,24,0
L2658,oddball,ok,,25,0
L2659,oddball,ok,,22,3
L2660,oddball,ok,,24,1
L2662,oddball,ok,,21,3
L2663,oddball,ok,,25,0
L2664,oddball,ok,,24,0
L2665,oddball,ok,,24,0
L2666,oddball,ok,,21,0
L2667,oddball,ok,,23,2
L2668,oddball,ok,,24,1
L2669,oddball,ok,,23,2
L2670,oddball,ok,,24,0
L2671,oddball,ok,,24,0
L2672,oddball,ok,,22,2
L2673,oddball,ok,,25,0
L2674,oddball,ok,,25,0
L2675,oddball,ok,,25,0
L2676,oddball,ok,,24,1
L2677,oddball,ok,,25,0
L2678,oddball,ok,,24,1
L2679,oddball,ok,,25,0
L2681,oddball,ok,,25,0
L2682,oddball,ok,,16,8
L2683,oddball,ok,,25,0
L2684,oddball,ok,,23,2
L2685,oddball,ok,,19,4
L2686,oddball,ok,,25,0
L2687,oddball,ok,,18,6
L2688,oddball,ok,,15,10
L2689,oddball,ok,,24,1
L2690,oddball,ok,,24,0
L2691,oddball,ok,,24,0
L2692,oddball,ok,,25,0
L2693,oddball,ok,,23,1
L2694,oddball,ok,,23,0
L2695,oddball,ok,,23,0
L2696,oddball,ok,,24,0
L2705,oddball,ok,,23,0
L2706,oddball,ok,,20,5
L2707,oddball,ok,,22,2
L2708,oddball,ok,,24,0
L2709,oddball,ok,,18,7
L2710,oddball,ok,,15,9
L2711,oddball,ok,,24,0
L2712,oddball,ok,,21,3
L2714,oddball,ok,,20,5
L2715,oddball,ok,,23,2
L2716,oddball,ok,,25,0
L2717,oddball,ok,,24,0
L2718,oddball,ok,,24,0
L2719,oddball,ok,,24,0
L2720,oddball,ok,,23,1
L2721,oddball,ok,,25,0
L2722,oddball,ok,,25,0
L2723,oddball,ok,,23,0
L2724,oddball,ok,,20,4
L2725,oddball,ok,,20,0
L2726,oddball,ok,,24,1
L2727,oddball,ok,,24,1
L2728,oddball,ok,,25,0
L2729,oddball,ok,,23,0
L273,oddball,ok,,25,0
L2730,oddball,ok,,22,2
L2731,oddball,ok,,24,1
L2732,oddball,ok,,23,1
L2733,oddball,ok,,22,2
L2734,oddball,ok,,23,1
L2735,oddball,ok,,24,0
L2736,oddball,ok,,22,2
L2737,oddball,ok,,20,0
L2738,oddball,ok,,24,0
L2739,oddball,ok,,24,0
L274,oddball,ok,,24,1
L2740,oddball,ok,,23,0
L2741,oddball,ok,,21,3
L2742,oddball,ok,,21,2
L2743,oddball,ok,,25,0
L2744,oddball,ok,,19,5
L2745,oddball,ok,,21,0
L2746,oddball,ok,,21,4
L2747,oddball,ok,,24,1
L2748,oddball,ok,,25,0
L2749,oddball,ok,,22,2
L275,oddball,ok,,22,3
L2750,oddball,ok,,21,0
L2751,oddball,ok,,25,0
L2752,oddball,ok,,23,0
L2753,oddball,ok,,24,0
L2754,oddball,ok,,25,0
L2755,oddball,ok,,24,0
L2756,oddball,ok,,24,0
L2757,oddball,ok,,25,0
L2758,oddball,ok,,22,2
L2759,oddball,ok,,23,0
L276,oddball,ok,,25,0
L2760,oddball,ok,,23,2
L2761,oddball,ok,,24,1
L2762,oddball,ok,,23,1
L2763,oddball,ok,,24,0
L2764,oddball,ok,,25,0
L2766,oddball,ok,,24,0
L2767,oddball,ok,,23,2
L2768,oddball,ok,,23,1
L277,oddball,ok,,24,1
L2770,oddball,ok,,23,0
L2771,oddball,ok,,25,0
L2772,oddball,ok,,22,2
L2773,oddball,ok,,23,0
L2775,oddball,ok,,25,0
L2776,oddball,ok,,19,6
L2777,oddball,ok,,24,0
L2778,oddball,ok,,24,0
L2779,oddball,ok,,25,0
L2780,oddball,ok,,24,0
L2782,oddball,ok,,25,0
L2783,oddball,ok,,22,1
L2784,oddball,ok,,24,0
L2785,oddball,ok,,25,0
L2786,oddball,ok,,23,2
L2787,oddball,ok,,25,0
L2788,oddball,ok,,24,1
L2789,oddball,ok,,25,0
L279,oddball,ok,,25,0
L2790,oddball,ok,,22,3
L2791,oddball,ok,,24,0
L2792,oddball,ok,,25,0
L2793,oddball,ok,,25,0
L2794,oddball,ok,,25,0
L2795,oddball,ok,,24,0
L2796,oddball,ok,,24,0
L2797,oddball,ok,,24,1
L2798,oddball,ok,,24,0
L2799,oddball,ok,,24,0
L28,oddball,ok,,24,0
L280,oddball,ok,,22,3
L2801,oddball,ok,,23,1
L2802,oddball,ok,,25,0
L2803,oddball,ok,,24,0
L2804,oddball,ok,,24,1
L2805,oddball,ok,,24,0
L2806,oddball,ok,,25,0
L2807,oddball,ok,,25,0
L2808,oddball,ok,,24,0
L2809,oddball,ok,,23,0
L281,oddball,ok,,23,2
L2810,oddball,ok,,25,0
L2811,oddball,ok,,25,0
L2812,oddball,ok,,23,0
L2813,oddball,ok,,23,0
L2814,oddball,ok,,25,0
L2817,oddball,ok,,23,2
L2818,oddball,ok,,24,1
L2819,oddball,ok,,25,0
L282,oddball,ok,,15,5
L2820,oddball,ok,,21,4
L2821,oddball,ok,,25,0
L2822,oddball,ok,,25,0
L2823,oddball,ok,,25,0
L2824,oddball,ok,,25,0
L2825,oddball,ok,,25,0
L2827,oddball,ok,,25,0
L283,oddball,ok,,16,7
L2830,oddball,ok,,25,0
L2832,oddball,ok,,25,0
L2835,oddball,ok,,25,0
L2836,oddball,ok,,23,1
L2837,oddball,ok,,25,0
L2838,oddball,ok,,24,0
L2839,oddball,ok,,23,2
L2840,oddball,ok,,25,0
L2841,oddball,ok,,24,0
L2842,oddball,ok,,18,4
L2843,oddball,ok,,25,0
L2844,oddball,ok,,18,7
L2845,oddball,ok,,23,2
L2846,oddball,ok,,24,0
L2847,oddball,ok,,25,0
L2848,oddball,ok,,24,0
L2849,oddball,ok,,15,0
L2850,oddball,ok,,25,0
L2851,oddball,ok,,24,0
L2852,oddball,ok,,24,1
L2853,oddball,ok,,24,0
L2854,oddball,ok,,24,0
L2855,oddball,ok,,20,0
L286,oddball,ok,,25,0
L2862,oddball,ok,,25,0
L2866,oddball,ok,,23,0
L2867,oddball,ok,,26,0
L2868,oddball,ok,,25,0
L287,oddball,ok,,22,1
L2870,oddball,ok,,22,2
L2871,oddball,ok,,23,0
L2872,oddball,ok,,24,0
L2873,oddball,ok,,25,0
L2874,oddball,ok,,21,3
L2875,oddball,ok,,25,0
L2876,oddball,ok,,25,0
L2877,oddball,ok,,25,0
L2878,oddball,ok,,23,2
L2879,oddball,ok,,24,0
L2880,oddball,ok,,24,0
L2881,oddball,ok,,24,0
L2882,oddball,ok,,25,0
L2883,oddball,ok,,24,0
L2884,oddball,ok,,25,0
L2886,oddball,ok,,24,0
L289,oddball,ok,,24,1
L2890,oddball,ok,,23,0
L2891,oddball,ok,,25,0
L2893,oddball,ok,,25,0
L2894,oddball,ok,,25,0
L2895,oddball,ok,,25,0
L2897,oddball,ok,,25,0
L2898,oddball,ok,,24,1
L2899,oddball,ok,,15,9
L29,oddball,ok,,24,1
L2900,oddball,ok,,25,0
L2901,oddball,ok,,22,2
L2902,oddball,ok,,14,10
L2903,oddball,ok,,24,1
L2904,oddball,ok,,25,0
L2905,oddball,ok,,25,0
L2906,oddball,ok,,24,0
L2908,oddball,ok,,22,2
L2909,oddball,ok,,25,0
L2911,oddball,ok,,25,0
L2913,oddball,ok,,17,7
L2914,oddball,ok,,24,0
L2915,oddball,ok,,23,1
L2916,oddball,ok,,25,0
L2917,oddball,ok,,24,0
L2918,oddball,ok,,15,9
L2919,oddball,ok,,25,0
L292,oddball,ok,,21,2
L2920,oddball,ok,,24,0
L2921,oddball,ok,,25,0
L2922,oddball,ok,,24,0
L2924,oddball,ok,,23,0
L2925,oddball,ok,,23,0
L293,oddball,ok,,25,0
L2930,oddball,ok,,22,3
L2931,oddball,ok,,22,3
L2932,oddball,ok,,1,22
L2933,oddball,ok,,24,0
L2934,oddball,ok,,25,0
L2935,oddball,ok,,23,1
L2937,oddball,ok,,24,0
L2939,oddball,ok,,20,5
L294,oddball,ok,,23,0
L2943,oddball,ok,,25,0
L2945,oddball,ok,,22,1
L2946,oddball,ok,,24,0
L2948,oddball,ok,,24,1
L2949,oddball,ok,,25,0
L295,oddball,ok,,24,0
L2950,oddball,ok,,23,0
L2953,oddball,ok,,24,0
L2954,oddball,ok,,22,2
L2955,oddball,ok,,22,0
L2956,oddball,ok,,23,1
L296,oddball,ok,,25,0
L2961,oddball,fail,IndexError('list index out of range'),0,0
L2962,oddball,ok,,24,0
L2965,oddball,ok,,22,2
L2966,oddball,ok,,24,0
L2969,oddball,ok,,23,2
L297,oddball,ok,,24,0
L2970,oddball,ok,,24,1
L2971,oddball,ok,,24,0
L2973,oddball,ok,,21,3
L2974,oddball,ok,,10,14
L2976,oddball,ok,,18,5
L2977,oddball,ok,,23,0
L2978,oddball,ok,,17,7
L2979,oddball,ok,,21,4
L298,oddball,ok,,24,0
L2980,oddball,ok,,23,1
L2983,oddball,ok,,19,5
L2984,oddball,ok,,24,0
L2985,oddball,ok,,24,1
L2986,oddball,ok,,24,0
L2987,oddball,ok,,24,0
L2988,oddball,ok,,24,1
L2989,oddball,ok,,23,0
L299,oddball,ok,,25,0
L2990,oddball,ok,,18,7
L2991,oddball,fail,no_valid_windows,0,0
L2995,oddball,ok,,21,1
L2996,oddball,ok,,25,0
L2997,oddball,ok,,24,1
L2998,oddball,ok,,24,0
L2999,oddball,ok,,24,1
L30,oddball,ok,,25,0
L300,oddball,ok,,25,0
L3001,oddball,ok,,20,5
L3002,oddball,ok,,24,1
L3004,oddball,ok,,22,2
L3006,oddball,ok,,16,9
L3007,oddball,ok,,25,0
L3010,oddball,ok,,17,8
L3011,oddball,ok,,23,2
L3019,oddball,ok,,25,0
L302,oddball,ok,,23,1
L3021,oddball,ok,,17,3
L3022,oddball,ok,,23,2
L3023,oddball,ok,,24,1
L3024,oddball,ok,,24,0
L3025,oddball,ok,,24,0
L3026,oddball,ok,,22,2
L3027,oddball,ok,,24,0
L3028,oddball,ok,,25,0
L3029,oddball,ok,,22,2
L304,oddball,ok,,22,2
L305,oddball,ok,,25,0
L3051,oddball,ok,,22,3
L3053,oddball,ok,,24,0
L3055,oddball,ok,,23,1
L3056,oddball,ok,,25,0
L3057,oddball,ok,,16,9
L3058,oddball,ok,,25,0
L3059,oddball,ok,,25,0
L3060,oddball,ok,,17,6
L3062,oddball,ok,,20,1
L3063,oddball,ok,,24,1
L3064,oddball,ok,,25,0
L3065,oddball,ok,,19,6
L3067,oddball,ok,,24,0
L3068,oddball,ok,,23,1
L3069,oddball,ok,,6,19
L307,oddball,ok,,25,0
L3070,oddball,ok,,20,5
L3071,oddball,ok,,14,11
L3072,oddball,ok,,25,0
L3074,oddball,ok,,20,5
L3075,oddball,ok,,24,1
L3076,oddball,ok,,24,0
L3077,oddball,ok,,24,0
L3078,oddball,ok,,24,0
L3079,oddball,ok,,19,0
L3080,oddball,ok,,25,0
L3081,oddball,ok,,23,2
L3082,oddball,ok,,24,0
L3083,oddball,ok,,22,2
L3084,oddball,ok,,24,0
L3085,oddball,ok,,25,0
L3086,oddball,ok,,14,11
L3087,oddball,ok,,24,1
L3088,oddball,ok,,19,5
L3089,oddball,ok,,24,1
L309,oddball,ok,,21,4
L3090,oddball,ok,,25,0
L3091,oddball,ok,,17,8
L3092,oddball,ok,,24,1
L3093,oddball,ok,,25,0
L3094,oddball,ok,,6,19
L3095,oddball,ok,,9,13
L3096,oddball,ok,,23,1
L3097,oddball,ok,,24,0
L3098,oddball,ok,,22,2
L31,oddball,ok,,24,1
L3100,oddball,ok,,25,0
L3101,oddball,ok,,24,1
L3102,oddball,ok,,24,0
L3103,oddball,ok,,15,10
L3104,oddball,ok,,23,1
L3105,oddball,ok,,20,5
L3106,oddball,ok,,25,0
L3107,oddball,ok,,20,4
L3108,oddball,ok,,24,1
L3109,oddball,ok,,20,4
L311,oddball,ok,,20,0
L3110,oddball,ok,,22,3
L3111,oddball,ok,,25,0
L3113,oddball,ok,,22,3
L3114,oddball,ok,,18,6
L3115,oddball,ok,,22,1
L3116,oddball,ok,,23,2
L3117,oddball,ok,,24,0
L3119,oddball,ok,,25,0
L312,oddball,ok,,25,0
L3121,oddball,ok,,23,0
L3124,oddball,ok,,22,3
L3125,oddball,ok,,23,1
L3126,oddball,ok,,25,0
L3127,oddball,ok,,25,0
L3128,oddball,ok,,24,0
L3129,oddball,ok,,25,0
L313,oddball,ok,,23,0
L3130,oddball,ok,,22,2
L3131,oddball,ok,,23,1
L3132,oddball,ok,,23,0
L3133,oddball,ok,,24,1
L3134,oddball,ok,,25,0
L3135,oddball,ok,,25,0
L3136,oddball,ok,,25,0
L3137,oddball,ok,,4,20
L3141,oddball,ok,,25,0
L3145,oddball,ok,,23,1
L3147,oddball,ok,,25,0
L3148,oddball,ok,,23,0
L315,oddball,ok,,23,0
L3151,oddball,ok,,24,0
L3152,oddball,ok,,25,0
L3157,oddball,ok,,18,7
L3158,oddball,ok,,24,1
L316,oddball,ok,,25,0
L3160,oddball,ok,,20,0
L3161,oddball,ok,,24,1
L3163,oddball,ok,,23,2
L3164,oddball,ok,,25,0
L3165,oddball,ok,,24,1
L3168,oddball,ok,,20,0
L3169,oddball,ok,,25,0
L317,oddball,ok,,24,0
L3170,oddball,ok,,23,2
L3172,oddball,ok,,25,0
L3173,oddball,ok,,25,0
L3176,oddball,ok,,18,7
L3177,oddball,ok,,17,5
L3179,oddball,ok,,25,0
L318,oddball,ok,,23,1
L3180,oddball,ok,,19,4
L3182,oddball,ok,,24,1
L3184,oddball,ok,,25,0
L3185,oddball,ok,,25,0
L3186,oddball,ok,,19,6
L3187,oddball,ok,,23,1
L3189,oddball,ok,,21,1
L319,oddball,ok,,24,0
L3194,oddball,ok,,21,3
L3196,oddball,ok,,22,2
L3197,oddball,ok,,25,0
L3198,oddball,ok,,17,7
L3199,oddball,ok,,25,0
L32,oddball,ok,,25,0
L320,oddball,ok,,20,4
L3200,oddball,ok,,24,0
L3201,oddball,ok,,19,6
L3202,oddball,ok,,25,0
L3203,oddball,ok,,21,2
L3205,oddball,ok,,19,5
L3206,oddball,ok,,25,0
L3207,oddball,ok,,24,0
L3208,oddball,ok,,24,0
L3209,oddball,ok,,23,2
L3210,oddball,ok,,25,0
L3211,oddball,ok,,25,0
L322,oddball,ok,,25,0
L323,oddball,ok,,24,0
L3236,oddball,ok,,23,1
L3237,oddball,ok,,21,3
L3238,oddball,ok,,17,8
L324,oddball,ok,,24,1
L325,oddball,ok,,24,0
L326,oddball,ok,,25,0
L327,oddball,ok,,25,0
L33,oddball,ok,,22,0
L330,oddball,ok,,23,0
L331,oddball,ok,,21,2
L332,oddball,ok,,21,4
L333,oddball,ok,,24,0
L335,oddball,ok,,25,0
L336,oddball,ok,,23,2
L337,oddball,ok,,25,0
L338,oddball,ok,,25,0
L339,oddball,ok,,24,0
L34,oddball,ok,,18,6
L340,oddball,ok,,22,3
L3403,oddball,ok,,24,0
L3406,oddball,ok,,20,4
L3407,oddball,ok,,23,1
L3409,oddball,ok,,25,0
L3411,oddball,ok,,25,0
L3414,oddball,ok,,10,8
L3415,oddball,ok,,25,0
L3422,oddball,ok,,20,5
L3424,oddball,ok,,24,0
L3425,oddball,ok,,25,0
L3426,oddball,ok,,24,0
L3427,oddball,ok,,18,2
L3428,oddball,ok,,24,1
L3429,oddball,ok,,22,2
L3430,oddball,ok,,25,0
L3431,oddball,ok,,25,0
L3432,oddball,ok,,23,2
L3433,oddball,ok,,19,6
L3434,oddball,ok,,25,0
L3435,oddball,ok,,21,4
L3436,oddball,ok,,23,0
L3437,oddball,ok,,4,1
L3438,oddball,ok,,25,0
L3439,oddball,ok,,24,1
L344,oddball,ok,,21,4
L3441,oddball,ok,,21,4
L3443,oddball,ok,,25,0
L3444,oddball,ok,,23,1
L3445,oddball,ok,,25,0
L3446,oddball,ok,,25,0
L3447,oddball,ok,,24,0
L3448,oddball,ok,,22,3
L345,oddball,ok,,25,0
L3450,oddball,ok,,18,2
L3452,oddball,ok,,19,5
L3453,oddball,ok,,24,1
L346,oddball,ok,,20,5
L3463,oddball,ok,,22,3
L3464,oddball,ok,,23,1
L3465,oddball,ok,,25,0
L3467,oddball,ok,,24,1
L347,oddball,ok,,20,5
L3478,oddball,ok,,22,3
L348,oddball,ok,,22,3
L3481,oddball,ok,,24,1
L3486,oddball,ok,,25,0
L3487,oddball,ok,,21,3
L3488,oddball,ok,,24,0
L349,oddball,ok,,24,1
L3492,oddball,ok,,25,0
L3493,oddball,ok,,21,2
L3496,oddball,ok,,21,0
L3497,oddball,ok,,24,0
L3498,oddball,ok,,25,0
L3499,oddball,ok,,21,4
L350,oddball,ok,,22,1
L3500,oddball,ok,,23,1
L3501,oddball,ok,,24,0
L3502,oddball,ok,,21,2
L3503,oddball,ok,,19,1
L3505,oddball,ok,,21,2
L3506,oddball,ok,,20,0
L3507,oddball,ok,,20,4
L3509,oddball,ok,,24,0
L3510,oddball,ok,,25,0
L3512,oddball,ok,,25,0
L3514,oddball,ok,,25,0
L3516,oddball,ok,,22,3
L3517,oddball,ok,,23,2
L3518,oddball,ok,,25,0
L3519,oddball,ok,,25,0
L3520,oddball,ok,,25,0
L3522,oddball,ok,,24,0
L3528,oddball,ok,,20,4
L3529,oddball,ok,,24,0
L353,oddball,ok,,25,0
L3530,oddball,ok,,25,0
L3531,oddball,ok,,25,0
L3532,oddball,ok,,24,1
L3533,oddball,ok,,25,0
L3534,oddball,ok,,25,0
L3535,oddball,ok,,24,1
L3536,oddball,ok,,25,0
L3539,oddball,ok,,24,1
L354,oddball,ok,,20,2
L3540,oddball,ok,,25,0
L3542,oddball,ok,,25,0
L3543,oddball,ok,,23,2
L3544,oddball,ok,,25,0
L3545,oddball,ok,,21,3
L3547,oddball,ok,,25,0
L3548,oddball,ok,,25,0
L3550,oddball,ok,,20,0
L3551,oddball,ok,,25,0
L3552,oddball,ok,,23,2
L3553,oddball,ok,,24,0
L3554,oddball,ok,,24,0
L3555,oddball,ok,,24,0
L3557,oddball,ok,,25,0
L3559,oddball,ok,,24,1
L356,oddball,ok,,25,0
L3560,oddball,ok,,25,0
L3561,oddball,ok,,14,10
L3562,oddball,ok,,18,7
L3563,oddball,ok,,25,0
L3564,oddball,ok,,25,0
L3565,oddball,ok,,25,0
L3566,oddball,ok,,21,4
L3567,oddball,ok,,20,4
L3568,oddball,ok,,25,0
L3569,oddball,ok,,25,0
L357,oddball,ok,,25,0
L3570,oddball,ok,,22,2
L3571,oddball,ok,,24,0
L3572,oddball,ok,,23,0
L3573,oddball,ok,,25,0
L3574,oddball,ok,,25,0
L3575,oddball,ok,,25,0
L3577,oddball,ok,,25,0
L3578,oddball,ok,,25,0
L3579,oddball,ok,,25,0
L3580,oddball,ok,,25,0
L3581,oddball,ok,,25,0
L3582,oddball,ok,,25,0
L3583,oddball,ok,,23,2
L3584,oddball,ok,,24,0
L3585,oddball,ok,,25,0
L3586,oddball,ok,,25,0
L3587,oddball,ok,,21,3
L3588,oddball,ok,,24,0
L3589,oddball,ok,,25,0
L359,oddball,ok,,25,0
L3590,oddball,fail,no_valid_windows,0,0
L3591,oddball,ok,,24,0
L3592,oddball,ok,,25,0
L3594,oddball,ok,,24,0
L3595,oddball,ok,,25,0
L3597,oddball,ok,,24,0
L3598,oddball,ok,,24,0
L3599,oddball,ok,,23,2
L36,oddball,ok,,21,0
L3600,oddball,ok,,24,0
L3602,oddball,ok,,24,1
L3603,oddball,ok,,25,0
L3604,oddball,ok,,24,0
L3605,oddball,ok,,25,0
L3606,oddball,ok,,25,0
L3607,oddball,ok,,18,6
L3608,oddball,ok,,24,1
L3609,oddball,ok,,23,1
L361,oddball,ok,,23,1
L3610,oddball,ok,,24,0
L3611,oddball,ok,,23,1
L3613,oddball,ok,,25,0
L3614,oddball,ok,,25,0
L3616,oddball,ok,,25,0
L3617,oddball,ok,,25,0
L3618,oddball,ok,,25,0
L3619,oddball,fail,no_valid_windows,0,0
L3620,oddball,ok,,25,0
L3622,oddball,ok,,23,2
L3623,oddball,fail,IndexError('list index out of range'),0,0
L3624,oddball,ok,,21,4
L3625,oddball,ok,,23,2
L3626,oddball,ok,,19,6
L3627,oddball,ok,,21,1
L3628,oddball,ok,,24,0
L3629,oddball,ok,,24,1
L3630,oddball,ok,,24,1
L3631,oddball,ok,,25,0
L3632,oddball,ok,,25,0
L3633,oddball,ok,,25,0
L3634,oddball,ok,,25,0
L3635,oddball,ok,,24,1
L3636,oddball,ok,,22,2
L3637,oddball,ok,,22,3
L3638,oddball,ok,,18,7
L3639,oddball,ok,,24,1
L3640,oddball,ok,,25,0
L3641,oddball,ok,,20,4
L3642,oddball,ok,,22,1
L3643,oddball,ok,,25,0
L3644,oddball,ok,,25,0
L3645,oddball,ok,,25,0
L3646,oddball,ok,,25,0
L3647,oddball,ok,,25,0
L3649,oddball,ok,,25,0
L3650,oddball,ok,,25,0
L3651,oddball,ok,,25,0
L3652,oddball,ok,,17,8
L3653,oddball,ok,,23,0
L3655,oddball,ok,,25,0
L3656,oddball,ok,,25,0
L3657,oddball,ok,,25,0
L3658,oddball,ok,,23,0
L3659,oddball,ok,,24,0
L3660,oddball,ok,,25,0
L3661,oddball,ok,,24,0
L3662,oddball,ok,,23,2
L3663,oddball,ok,,25,0
L3664,oddball,ok,,23,2
L3665,oddball,ok,,20,5
L3666,oddball,ok,,25,0
L3667,oddball,ok,,25,0
L3668,oddball,ok,,25,0
L3669,oddball,ok,,24,1
L3670,oddball,ok,,21,3
L3671,oddball,ok,,25,0
L3672,oddball,ok,,25,0
L3673,oddball,ok,,24,0
L3674,oddball,ok,,25,0
L3675,oddball,ok,,25,0
L3676,oddball,ok,,24,0
L3677,oddball,ok,,25,0
L3679,oddball,ok,,25,0
L3680,oddball,ok,,25,0
L3681,oddball,ok,,24,0
L3682,oddball,ok,,25,0
L3683,oddball,ok,,25,0
L3685,oddball,ok,,24,1
L3686,oddball,ok,,25,0
L3687,oddball,ok,,25,0
L3688,oddball,ok,,25,0
L3689,oddball,ok,,25,0
L3690,oddball,ok,,24,0
L3691,oddball,ok,,25,0
L3692,oddball,ok,,19,4
L3693,oddball,ok,,25,0
L3694,oddball,ok,,24,0
L3696,oddball,ok,,25,0
L3697,oddball,ok,,25,0
L3698,oddball,ok,,24,0
L3699,oddball,ok,,25,0
L37,oddball,ok,,25,0
L3700,oddball,ok,,24,1
L3701,oddball,ok,,15,10
L3702,oddball,ok,,20,5
L3703,oddball,ok,,22,0
L3704,oddball,ok,,20,0
L3705,oddball,ok,,24,1
L3706,oddball,ok,,24,1
L3707,oddball,ok,,23,2
L3708,oddball,ok,,23,1
L3709,oddball,ok,,25,0
L3710,oddball,ok,,24,1
L3711,oddball,ok,,24,0
L3712,oddball,ok,,25,0
L3713,oddball,ok,,19,4
L3714,oddball,ok,,23,1
L3715,oddball,ok,,24,1
L3716,oddball,ok,,23,2
L3717,oddball,ok,,23,1
L3718,oddball,ok,,19,5
L3720,oddball,ok,,23,2
L3721,oddball,ok,,18,6
L3722,oddball,ok,,24,1
L3723,oddball,ok,,22,2
L3724,oddball,ok,,24,0
L3725,oddball,ok,,19,6
L3726,oddball,ok,,23,2
L3727,oddball,ok,,25,0
L3728,oddball,ok,,23,2
L3729,oddball,ok,,25,0
L3730,oddball,ok,,25,0
L3731,oddball,ok,,24,1
L3732,oddball,ok,,24,0
L3736,oddball,ok,,25,0
L3737,oddball,ok,,25,0
L3738,oddball,ok,,25,0
L3739,oddball,ok,,25,0
L3740,oddball,ok,,25,0
L3742,oddball,ok,,24,1
L3744,oddball,ok,,24,0
L3747,oddball,ok,,25,0
L3748,oddball,ok,,25,0
L3749,oddball,ok,,22,0
L3751,oddball,ok,,5,0
L3752,oddball,ok,,23,1
L3754,oddball,ok,,25,0
L3755,oddball,ok,,25,0
L3757,oddball,ok,,24,0
L3762,oddball,ok,,24,0
L38,oddball,ok,,25,0
L39,oddball,ok,,21,2
L3932,oddball,ok,,22,3
L3934,oddball,ok,,24,0
L3941,oddball,ok,,25,0
L3942,oddball,ok,,20,3
L3943,oddball,ok,,25,0
L3946,oddball,ok,,22,3
L3947,oddball,ok,,20,5
L3948,oddball,ok,,22,3
L3949,oddball,ok,,20,2
L3950,oddball,ok,,24,0
L3951,oddball,ok,,12,12
L3952,oddball,ok,,23,0
L3953,oddball,ok,,22,2
L3955,oddball,ok,,25,5
L3957,oddball,ok,,19,2
L3960,oddball,ok,,5,0
L3963,oddball,ok,,24,1
L3964,oddball,ok,,24,1
L3966,oddball,ok,,23,2
L3968,oddball,ok,,25,0
L3969,oddball,ok,,9,6
L3970,oddball,ok,,21,1
L3971,oddball,ok,,23,2
L3972,oddball,ok,,23,0
L3973,oddball,ok,,24,1
L3974,oddball,ok,,21,4
L3975,oddball,ok,,25,0
L3976,oddball,ok,,22,3
L3977,oddball,ok,,25,0
L3978,oddball,ok,,21,4
L3980,oddball,fail,IndexError('list index out of range'),0,0
L3981,oddball,ok,,24,1
L3982,oddball,ok,,18,7
L3983,oddball,ok,,21,4
L3984,oddball,ok,,25,0
L3986,oddball,ok,,23,1
L3987,oddball,ok,,25,0
L3993,oddball,ok,,24,0
L3994,oddball,ok,,24,0
L3998,oddball,ok,,24,1
L3999,oddball,ok,,24,1
L4000,oddball,ok,,17,7
L4001,oddball,ok,,22,3
L4005,oddball,ok,,20,5
L4007,oddball,ok,,23,1
L4008,oddball,ok,,22,1
L4009,oddball,ok,,23,1
L4010,oddball,ok,,34,1
L4011,oddball,ok,,24,0
L4012,oddball,ok,,17,0
L4013,oddball,ok,,24,0
L4014,oddball,ok,,24,1
L4018,oddball,ok,,23,1
L4020,oddball,ok,,24,1
L4021,oddball,ok,,21,4
L4023,oddball,ok,,23,2
L4024,oddball,ok,,22,1
L4025,oddball,ok,,20,4
L4026,oddball,ok,,25,0
L4029,oddball,ok,,24,0
L4030,oddball,ok,,18,6
L4031,oddball,ok,,22,3
L4033,oddball,ok,,19,11
L4034,oddball,ok,,24,1
L4035,oddball,ok,,19,6
L4036,oddball,ok,,17,7
L4039,oddball,ok,,23,2
L4044,oddball,ok,,24,0
L4045,oddball,ok,,22,1
L4046,oddball,ok,,25,0
L4047,oddball,ok,,25,0
L4049,oddball,ok,,21,3
L4050,oddball,ok,,19,6
L4051,oddball,ok,,20,2
L4052,oddball,ok,,23,2
L4053,oddball,ok,,24,1
L4054,oddball,ok,,21,4
L4055,oddball,ok,,25,0
L4056,oddball,ok,,23,2
L4057,oddball,ok,,19,5
L4058,oddball,ok,,28,1
L4059,oddball,ok,,23,0
L4060,oddball,ok,,25,0
L4061,oddball,ok,,25,0
L4063,oddball,ok,,25,0
L4065,oddball,ok,,6,14
L4067,oddball,ok,,23,2
L4068,oddball,ok,,22,3
L4070,oddball,ok,,25,0
L4071,oddball,ok,,19,1
L4072,oddball,ok,,15,10
L4073,oddball,ok,,22,3
L4074,oddball,ok,,25,0
L4075,oddball,ok,,24,0
L4076,oddball,ok,,21,4
L4077,oddball,ok,,23,0
L4078,oddball,ok,,25,0
L4079,oddball,ok,,24,0
L4080,oddball,ok,,24,0
L4081,oddball,ok,,23,2
L4082,oddball,ok,,24,1
L4083,oddball,ok,,24,0
L4084,oddball,ok,,24,1
L4085,oddball,ok,,25,0
L4086,oddball,ok,,24,0
L4087,oddball,ok,,23,2
L4088,oddball,ok,,21,0
L4090,oddball,ok,,18,4
L4094,oddball,ok,,25,0
L4095,oddball,ok,,24,1
L4096,oddball,ok,,25,0
L4098,oddball,ok,,10,13
L4099,oddball,ok,,25,0
L41,oddball,ok,,25,0
L4100,oddball,ok,,24,1
L4101,oddball,ok,,25,0
L4102,oddball,ok,,18,7
L4103,oddball,ok,,21,3
L4104,oddball,ok,,15,10
L4105,oddball,ok,,18,7
L4106,oddball,ok,,25,0
L4107,oddball,ok,,22,3
L4108,oddball,ok,,21,4
L4109,oddball,ok,,20,5
L411,oddball,ok,,25,0
L4110,oddball,ok,,19,4
L4111,oddball,ok,,25,0
L4112,oddball,ok,,18,7
L4113,oddball,ok,,23,1
L4114,oddball,ok,,25,0
L4115,oddball,ok,,24,1
L4116,oddball,ok,,23,1
L4118,oddball,ok,,25,0
L4119,oddball,ok,,24,1
L4121,oddball,ok,,21,4
L414,oddball,ok,,25,0
L415,oddball,ok,,23,1
L416,oddball,ok,,20,0
L417,oddball,ok,,24,1
L418,oddball,ok,,25,0
L419,oddball,ok,,25,0
L4191,oddball,ok,,25,0
L4195,oddball,ok,,25,0
L4197,oddball,ok,,25,0
L4199,oddball,ok,,22,3
L4200,oddball,ok,,22,2
L4201,oddball,ok,,24,0
L4202,oddball,ok,,21,3
L4204,oddball,ok,,18,7
L4205,oddball,ok,,23,2
L4208,oddball,ok,,20,3
L4209,oddball,ok,,25,0
L421,oddball,ok,,23,1
L4210,oddball,ok,,22,2
L4211,oddball,ok,,25,0
L4212,oddball,ok,,24,1
L4214,oddball,ok,,22,3
L4215,oddball,ok,,25,0
L4217,oddball,fail,IndexError('list index out of range'),0,0
L4218,oddball,ok,,24,1
L4219,oddball,ok,,24,1
L4220,oddball,ok,,23,2
L4221,oddball,ok,,25,0
L4222,oddball,ok,,21,0
L4223,oddball,ok,,20,0
L4224,oddball,ok,,25,0
L4225,oddball,ok,,20,2
L4226,oddball,ok,,22,1
L4227,oddball,ok,,20,0
L4228,oddball,ok,,21,4
L4229,oddball,ok,,19,4
L423,oddball,ok,,24,0
L4232,oddball,ok,,23,2
L4237,oddball,ok,,23,1
L4238,oddball,fail,no_valid_windows,0,0
L4239,oddball,ok,,23,0
L4241,oddball,ok,,24,1
L4242,oddball,ok,,21,3
L4243,oddball,ok,,25,0
L4244,oddball,ok,,21,2
L4245,oddball,ok,,24,0
L4246,oddball,ok,,13,0
L4247,oddball,ok,,23,1
L4249,oddball,ok,,24,0
L4250,oddball,ok,,25,0
L4251,oddball,ok,,24,0
L4252,oddball,ok,,25,0
L4253,oddball,ok,,20,0
L4254,oddball,ok,,24,0
L4257,oddball,ok,,22,3
L4259,oddball,ok,,24,1
L426,oddball,ok,,24,0
L4263,oddball,ok,,17,8
L4268,oddball,ok,,24,1
L4269,oddball,ok,,21,4
L4270,oddball,ok,,23,0
L4273,oddball,ok,,19,1
L4275,oddball,ok,,22,2
L4276,oddball,ok,,25,0
L4278,oddball,ok,,23,2
L4279,oddball,ok,,18,0
L428,oddball,ok,,25,0
L4280,oddball,ok,,25,0
L4281,oddball,ok,,25,0
L4282,oddball,ok,,23,2
L4283,oddball,ok,,24,1
L4285,oddball,ok,,25,0
L4288,oddball,ok,,23,1
L4289,oddball,ok,,25,0
L429,oddball,ok,,25,0
L4290,oddball,ok,,21,3
L4294,oddball,ok,,24,0
L4295,oddball,ok,,22,1
L4297,oddball,ok,,25,0
L4298,oddball,ok,,23,1
L4299,oddball,ok,,18,0
L43,oddball,ok,,25,0
L430,oddball,ok,,25,0
L4300,oddball,ok,,23,2
L4301,oddball,ok,,25,0
L4302,oddball,ok,,25,0
L4303,oddball,ok,,23,1
L4304,oddball,ok,,24,1
L4305,oddball,ok,,20,0
L4306,oddball,ok,,21,4
L4307,oddball,ok,,25,0
L4308,oddball,ok,,21,4
L4309,oddball,ok,,23,1
L431,oddball,ok,,24,1
L4310,oddball,ok,,22,0
L4311,oddball,ok,,23,1
L4312,oddball,ok,,19,6
L4313,oddball,ok,,22,1
L4314,oddball,ok,,25,0
L4315,oddball,ok,,20,5
L4316,oddball,ok,,25,0
L4317,oddball,ok,,19,6
L4318,oddball,ok,,24,0
L4319,oddball,ok,,25,0
L432,oddball,ok,,21,4
L4320,oddball,ok,,22,3
L4321,oddball,ok,,24,0
L4322,oddball,ok,,19,1
L4323,oddball,fail,no_valid_windows,0,0
L4324,oddball,ok,,20,0
L4325,oddball,ok,,25,0
L4326,oddball,ok,,20,0
L4327,oddball,ok,,24,0
L4328,oddball,ok,,20,5
L4329,oddball,ok,,25,0
L4331,oddball,ok,,24,0
L4332,oddball,ok,,15,7
L4333,oddball,ok,,22,2
L4334,oddball,ok,,19,6
L4335,oddball,ok,,21,2
L4336,oddball,ok,,20,0
L4337,oddball,ok,,17,5
L4338,oddball,ok,,24,0
L4339,oddball,ok,,24,0
L434,oddball,ok,,23,1
L4340,oddball,ok,,17,3
L4341,oddball,ok,,23,2
L4342,oddball,ok,,15,6
L4343,oddball,ok,,25,0
L4344,oddball,ok,,18,6
L4345,oddball,ok,,25,0
L4346,oddball,ok,,24,0
L4347,oddball,ok,,24,1
L4348,oddball,ok,,25,0
L4349,oddball,ok,,25,0
L435,oddball,ok,,25,0
L4350,oddball,ok,,20,2
L4351,oddball,ok,,21,0
L4352,oddball,ok,,24,1
L4353,oddball,ok,,25,0
L4354,oddball,ok,,23,0
L4355,oddball,ok,,19,1
L4356,oddball,ok,,24,1
L4357,oddball,ok,,20,0
L4358,oddball,ok,,24,0
L4359,oddball,ok,,20,4
L436,oddball,ok,,23,1
L4360,oddball,ok,,24,0
L4361,oddball,ok,,20,0
L4362,oddball,ok,,25,0
L4363,oddball,ok,,21,4
L4365,oddball,ok,,20,3
L4366,oddball,ok,,13,12
L4367,oddball,ok,,25,0
L4368,oddball,ok,,17,1
L4369,oddball,ok,,19,5
L437,oddball,ok,,25,0
L4370,oddball,ok,,24,1
L4373,oddball,ok,,20,0
L4375,oddball,ok,,22,2
L4376,oddball,ok,,19,6
L4378,oddball,ok,,22,0
L4379,oddball,ok,,20,0
L438,oddball,ok,,24,1
L4380,oddball,ok,,25,0
L4381,oddball,ok,,23,0
L4382,oddball,ok,,16,4
L4383,oddball,ok,,24,0
L4384,oddball,ok,,25,0
L4385,oddball,ok,,25,0
L4386,oddball,ok,,16,9
L4387,oddball,ok,,25,0
L4388,oddball,ok,,25,0
L4389,oddball,ok,,22,2
L439,oddball,ok,,25,0
L4390,oddball,ok,,24,0
L4391,oddball,ok,,20,0
L4392,oddball,ok,,25,0
L4393,oddball,ok,,23,1
L4394,oddball,ok,,25,0
L4395,oddball,ok,,19,1
L4396,oddball,ok,,23,0
L4397,oddball,ok,,12,13
L4398,oddball,ok,,23,0
L4399,oddball,ok,,20,0
L44,oddball,ok,,16,9
L4400,oddball,ok,,25,0
L4401,oddball,ok,,22,3
L4402,oddball,ok,,25,0
L4403,oddball,ok,,25,0
L4404,oddball,ok,,24,0
L4405,oddball,ok,,23,1
L4406,oddball,ok,,24,0
L4407,oddball,ok,,23,1
L4408,oddball,ok,,21,3
L4409,oddball,ok,,23,2
L441,oddball,ok,,24,1
L4412,oddball,ok,,23,2
L4414,oddball,ok,,23,0
L4417,oddball,ok,,22,1
L4418,oddball,ok,,21,4
L4419,oddball,ok,,18,5
L4421,oddball,ok,,23,2
L4422,oddball,ok,,25,0
L4423,oddball,ok,,20,1
L4424,oddball,ok,,19,6
L4425,oddball,ok,,21,1
L4429,oddball,ok,,25,0
L443,oddball,ok,,23,2
L4430,oddball,ok,,19,1
L4431,oddball,ok,,14,7
L4432,oddball,ok,,23,1
L4433,oddball,ok,,25,0
L4434,oddball,ok,,23,2
L4435,oddball,ok,,22,0
L4437,oddball,ok,,19,1
L4438,oddball,ok,,23,1
L4439,oddball,ok,,24,1
L444,oddball,ok,,9,11
L4440,oddball,ok,,23,1
L4441,oddball,ok,,20,0
L4442,oddball,ok,,25,0
L4443,oddball,ok,,24,1
L4444,oddball,ok,,25,0
L4445,oddball,ok,,25,0
L4446,oddball,ok,,23,0
L4447,oddball,ok,,24,0
L4448,oddball,ok,,20,0
L4449,oddball,ok,,25,0
L445,oddball,ok,,24,1
L4450,oddball,ok,,21,4
L4451,oddball,ok,,22,2
L4452,oddball,ok,,22,0
L4453,oddball,ok,,19,1
L4454,oddball,ok,,23,0
L4455,oddball,ok,,22,0
L4456,oddball,ok,,16,1
L4457,oddball,ok,,24,0
L4458,oddball,ok,,25,0
L4459,oddball,ok,,22,3
L446,oddball,ok,,24,1
L4460,oddball,ok,,25,0
L4461,oddball,ok,,23,0
L4462,oddball,ok,,23,2
L4463,oddball,ok,,22,1
L4464,oddball,ok,,24,1
L4465,oddball,ok,,24,0
L4466,oddball,ok,,25,0
L4467,oddball,ok,,24,1
L4468,oddball,ok,,20,0
L4469,oddball,ok,,20,0
L447,oddball,ok,,24,0
L4470,oddball,ok,,24,0
L4471,oddball,ok,,24,1
L4472,oddball,ok,,24,0
L4473,oddball,ok,,25,0
L4474,oddball,ok,,25,0
L4476,oddball,ok,,23,2
L4478,oddball,ok,,23,0
L4479,oddball,ok,,24,0
L448,oddball,ok,,24,1
L4480,oddball,ok,,22,1
L4481,oddball,fail,no_valid_windows,0,24
L4482,oddball,ok,,25,0
L4483,oddball,ok,,25,0
L4484,oddball,ok,,24,1
L4485,oddball,ok,,25,0
L4486,oddball,ok,,25,0
L4487,oddball,ok,,22,3
L4488,oddball,ok,,25,0
L4489,oddball,ok,,25,0
L449,oddball,ok,,24,1
L4490,oddball,ok,,24,0
L4491,oddball,fail,no_valid_windows,0,24
L4492,oddball,ok,,25,0
L4493,oddball,fail,no_valid_windows,0,24
L4494,oddball,ok,,24,1
L4495,oddball,ok,,22,2
L4496,oddball,ok,,20,4
L4497,oddball,ok,,23,2
L4498,oddball,ok,,25,0
L4499,oddball,ok,,22,2
L45,oddball,ok,,24,0
L4500,oddball,ok,,25,0
L4501,oddball,ok,,21,4
L4502,oddball,ok,,23,0
L4504,oddball,ok,,23,0
L4505,oddball,ok,,22,3
L4506,oddball,ok,,25,0
L4507,oddball,ok,,17,8
L4508,oddball,ok,,25,0
L451,oddball,ok,,24,1
L4510,oddball,ok,,25,0
L4511,oddball,ok,,24,1
L4512,oddball,ok,,24,0
L4513,oddball,ok,,24,1
L4514,oddball,ok,,20,0
L4515,oddball,ok,,25,0
L4516,oddball,ok,,24,1
L4517,oddball,ok,,22,3
L4518,oddball,ok,,22,0
L4519,oddball,ok,,25,0
L4520,oddball,ok,,21,3
L4521,oddball,ok,,24,1
L4522,oddball,ok,,24,1
L4523,oddball,ok,,23,0
L4525,oddball,ok,,24,1
L4526,oddball,ok,,25,0
L4527,oddball,ok,,24,1
L4528,oddball,ok,,22,2
L4529,oddball,ok,,24,0
L4531,oddball,ok,,21,2
L4532,oddball,ok,,25,0
L4533,oddball,ok,,24,0
L4534,oddball,ok,,24,0
L4535,oddball,ok,,24,1
L4536,oddball,ok,,23,2
L4537,oddball,ok,,19,5
L4538,oddball,ok,,25,0
L4539,oddball,ok,,24,1
L4540,oddball,ok,,24,0
L4541,oddball,ok,,25,0
L4542,oddball,ok,,24,0
L4543,oddball,ok,,21,3
L4544,oddball,ok,,25,0
L4545,oddball,ok,,23,2
L4546,oddball,ok,,24,0
L4547,oddball,ok,,24,0
L4548,oddball,ok,,24,0
L4549,oddball,ok,,24,1
L455,oddball,ok,,24,1
L4550,oddball,ok,,22,2
L4551,oddball,ok,,25,0
L4553,oddball,ok,,25,0
L4554,oddball,ok,,25,0
L4555,oddball,ok,,25,0
L456,oddball,ok,,24,1
L4561,oddball,ok,,20,3
L4562,oddball,ok,,25,0
L4565,oddball,ok,,24,1
L4566,oddball,ok,,22,3
L4567,oddball,ok,,24,1
L4574,oddball,ok,,25,0
L4576,oddball,ok,,24,0
L4577,oddball,ok,,25,0
L4578,oddball,ok,,24,0
L4579,oddball,ok,,23,0
L458,oddball,ok,,19,5
L4580,oddball,ok,,25,0
L4581,oddball,ok,,25,0
L4582,oddball,ok,,25,0
L4583,oddball,ok,,24,0
L4584,oddball,ok,,19,6
L4585,oddball,ok,,24,1
L4586,oddball,ok,,23,2
L4587,oddball,ok,,25,0
L459,oddball,ok,,24,0
L46,oddball,ok,,25,0
L4605,oddball,ok,,22,2
L4606,oddball,ok,,21,4
L461,oddball,ok,,24,0
L462,oddball,ok,,24,0
L463,oddball,ok,,21,4
L464,oddball,ok,,24,0
L465,oddball,ok,,22,1
L466,oddball,ok,,25,0
L467,oddball,ok,,25,0
L47,oddball,ok,,23,2
L478,oddball,ok,,24,0
L479,oddball,ok,,25,0
L48,oddball,ok,,21,4
L480,oddball,ok,,22,0
L481,oddball,ok,,24,1
L482,oddball,ok,,25,0
L487,oddball,ok,,25,0
L49,oddball,ok,,23,1
L491,oddball,ok,,19,5
L492,oddball,ok,,21,4
L493,oddball,ok,,24,0
L494,oddball,ok,,21,4
L496,oddball,ok,,12,13
L497,oddball,ok,,24,1
L498,oddball,ok,,21,4
L499,oddball,ok,,21,4
L5,oddball,ok,,24,0
L50,oddball,ok,,15,0
L500,oddball,ok,,25,0
L501,oddball,ok,,22,3
L502,oddball,ok,,24,0
L503,oddball,ok,,24,0
L504,oddball,ok,,24,0
L505,oddball,ok,,25,0
L506,oddball,ok,,25,0
L507,oddball,ok,,24,0
L508,oddball,ok,,25,0
L509,oddball,ok,,20,4
L51,oddball,ok,,19,5
L511,oddball,ok,,25,0
L512,oddball,ok,,16,8
L514,oddball,ok,,17,6
L515,oddball,ok,,23,0
L516,oddball,ok,,24,0
L517,oddball,ok,,25,0
L518,oddball,ok,,25,0
L52,oddball,ok,,25,0
L520,oddball,ok,,23,2
L521,oddball,ok,,25,0
L522,oddball,ok,,23,0
L523,oddball,ok,,25,0
L524,oddball,ok,,25,0
L525,oddball,ok,,24,1
L527,oddball,ok,,18,7
L528,oddball,ok,,24,1
L529,oddball,ok,,25,0
L53,oddball,ok,,18,7
L531,oddball,ok,,25,0
L532,oddball,ok,,25,0
L534,oddball,ok,,23,2
L535,oddball,ok,,17,6
L537,oddball,ok,,23,2
L538,oddball,ok,,25,0
L539,oddball,ok,,25,0
L540,oddball,ok,,24,1
L541,oddball,ok,,22,3
L542,oddball,ok,,25,0
L543,oddball,ok,,24,1
L545,oddball,ok,,24,1
L546,oddball,ok,,23,2
L547,oddball,ok,,24,0
L548,oddball,ok,,24,0
L549,oddball,ok,,22,3
L55,oddball,ok,,25,0
L550,oddball,ok,,23,2
L553,oddball,ok,,20,5
L554,oddball,ok,,21,3
L555,oddball,ok,,25,0
L556,oddball,ok,,25,0
L557,oddball,ok,,24,1
L558,oddball,ok,,23,2
L559,oddball,ok,,25,0
L56,oddball,ok,,22,3
L560,oddball,ok,,22,0
L562,oddball,ok,,24,0
L563,oddball,ok,,25,0
L564,oddball,ok,,23,2
L565,oddball,ok,,21,4
L566,oddball,ok,,21,3
L568,oddball,ok,,23,2
L569,oddball,ok,,20,5
L57,oddball,ok,,24,0
L571,oddball,ok,,23,2
L573,oddball,ok,,24,0
L574,oddball,ok,,24,0
L575,oddball,ok,,22,3
L576,oddball,ok,,25,0
L577,oddball,ok,,24,1
L578,oddball,ok,,24,1
L579,oddball,ok,,25,0
L58,oddball,ok,,22,0
L580,oddball,ok,,23,0
L581,oddball,ok,,25,0
L582,oddball,ok,,24,1
L583,oddball,ok,,21,3
L584,oddball,ok,,21,4
L585,oddball,ok,,19,6
L586,oddball,ok,,25,0
L587,oddball,ok,,17,3
L588,oddball,ok,,25,0
L589,oddball,ok,,21,3
L59,oddball,ok,,25,0
L590,oddball,ok,,21,4
L591,oddball,ok,,25,0
L592,oddball,ok,,24,1
L595,oddball,ok,,24,0
L596,oddball,ok,,25,0
L597,oddball,ok,,25,0
L598,oddball,ok,,25,0
L599,oddball,ok,,25,0
L6,oddball,ok,,24,1
L60,oddball,ok,,21,3
L600,oddball,ok,,23,1
L601,oddball,ok,,23,2
L603,oddball,ok,,23,0
L604,oddball,ok,,23,2
L605,oddball,ok,,25,0
L607,oddball,ok,,23,1
L61,oddball,ok,,23,0
L610,oddball,ok,,23,1
L611,oddball,ok,,24,1
L612,oddball,ok,,25,0
L613,oddball,ok,,18,6
L615,oddball,ok,,19,6
L616,oddball,ok,,24,0
L617,oddball,ok,,25,0
L618,oddball,ok,,20,4
L619,oddball,ok,,25,0
L62,oddball,ok,,18,2
L620,oddball,ok,,23,0
L621,oddball,ok,,22,2
L622,oddball,ok,,25,0
L623,oddball,ok,,25,0
L624,oddball,ok,,16,9
L625,oddball,ok,,23,1
L626,oddball,ok,,24,0
L627,oddball,ok,,25,0
L628,oddball,ok,,25,0
L629,oddball,ok,,25,0
L63,oddball,ok,,21,4
L630,oddball,ok,,24,1
L631,oddball,ok,,23,2
L632,oddball,ok,,25,0
L633,oddball,ok,,24,0
L634,oddball,ok,,25,0
L635,oddball,ok,,24,1
L636,oddball,ok,,24,1
L637,oddball,ok,,25,0
L638,oddball,ok,,25,0
L64,oddball,ok,,23,2
L640,oddball,ok,,23,2
L641,oddball,ok,,24,1
L642,oddball,ok,,25,0
L643,oddball,ok,,25,0
L644,oddball,ok,,25,0
L646,oddball,ok,,25,0
L647,oddball,ok,,25,0
L648,oddball,ok,,21,3
L65,oddball,ok,,25,0
L650,oddball,ok,,25,0
L66,oddball,ok,,24,0
L660,oddball,ok,,23,1
L662,oddball,ok,,20,4
L665,oddball,ok,,23,0
L67,oddball,ok,,21,2
L672,oddball,ok,,22,3
L674,oddball,ok,,25,0
L675,oddball,ok,,21,3
L676,oddball,ok,,23,2
L677,oddball,ok,,18,6
L68,oddball,ok,,24,0
L680,oddball,ok,,21,4
L681,oddball,ok,,22,3
L682,oddball,ok,,25,0
L686,oddball,ok,,20,4
L688,oddball,ok,,24,0
L689,oddball,ok,,25,0
L69,oddball,ok,,25,0
L690,oddball,ok,,24,1
L696,oddball,ok,,23,2
L697,oddball,ok,,22,0
L698,oddball,ok,,25,0
L699,oddball,ok,,23,1
L7,oddball,ok,,8,16
L70,oddball,ok,,25,0
L700,oddball,ok,,25,0
L701,oddball,ok,,24,0
L702,oddball,ok,,18,6
L703,oddball,ok,,9,16
L704,oddball,ok,,21,2
L705,oddball,ok,,25,0
L706,oddball,ok,,25,0
L707,oddball,ok,,17,8
L708,oddball,ok,,24,1
L709,oddball,ok,,24,1
L71,oddball,ok,,25,0
L710,oddball,ok,,23,0
L711,oddball,ok,,22,2
L712,oddball,ok,,21,3
L713,oddball,ok,,25,0
L714,oddball,ok,,20,3
L716,oddball,ok,,25,0
L717,oddball,ok,,25,0
L718,oddball,ok,,25,0
L719,oddball,ok,,25,0
L72,oddball,ok,,23,1
L720,oddball,ok,,24,1
L721,oddball,ok,,24,1
L722,oddball,ok,,24,0
L723,oddball,ok,,25,0
L724,oddball,ok,,19,3
L725,oddball,ok,,25,0
L726,oddball,ok,,25,0
L727,oddball,ok,,22,3
L729,oddball,ok,,25,0
L73,oddball,ok,,23,1
L730,oddball,ok,,24,0
L731,oddball,ok,,24,1
L733,oddball,ok,,25,0
L734,oddball,ok,,25,0
L735,oddball,ok,,25,0
L736,oddball,ok,,22,3
L737,oddball,ok,,24,1
L739,oddball,ok,,23,1
L74,oddball,ok,,23,2
L740,oddball,ok,,24,1
L741,oddball,ok,,23,1
L742,oddball,ok,,24,1
L743,oddball,ok,,25,0
L744,oddball,ok,,21,3
L746,oddball,ok,,25,0
L747,oddball,ok,,24,0
L748,oddball,ok,,24,0
L749,oddball,ok,,20,2
L75,oddball,ok,,17,3
L750,oddball,ok,,23,0
L751,oddball,ok,,20,3
L753,oddball,ok,,25,0
L755,oddball,ok,,24,1
L756,oddball,ok,,25,0
L759,oddball,ok,,24,0
L76,oddball,ok,,24,0
L760,oddball,ok,,25,0
L761,oddball,ok,,25,0
L762,oddball,ok,,25,0
L763,oddball,ok,,22,2
L765,oddball,ok,,23,0
L766,oddball,ok,,23,1
L767,oddball,ok,,25,0
L768,oddball,ok,,23,0
L769,oddball,ok,,25,0
L772,oddball,ok,,23,2
L773,oddball,ok,,24,0
L775,oddball,ok,,25,0
L779,oddball,ok,,24,0
L78,oddball,ok,,23,1
L783,oddball,ok,,23,2
L784,oddball,ok,,24,1
L785,oddball,ok,,23,2
L786,oddball,ok,,21,2
L787,oddball,ok,,24,0
L788,oddball,ok,,24,0
L789,oddball,ok,,23,0
L79,oddball,ok,,24,0
L790,oddball,ok,,23,1
L791,oddball,ok,,24,1
L792,oddball,ok,,25,0
L793,oddball,ok,,25,0
L794,oddball,ok,,25,0
L795,oddball,ok,,25,0
L8,oddball,ok,,25,0
L80,oddball,ok,,22,3
L801,oddball,ok,,22,3
L803,oddball,ok,,23,1
L806,oddball,ok,,24,0
L807,oddball,ok,,25,0
L808,oddball,ok,,18,6
L810,oddball,ok,,25,0
L814,oddball,ok,,24,1
L815,oddball,ok,,20,0
L816,oddball,ok,,24,1
L817,oddball,ok,,25,0
L818,oddball,ok,,15,10
L819,oddball,ok,,22,1
L82,oddball,ok,,24,1
L820,oddball,ok,,23,0
L821,oddball,ok,,21,1
L823,oddball,ok,,23,1
L824,oddball,ok,,22,1
L826,oddball,ok,,20,4
L827,oddball,ok,,23,2
L828,oddball,ok,,20,0
L83,oddball,ok,,16,0
L832,oddball,ok,,19,5
L834,oddball,ok,,24,0
L835,oddball,ok,,23,1
L838,oddball,ok,,20,4
L839,oddball,ok,,24,0
L84,oddball,ok,,23,2
L845,oddball,ok,,23,2
L846,oddball,ok,,24,0
L848,oddball,ok,,25,0
L849,oddball,ok,,11,13
L85,oddball,ok,,25,0
L850,oddball,ok,,21,4
L851,oddball,ok,,22,3
L852,oddball,ok,,11,12
L853,oddball,ok,,22,3
L854,oddball,ok,,25,0
L855,oddball,ok,,25,0
L856,oddball,ok,,23,2
L857,oddball,ok,,25,0
L858,oddball,ok,,25,0
L859,oddball,ok,,25,0
L86,oddball,ok,,20,0
L861,oddball,ok,,22,2
L863,oddball,ok,,24,0
L867,oddball,ok,,25,0
L869,oddball,ok,,24,1
L87,oddball,ok,,24,0
L871,oddball,ok,,25,0
L88,oddball,ok,,24,1
L89,oddball,ok,,24,0
L9,oddball,ok,,25,0
L90,oddball,ok,,22,3
L91,oddball,ok,,19,6
L92,oddball,ok,,14,1
L94,oddball,ok,,22,1
L95,oddball,ok,,24,0
L96,oddball,ok,,24,1
L97,oddball,ok,,24,1
L98,oddball,ok,,17,5
L99,oddball,ok,,25,0
