L_id,task,status,reason,duration_sec,n_events,n_constructed,n_kept,construction_drops,n_trials_code_11,n_trials_code_22
L103,oddball,ok,,640.0,148,148,137,0,114,23
L1360,oddball,ok,,799.0,148,148,139,0,115,24
L1368,oddball,ok,,659.0,149,149,146,0,122,24
L1379,oddball,ok,,644.0,148,148,148,0,124,24
L138,oddball,ok,,637.0,150,150,123,0,102,21
L1382,oddball,ok,,692.0,120,120,113,0,94,19
L1390,oddball,ok,,643.0,149,149,132,0,110,22
L1394,oddball,ok,,638.0,149,149,139,0,117,22
L1401,oddball,ok,,645.0,148,148,136,0,112,24
L1432,oddball,ok,,650.0,148,148,146,0,122,24
L1445,oddball,ok,,664.0,148,148,123,0,103,20
L1446,oddball,ok,,656.0,138,138,119,0,99,20
L1459,oddball,ok,,637.0,150,150,140,0,118,22
L1463,oddball,ok,,673.0,122,122,105,0,89,16
L1471,oddball,ok,,652.0,144,144,144,0,119,25
L1488,oddball,ok,,664.0,150,150,135,0,115,20
L1499,oddball,ok,,648.0,143,143,133,0,109,24
L1503,oddball,ok,,635.0,148,148,113,0,94,19
L1504,oddball,ok,,636.0,150,150,146,0,121,25
L1509,oddball,ok,,808.0,150,150,146,0,121,25
L1512,oddball,ok,,653.0,143,143,134,0,114,20
L1513,oddball,ok,,653.0,137,137,131,0,108,23
L1518,oddball,ok,,636.0,149,149,107,0,89,18
L1527,oddball,ok,,669.0,150,150,94,0,77,17
L1550,oddball,ok,,640.0,149,149,140,0,115,25
L1556,oddball,ok,,638.0,147,147,118,0,101,17
L1560,oddball,ok,,634.0,150,150,148,0,123,25
L1568,oddball,ok,,643.0,144,144,144,0,119,25
L1572,oddball,ok,,654.0,144,144,144,0,121,23
L1580,oddball,ok,,639.0,147,147,91,0,76,15
L1582,oddball,ok,,652.0,149,149,140,0,116,24
L1588,oddball,ok,,639.0,147,147,146,0,122,24
L159,oddball,ok,,643.0,149,149,147,0,123,24
L1594,oddball,ok,,634.0,150,150,148,0,123,25
L1595,oddball,ok,,634.0,150,150,135,0,112,23
L1600,oddball,ok,,655.0,150,150,129,0,108,21
L1610,oddball,ok,,641.0,146,146,137,0,113,24
L1612,oddball,ok,,638.0,148,148,143,0,122,21
L1618,oddball,ok,,638.0,148,148,141,0,116,25
L1620,oddball,ok,,639.0,147,147,138,0,113,25
L1621,oddball,ok,,638.0,149,149,149,0,124,25
L1623,oddball,ok,,639.0,148,148,81,0,68,13
L1628,oddball,ok,,647.0,148,148,141,0,118,23
L163,oddball,ok,,696.0,148,148,134,0,113,21
L1631,oddball,ok,,640.0,149,149,149,0,124,25
L1632,oddball,ok,,641.0,149,149,125,0,102,23
L164,oddball,ok,,649.0,146,146,139,0,116,23
L1649,oddball,ok,,655.0,148,148,108,0,89,19
L1663,oddball,ok,,638.0,149,149,139,0,114,25
L1671,oddball,ok,,637.0,149,149,144,0,119,25
L1673,oddball,ok,,648.0,150,150,150,0,125,25
L1678,oddball,ok,,658.0,148,148,146,0,122,24
L1684,oddball,ok,,650.0,148,148,130,0,108,22
L1686,oddball,ok,,638.0,149,149,127,0,106,21
L1695,oddball,ok,,643.0,149,149,146,0,121,25
L170,oddball,ok,,665.0,147,147,142,0,120,22
L1706,oddball,ok,,638.0,149,149,146,0,121,25
L172,oddball,ok,,641.0,148,148,128,0,105,23
L1720,oddball,ok,,673.0,146,146,115,0,96,19
L1728,oddball,ok,,669.0,120,120,120,0,100,20
L1731,oddball,ok,,640.0,148,148,145,0,122,23
L1738,oddball,ok,,639.0,149,149,140,0,115,25
L1740,oddball,ok,,637.0,148,148,130,0,107,23
L1747,oddball,ok,,641.0,146,146,143,0,121,22
L1749,oddball,ok,,640.0,147,147,127,0,103,24
L1762,oddball,ok,,643.0,147,147,133,0,110,23
L1763,oddball,ok,,643.0,147,147,147,0,122,25
L1767,oddball,ok,,641.0,148,148,141,0,118,23
L1769,oddball,ok,,638.0,149,149,130,0,108,22
L1775,oddball,ok,,639.0,147,147,147,0,123,24
L1791,oddball,ok,,660.0,147,147,112,0,91,21
L1798,oddball,ok,,642.0,147,147,146,0,121,25
L1807,oddball,ok,,657.0,148,148,113,0,94,19
L1810,oddball,ok,,675.0,146,146,145,0,121,24
L1824,oddball,ok,,693.0,120,120,118,0,98,20
L1835,oddball,ok,,635.0,150,150,147,0,122,25
L1850,oddball,ok,,647.0,146,146,138,0,114,24
L1851,oddball,ok,,648.0,145,145,135,0,113,22
L1852,oddball,ok,,757.0,146,146,145,0,122,23
L1854,oddball,ok,,673.0,143,143,97,0,84,13
L1857,oddball,ok,,641.0,150,150,146,0,121,25
L186,oddball,ok,,665.0,129,129,121,0,101,20
L1865,oddball,ok,,644.0,150,150,150,0,125,25
L1874,oddball,ok,,649.0,148,148,140,0,115,25
L1882,oddball,ok,,760.0,150,150,150,0,125,25
L1893,oddball,ok,,641.0,147,147,126,0,109,17
L1896,oddball,ok,,649.0,142,142,121,0,100,21
L199,oddball,ok,,644.0,148,148,146,0,121,25
L200,oddball,ok,,641.0,147,147,147,0,122,25
L220,oddball,ok,,637.0,150,150,148,0,123,25
L226,oddball,ok,,648.0,147,147,146,0,122,24
L228,oddball,ok,,642.0,148,148,141,0,116,25
L246,oddball,ok,,636.0,150,150,140,0,116,24
L2499,oddball,ok,,642.0,147,147,134,0,110,24
L2511,oddball,ok,,644.0,146,146,144,0,120,24
L2520,oddball,ok,,643.0,149,149,141,0,116,25
L2525,oddball,ok,,639.0,149,149,144,0,119,25
L253,oddball,ok,,651.0,149,149,114,0,93,21
L2532,oddball,ok,,645.0,147,147,134,0,110,24
L2541,oddball,ok,,641.0,148,148,144,0,119,25
L2553,oddball,ok,,643.0,141,141,140,0,118,22
L2554,oddball,ok,,653.0,148,148,140,0,118,22
L256,oddball,ok,,647.0,140,140,135,0,112,23
L2568,oddball,ok,,642.0,145,145,140,0,115,25
L2580,oddball,ok,,640.0,148,148,128,0,103,25
L2586,oddball,ok,,636.0,149,149,148,0,123,25
L2588,oddball,ok,,659.0,143,143,135,0,112,23
L259,oddball,ok,,635.0,150,150,142,0,118,24
L2590,oddball,ok,,655.0,148,148,146,0,122,24
L2591,oddball,ok,,651.0,133,133,131,0,111,20
L2599,oddball,ok,,645.0,143,143,125,0,108,17
L26,oddball,ok,,646.0,148,148,141,0,117,24
L260,oddball,ok,,637.0,150,150,57,0,50,7
L261,oddball,ok,,636.0,148,148,133,0,109,24
L2628,oddball,ok,,725.0,146,146,141,0,117,24
L2635,oddball,ok,,648.0,145,145,116,0,95,21
L264,oddball,ok,,643.0,149,149,148,0,123,25
L2653,oddball,ok,,662.0,147,147,147,0,123,24
L2654,oddball,ok,,688.0,148,148,140,0,118,22
L2666,oddball,ok,,660.0,127,127,121,0,100,21
L2679,oddball,ok,,641.0,147,147,137,0,113,24
L2687,oddball,ok,,640.0,149,149,39,0,32,7
L2715,oddball,ok,,646.0,148,148,140,0,118,22
L2721,oddball,ok,,642.0,146,146,140,0,115,25
L2722,oddball,ok,,641.0,148,148,142,0,117,25
L2727,oddball,ok,,650.0,146,146,121,0,102,19
L273,oddball,ok,,637.0,150,150,150,0,125,25
L2733,oddball,ok,,677.0,145,145,122,0,102,20
L2734,oddball,ok,,641.0,149,149,131,0,109,22
L2747,oddball,ok,,639.0,149,149,129,0,110,19
L2748,oddball,ok,,640.0,148,148,128,0,107,21
L2754,oddball,ok,,636.0,149,149,142,0,120,22
L2756,oddball,ok,,641.0,146,146,146,0,122,24
L276,oddball,ok,,641.0,147,147,147,0,122,25
L2760,oddball,ok,,641.0,148,148,134,0,111,23
L2764,oddball,ok,,640.0,148,148,138,0,114,24
L2779,oddball,ok,,637.0,149,149,147,0,122,25
L2784,oddball,ok,,647.0,144,144,141,0,118,23
L2787,oddball,ok,,639.0,149,149,146,0,121,25
L279,oddball,ok,,640.0,146,146,138,0,113,25
L2790,oddball,ok,,642.0,148,148,113,0,95,18
L2795,oddball,ok,,638.0,148,148,148,0,124,24
L2799,oddball,ok,,637.0,148,148,146,0,122,24
L2812,oddball,ok,,644.0,144,144,144,0,121,23
L282,oddball,ok,,690.0,120,120,88,0,75,13
L2822,oddball,ok,,637.0,149,149,126,0,106,20
L2846,oddball,ok,,644.0,146,146,145,0,121,24
L2874,oddball,ok,,641.0,147,147,98,0,82,16
L2878,oddball,ok,,637.0,149,149,143,0,120,23
L2884,oddball,ok,,639.0,149,149,146,0,122,24
L2886,oddball,ok,,647.0,147,147,146,0,122,24
L2897,oddball,ok,,642.0,148,148,148,0,123,25
L2901,oddball,ok,,639.0,148,148,122,0,101,21
L2911,oddball,ok,,638.0,148,148,146,0,121,25
L2913,oddball,ok,,643.0,147,147,88,0,74,14
L292,oddball,ok,,646.0,140,140,124,0,105,19
L2924,oddball,ok,,653.0,143,143,125,0,103,22
L294,oddball,ok,,641.0,146,146,143,0,120,23
L297,oddball,ok,,659.0,146,146,146,0,122,24
L2976,oddball,ok,,645.0,144,144,37,0,28,9
L2979,oddball,ok,,644.0,146,146,142,0,120,22
L2989,oddball,ok,,645.0,145,145,142,0,119,23
L299,oddball,ok,,641.0,147,147,146,0,121,25
L2990,oddball,ok,,647.0,148,148,78,0,62,16
L3004,oddball,ok,,644.0,144,144,137,0,114,23
L3019,oddball,ok,,641.0,147,147,143,0,118,25
L305,oddball,ok,,637.0,150,150,149,0,124,25
L3051,oddball,ok,,637.0,150,150,130,0,108,22
L3067,oddball,ok,,638.0,148,148,145,0,123,22
L3075,oddball,ok,,643.0,149,149,126,0,105,21
L3077,oddball,ok,,637.0,148,148,148,0,124,24
L31,oddball,ok,,634.0,150,150,121,0,98,23
L3101,oddball,ok,,637.0,150,150,142,0,117,25
L3105,oddball,ok,,641.0,148,148,85,0,69,16
L3124,oddball,ok,,639.0,149,149,132,0,111,21
L3145,oddball,ok,,640.0,148,148,132,0,110,22
L3147,oddball,ok,,642.0,145,145,140,0,116,24
L316,oddball,ok,,640.0,148,148,131,0,109,22
L3176,oddball,ok,,641.0,149,149,97,0,80,17
L320,oddball,ok,,645.0,143,143,88,0,73,15
L335,oddball,ok,,635.0,150,150,149,0,124,25
L338,oddball,ok,,640.0,146,146,146,0,121,25
L34,oddball,ok,,655.0,146,146,120,0,100,20
L3403,oddball,ok,,639.0,149,149,147,0,123,24
L3424,oddball,ok,,638.0,145,145,139,0,116,23
L3427,oddball,ok,,639.0,143,143,126,0,109,17
L3430,oddball,ok,,651.0,150,150,132,0,107,25
L3439,oddball,ok,,637.0,150,150,139,0,117,22
L3445,oddball,ok,,635.0,149,149,148,0,123,25
L3448,oddball,ok,,635.0,150,150,139,0,115,24
L3465,oddball,ok,,633.0,149,149,145,0,122,23
L350,oddball,ok,,648.0,146,146,136,0,114,22
L3501,oddball,ok,,640.0,147,147,147,0,123,24
L3507,oddball,ok,,640.0,146,146,133,0,112,21
L3512,oddball,ok,,633.0,150,150,145,0,120,25
L3517,oddball,ok,,653.0,150,150,132,0,111,21
L3543,oddball,ok,,640.0,146,146,139,0,116,23
L3570,oddball,ok,,639.0,148,148,124,0,105,19
L3575,oddball,ok,,639.0,150,150,149,0,124,25
L3580,oddball,ok,,632.0,150,150,144,0,119,25
L3583,oddball,ok,,893.0,150,150,141,0,118,23
L3589,oddball,ok,,644.0,149,149,149,0,124,25
L3592,oddball,ok,,637.0,149,149,149,0,124,25
L3608,oddball,ok,,619.0,150,150,136,0,112,24
L3624,oddball,ok,,666.0,150,150,74,0,60,14
L3633,oddball,ok,,633.0,150,150,146,0,121,25
L3637,oddball,ok,,695.0,150,150,129,0,108,21
L3641,oddball,ok,,641.0,147,147,127,0,110,17
L3671,oddball,ok,,638.0,149,149,149,0,124,25
L3674,oddball,ok,,634.0,149,149,149,0,124,25
L3699,oddball,ok,,638.0,148,148,148,0,123,25
L3702,oddball,ok,,633.0,150,150,120,0,101,19
L3715,oddball,ok,,637.0,145,145,134,0,113,21
L3720,oddball,ok,,640.0,149,149,134,0,112,22
L3725,oddball,ok,,649.0,148,148,147,0,122,25
L3726,oddball,ok,,638.0,150,150,126,0,103,23
L3728,oddball,ok,,648.0,147,147,142,0,117,25
L3740,oddball,ok,,638.0,148,148,148,0,123,25
L3744,oddball,ok,,637.0,148,148,148,0,124,24
L3748,oddball,ok,,646.0,144,144,144,0,119,25
L3752,oddball,ok,,738.0,149,149,129,0,107,22
L3762,oddball,ok,,639.0,147,147,146,0,122,24
L3934,oddball,ok,,645.0,147,147,143,0,120,23
L3950,oddball,ok,,666.0,146,146,140,0,116,24
L3951,oddball,ok,,648.0,147,147,54,0,49,5
L3974,oddball,ok,,648.0,147,147,77,0,62,15
L3976,oddball,ok,,644.0,150,150,104,0,88,16
L3998,oddball,ok,,744.0,148,148,131,0,108,23
L4001,oddball,ok,,698.0,149,149,123,0,104,19
L4008,oddball,ok,,650.0,145,145,140,0,118,22
L4011,oddball,ok,,646.0,148,148,144,0,120,24
L4012,oddball,ok,,724.0,104,104,66,0,57,9
L4021,oddball,ok,,634.0,150,150,67,0,55,12
L4029,oddball,ok,,639.0,149,149,148,0,125,23
L4046,oddball,ok,,664.0,147,147,135,0,111,24
L4047,oddball,ok,,667.0,147,147,142,0,117,25
L4054,oddball,ok,,641.0,150,150,117,0,98,19
L4060,oddball,ok,,643.0,148,148,125,0,104,21
L4088,oddball,ok,,677.0,130,130,128,0,107,21
L41,oddball,ok,,638.0,148,148,147,0,122,25
L4103,oddball,ok,,678.0,147,147,128,0,107,21
L4107,oddball,ok,,638.0,150,150,90,0,75,15
L4116,oddball,ok,,657.0,148,148,123,0,104,19
L4208,oddball,ok,,641.0,147,147,120,0,102,18
L421,oddball,ok,,629.0,147,147,103,0,86,17
L4210,oddball,ok,,642.0,147,147,102,0,86,16
L4220,oddball,ok,,638.0,149,149,127,0,107,20
L4224,oddball,ok,,642.0,148,148,146,0,121,25
L4244,oddball,ok,,642.0,145,145,114,0,97,17
L4257,oddball,ok,,635.0,150,150,128,0,109,19
L4269,oddball,ok,,645.0,147,147,99,0,80,19
L4270,oddball,ok,,640.0,148,148,138,0,116,22
L4289,oddball,ok,,652.0,145,145,131,0,106,25
L431,oddball,ok,,641.0,148,148,140,0,117,23
L4311,oddball,ok,,679.0,148,148,145,0,122,23
L4318,oddball,ok,,695.0,149,149,148,0,124,24
L4320,oddball,ok,,645.0,149,149,93,0,78,15
L4322,oddball,ok,,676.0,120,120,114,0,96,18
L4324,oddball,ok,,679.0,120,120,118,0,98,20
L4327,oddball,ok,,639.0,148,148,143,0,119,24
L4336,oddball,ok,,674.0,124,124,118,0,98,20
L4342,oddball,ok,,630.0,133,133,53,0,43,10
L4348,oddball,ok,,647.0,146,146,146,0,121,25
L4351,oddball,ok,,693.0,137,137,137,0,116,21
L4359,oddball,ok,,657.0,148,148,87,0,73,14
L4362,oddball,ok,,630.0,146,146,131,0,107,24
L438,oddball,ok,,646.0,145,145,116,0,96,20
L439,oddball,ok,,640.0,150,150,121,0,98,23
L4395,oddball,ok,,711.0,131,131,117,0,99,18
L4399,oddball,ok,,666.0,123,123,123,0,103,20
L4401,oddball,ok,,639.0,148,148,100,0,80,20
L4402,oddball,ok,,638.0,148,148,147,0,122,25
L4404,oddball,ok,,641.0,147,147,146,0,122,24
L4409,oddball,ok,,639.0,149,149,132,0,110,22
L441,oddball,ok,,640.0,147,147,141,0,119,22
L4418,oddball,ok,,612.0,150,150,117,0,98,19
L4432,oddball,ok,,648.0,148,148,131,0,110,21
L4444,oddball,ok,,636.0,150,150,149,0,124,25
L4452,oddball,ok,,672.0,140,140,140,0,118,22
L4463,oddball,ok,,700.0,143,143,126,0,105,21
L4487,oddball,ok,,635.0,149,149,130,0,108,22
L4499,oddball,ok,,640.0,149,149,142,0,120,22
L45,oddball,ok,,654.0,148,148,143,0,119,24
L4517,oddball,ok,,633.0,150,150,83,0,68,15
L4518,oddball,ok,,652.0,142,142,140,0,118,22
L4519,oddball,ok,,672.0,149,149,140,0,115,25
L4520,oddball,ok,,639.0,148,148,129,0,108,21
L4527,oddball,ok,,642.0,148,148,140,0,118,22
L4528,oddball,ok,,639.0,149,149,134,0,112,22
L4532,oddball,ok,,668.0,150,150,136,0,112,24
L4535,oddball,ok,,817.0,150,150,97,0,80,17
L4536,oddball,ok,,554.0,148,148,135,0,111,24
L4544,oddball,ok,,643.0,145,145,145,0,120,25
L4545,oddball,ok,,677.0,148,148,144,0,120,24
L4554,oddball,ok,,640.0,149,149,136,0,111,25
L4561,oddball,ok,,642.0,145,145,115,0,96,19
L4566,oddball,ok,,643.0,146,146,129,0,109,20
L4577,oddball,ok,,623.0,145,145,142,0,117,25
L4578,oddball,ok,,643.0,146,146,123,0,104,19
L458,oddball,ok,,640.0,149,149,64,0,46,18
L4580,oddball,ok,,636.0,149,149,65,0,53,12
L4582,oddball,ok,,720.0,149,149,149,0,124,25
L4584,oddball,ok,,642.0,147,147,97,0,78,19
L49,oddball,ok,,644.0,146,146,143,0,119,24
L5,oddball,ok,,643.0,147,147,140,0,117,23
L50,oddball,ok,,725.0,99,99,98,0,84,14
L506,oddball,ok,,641.0,148,148,146,0,121,25
L514,oddball,ok,,641.0,147,147,93,0,77,16
L518,oddball,ok,,639.0,146,146,136,0,114,22
L522,oddball,ok,,642.0,144,144,142,0,119,23
L524,oddball,ok,,675.0,150,150,148,0,123,25
L528,oddball,ok,,653.0,144,144,96,0,79,17
L545,oddball,ok,,676.0,149,149,144,0,120,24
L546,oddball,ok,,635.0,149,149,140,0,117,23
L553,oddball,ok,,637.0,150,150,127,0,106,21
L559,oddball,ok,,635.0,149,149,137,0,113,24
L569,oddball,ok,,641.0,146,146,78,0,62,16
L573,oddball,ok,,639.0,146,146,138,0,114,24
L579,oddball,ok,,634.0,148,148,107,0,92,15
L585,oddball,ok,,648.0,150,150,125,0,106,19
L588,oddball,ok,,671.0,150,150,150,0,125,25
L597,oddball,ok,,646.0,150,150,149,0,124,25
L6,oddball,ok,,643.0,147,147,137,0,115,22
L60,oddball,ok,,651.0,149,149,126,0,106,20
L610,oddball,ok,,689.0,147,147,142,0,119,23
L612,oddball,ok,,651.0,148,148,143,0,118,25
L626,oddball,ok,,637.0,148,148,138,0,116,22
L629,oddball,ok,,635.0,150,150,134,0,110,24
L631,oddball,ok,,641.0,148,148,93,0,75,18
L637,oddball,ok,,638.0,149,149,130,0,110,20
L64,oddball,ok,,664.0,150,150,125,0,104,21
L681,oddball,ok,,654.0,146,146,113,0,95,18
L688,oddball,ok,,693.0,148,148,138,0,115,23
L690,oddball,ok,,657.0,148,148,129,0,106,23
L698,oddball,ok,,640.0,149,149,139,0,115,24
L699,oddball,ok,,646.0,144,144,126,0,104,22
L701,oddball,ok,,654.0,142,142,133,0,109,24
L708,oddball,ok,,741.0,148,148,127,0,104,23
L711,oddball,ok,,641.0,147,147,122,0,101,21
L713,oddball,ok,,652.0,146,146,145,0,120,25
L714,oddball,ok,,658.0,143,143,133,0,113,20
L721,oddball,ok,,637.0,150,150,138,0,116,22
L737,oddball,ok,,643.0,147,147,131,0,108,23
L748,oddball,ok,,729.0,149,149,148,0,124,24
L759,oddball,ok,,639.0,147,147,146,0,122,24
L767,oddball,ok,,639.0,149,149,149,0,124,25
L787,oddball,ok,,638.0,149,149,146,0,122,24
L815,oddball,ok,,674.0,123,123,114,0,94,20
L816,oddball,ok,,638.0,150,150,112,0,90,22
L82,oddball,ok,,640.0,147,147,135,0,112,23
L828,oddball,ok,,567.0,120,120,115,0,96,19
L835,oddball,ok,,641.0,149,149,101,0,84,17
L851,oddball,ok,,674.0,150,150,130,0,107,23
L854,oddball,ok,,641.0,147,147,131,0,110,21
L861,oddball,ok,,641.0,146,146,124,0,101,23
L98,oddball,ok,,651.0,137,137,132,0,110,22
L99,oddball,ok,,640.0,149,149,134,0,109,25
L105,oddball,ok,,644.0,146,146,143,0,119,24
L120,oddball,ok,,646.0,147,147,147,0,123,24
L121,oddball,ok,,650.0,137,137,122,0,103,19
L122,oddball,ok,,636.0,150,150,146,0,122,24
L125,oddball,ok,,650.0,148,148,148,0,123,25
L127,oddball,ok,,639.0,148,148,145,0,121,24
L130,oddball,ok,,637.0,149,149,149,0,125,24
L131,oddball,ok,,641.0,149,149,149,0,124,25
L1351,oddball,ok,,635.0,150,150,130,0,107,23
L1371,oddball,ok,,639.0,149,149,126,0,105,21
L1375,oddball,ok,,639.0,148,148,120,0,98,22
L1407,oddball,ok,,651.0,148,148,122,0,102,20
L1409,oddball,ok,,642.0,149,149,138,0,116,22
L141,oddball,ok,,654.0,136,136,136,0,112,24
L1425,oddball,ok,,640.0,148,148,54,0,43,11
L1428,oddball,ok,,639.0,149,149,149,0,124,25
L1429,oddball,ok,,657.0,145,145,124,0,102,22
L143,oddball,ok,,654.0,147,147,139,0,116,23
L1431,oddball,ok,,638.0,149,149,115,0,95,20
L1441,oddball,ok,,641.0,148,148,145,0,121,24
L1443,oddball,ok,,642.0,149,149,133,0,113,20
L1448,oddball,ok,,650.0,143,143,108,0,88,20
L1449,oddball,ok,,705.0,146,146,141,0,116,25
L145,oddball,ok,,633.0,124,124,117,0,97,20
L1453,oddball,ok,,625.0,150,150,109,0,93,16
L1458,oddball,ok,,655.0,136,136,130,0,108,22
L1464,oddball,ok,,642.0,146,146,143,0,118,25
L1467,oddball,ok,,663.0,129,129,95,0,82,13
L1470,oddball,ok,,664.0,123,123,110,0,92,18
L1475,oddball,ok,,621.0,150,150,117,0,99,18
L1478,oddball,ok,,638.0,149,149,147,0,124,23
L149,oddball,ok,,648.0,145,145,138,0,113,25
L1495,oddball,ok,,654.0,148,148,143,0,118,25
L1497,oddball,ok,,686.0,142,142,138,0,116,22
L1498,oddball,ok,,618.0,150,150,140,0,116,24
L1500,oddball,ok,,657.0,128,128,128,0,107,21
L1515,oddball,ok,,645.0,140,140,139,0,117,22
L1523,oddball,ok,,633.0,150,150,148,0,123,25
L1544,oddball,ok,,622.0,150,150,142,0,117,25
L1551,oddball,ok,,639.0,147,147,146,0,122,24
L1565,oddball,ok,,643.0,147,147,123,0,101,22
L1570,oddball,ok,,651.0,146,146,139,0,115,24
L1573,oddball,ok,,639.0,150,150,140,0,118,22
L1574,oddball,ok,,633.0,150,150,126,0,105,21
L1587,oddball,ok,,639.0,147,147,145,0,120,25
L1592,oddball,ok,,669.0,144,144,134,0,112,22
L1593,oddball,ok,,644.0,150,150,143,0,119,24
L1598,oddball,ok,,616.0,150,150,88,0,75,13
L1602,oddball,ok,,637.0,149,149,96,0,79,17
L1606,oddball,ok,,638.0,150,150,148,0,123,25
L1611,oddball,ok,,639.0,147,147,133,0,114,19
L1616,oddball,ok,,638.0,149,149,147,0,123,24
L1639,oddball,ok,,641.0,147,147,133,0,113,20
L1642,oddball,ok,,639.0,148,148,120,0,97,23
L1656,oddball,ok,,649.0,149,149,143,0,119,24
L1664,oddball,ok,,718.0,148,148,127,0,105,22
L1672,oddball,ok,,739.0,149,149,137,0,114,23
L1679,oddball,ok,,671.0,139,139,81,0,66,15
L168,oddball,ok,,623.0,150,150,53,0,45,8
L1688,oddball,ok,,637.0,149,149,138,0,115,23
L1694,oddball,ok,,663.0,146,146,145,0,122,23
L1703,oddball,ok,,645.0,145,145,140,0,116,24
L1704,oddball,ok,,639.0,148,148,148,0,124,24
L1708,oddball,ok,,638.0,148,148,128,0,104,24
L1719,oddball,ok,,641.0,148,148,136,0,114,22
L1727,oddball,ok,,653.0,148,148,141,0,117,24
L1732,oddball,ok,,638.0,149,149,143,0,118,25
L1733,oddball,ok,,676.0,148,148,148,0,123,25
L1742,oddball,ok,,648.0,149,149,138,0,114,24
L1746,oddball,ok,,643.0,146,146,133,0,111,22
L1751,oddball,ok,,637.0,148,148,148,0,123,25
L1753,oddball,ok,,668.0,148,148,145,0,121,24
L1759,oddball,ok,,639.0,148,148,142,0,119,23
L1773,oddball,ok,,639.0,149,149,129,0,107,22
L1788,oddball,ok,,640.0,146,146,143,0,120,23
L1790,oddball,ok,,676.0,146,146,122,0,104,18
L1799,oddball,ok,,638.0,149,149,134,0,111,23
L181,oddball,ok,,641.0,147,147,147,0,123,24
L1820,oddball,ok,,700.0,150,150,107,0,89,18
L1831,oddball,ok,,734.0,145,145,112,0,92,20
L1836,oddball,ok,,659.0,138,138,131,0,108,23
L1855,oddball,ok,,633.0,150,150,146,0,121,25
L1859,oddball,ok,,650.0,143,143,138,0,115,23
L1864,oddball,ok,,662.0,145,145,117,0,95,22
L1876,oddball,ok,,643.0,146,146,137,0,116,21
L1879,oddball,ok,,619.0,146,146,143,0,119,24
L1898,oddball,ok,,642.0,146,146,140,0,118,22
L1901,oddball,ok,,642.0,147,147,121,0,97,24
L1903,oddball,ok,,648.0,145,145,123,0,102,21
L1909,oddball,ok,,650.0,138,138,76,0,61,15
L1910,oddball,ok,,642.0,149,149,90,0,75,15
L206,oddball,ok,,639.0,150,150,150,0,125,25
L207,oddball,ok,,639.0,148,148,148,0,123,25
L208,oddball,ok,,658.0,129,129,90,0,77,13
L21,oddball,ok,,640.0,148,148,146,0,122,24
L211,oddball,ok,,643.0,144,144,134,0,112,22
L222,oddball,ok,,681.0,148,148,148,0,124,24
L2540,oddball,ok,,641.0,148,148,141,0,117,24
L255,oddball,ok,,648.0,138,138,66,0,53,13
L2552,oddball,ok,,643.0,149,149,148,0,123,25
L2556,oddball,ok,,649.0,150,150,128,0,107,21
L2564,oddball,ok,,640.0,148,148,141,0,118,23
L2565,oddball,ok,,640.0,148,148,145,0,121,24
L2571,oddball,ok,,642.0,147,147,124,0,100,24
L258,oddball,ok,,647.0,147,147,117,0,97,20
L2616,oddball,ok,,649.0,146,146,140,0,117,23
L2622,oddball,ok,,642.0,143,143,139,0,114,25
L2623,oddball,ok,,643.0,146,146,144,0,122,22
L2637,oddball,ok,,642.0,149,149,132,0,112,20
L2645,oddball,ok,,640.0,148,148,99,0,80,19
L2648,oddball,ok,,661.0,132,132,132,0,111,21
L2649,oddball,ok,,641.0,148,148,142,0,118,24
L2657,oddball,ok,,675.0,147,147,132,0,111,21
L2664,oddball,ok,,660.0,143,143,135,0,114,21
L2665,oddball,ok,,672.0,146,146,146,0,122,24
L2684,oddball,ok,,643.0,147,147,132,0,109,23
L2688,oddball,ok,,652.0,148,148,62,0,55,7
L2695,oddball,ok,,644.0,146,146,143,0,120,23
L2696,oddball,ok,,641.0,147,147,146,0,122,24
L2710,oddball,ok,,647.0,143,143,30,0,23,7
L2718,oddball,ok,,646.0,146,146,141,0,117,24
L2720,oddball,ok,,642.0,147,147,68,0,56,12
L2724,oddball,ok,,640.0,148,148,85,0,74,11
L2725,oddball,ok,,670.0,120,120,120,0,100,20
L2750,oddball,ok,,647.0,144,144,144,0,123,21
L2757,oddball,ok,,641.0,148,148,136,0,112,24
L2763,oddball,ok,,638.0,148,148,146,0,122,24
L2766,oddball,ok,,652.0,138,138,133,0,111,22
L2767,oddball,ok,,651.0,143,143,84,0,70,14
L2772,oddball,ok,,642.0,147,147,133,0,111,22
L2776,oddball,ok,,641.0,148,148,80,0,65,15
L2777,oddball,ok,,636.0,149,149,145,0,121,24
L2796,oddball,ok,,649.0,146,146,144,0,120,24
L2803,oddball,ok,,639.0,147,147,144,0,120,24
L2804,oddball,ok,,646.0,148,148,133,0,110,23
L2805,oddball,ok,,644.0,144,144,137,0,113,24
L2819,oddball,ok,,647.0,145,145,145,0,120,25
L2823,oddball,ok,,637.0,149,149,149,0,124,25
L2841,oddball,ok,,682.0,147,147,135,0,112,23
L2853,oddball,ok,,638.0,148,148,148,0,124,24
L2862,oddball,ok,,637.0,149,149,149,0,124,25
L2868,oddball,ok,,690.0,148,148,146,0,121,25
L2873,oddball,ok,,637.0,149,149,144,0,119,25
L2881,oddball,ok,,641.0,148,148,141,0,117,24
L2882,oddball,ok,,644.0,147,147,146,0,121,25
L2903,oddball,ok,,640.0,149,149,64,0,54,10
L2904,oddball,ok,,646.0,145,145,140,0,116,24
L2905,oddball,ok,,644.0,146,146,146,0,121,25
L2925,oddball,ok,,682.0,145,145,127,0,105,22
L2937,oddball,ok,,674.0,143,143,142,0,118,24
L2939,oddball,ok,,640.0,147,147,100,0,84,16
L2949,oddball,ok,,641.0,147,147,135,0,112,23
L2955,oddball,ok,,655.0,132,132,123,0,103,20
L2962,oddball,ok,,647.0,142,142,113,0,95,18
L2970,oddball,ok,,638.0,149,149,141,0,117,24
L2977,oddball,ok,,647.0,144,144,140,0,117,23
L2983,oddball,ok,,646.0,144,144,96,0,83,13
L2997,oddball,ok,,640.0,148,148,142,0,118,24
L2998,oddball,ok,,650.0,137,137,137,0,113,24
L3022,oddball,ok,,637.0,148,148,142,0,120,22
L3023,oddball,ok,,641.0,149,149,144,0,120,24
L3026,oddball,ok,,640.0,148,148,94,0,77,17
L3029,oddball,ok,,645.0,143,143,82,0,70,12
L3055,oddball,ok,,641.0,147,147,140,0,117,23
L3059,oddball,ok,,636.0,150,150,149,0,125,24
L3062,oddball,ok,,651.0,141,141,103,0,90,13
L3065,oddball,ok,,638.0,149,149,114,0,96,18
L3078,oddball,ok,,637.0,149,149,148,0,124,24
L3081,oddball,ok,,642.0,149,149,133,0,112,21
L3083,oddball,ok,,656.0,148,148,132,0,108,24
L3084,oddball,ok,,643.0,143,143,142,0,118,24
L3088,oddball,ok,,643.0,147,147,53,0,42,11
L3111,oddball,ok,,653.0,149,149,143,0,120,23
L3114,oddball,ok,,639.0,148,148,123,0,103,20
L3130,oddball,ok,,638.0,149,149,123,0,103,20
L3131,oddball,ok,,643.0,147,147,126,0,103,23
L3148,oddball,ok,,644.0,148,148,142,0,119,23
L3151,oddball,ok,,641.0,147,147,146,0,122,24
L3152,oddball,ok,,637.0,149,149,140,0,116,24
L3160,oddball,ok,,656.0,131,131,128,0,108,20
L3161,oddball,ok,,640.0,148,148,119,0,100,19
L3164,oddball,ok,,654.0,149,149,130,0,108,22
L3177,oddball,ok,,657.0,145,145,105,0,87,18
L318,oddball,ok,,645.0,145,145,134,0,113,21
L3180,oddball,ok,,643.0,145,145,109,0,91,18
L3182,oddball,ok,,639.0,148,148,124,0,102,22
L3184,oddball,ok,,639.0,149,149,134,0,109,25
L3185,oddball,ok,,637.0,148,148,141,0,117,24
L3187,oddball,ok,,614.0,148,148,113,0,98,15
L3198,oddball,ok,,643.0,147,147,68,0,55,13
L3200,oddball,ok,,663.0,147,147,145,0,121,24
L322,oddball,ok,,636.0,149,149,148,0,123,25
L325,oddball,ok,,639.0,147,147,116,0,95,21
L339,oddball,ok,,645.0,143,143,138,0,114,24
L340,oddball,ok,,639.0,146,146,126,0,104,22
L3434,oddball,ok,,634.0,148,148,146,0,122,24
L3438,oddball,ok,,658.0,149,149,149,0,124,25
L3446,oddball,ok,,633.0,148,148,143,0,118,25
L3450,oddball,ok,,640.0,120,120,113,0,95,18
L3464,oddball,ok,,660.0,146,146,137,0,113,24
L3529,oddball,ok,,641.0,147,147,144,0,120,24
L353,oddball,ok,,659.0,147,147,129,0,108,21
L3539,oddball,ok,,640.0,150,150,143,0,119,24
L354,oddball,ok,,646.0,140,140,132,0,113,19
L3552,oddball,ok,,649.0,150,150,134,0,111,23
L3560,oddball,ok,,645.0,150,150,150,0,125,25
L3561,oddball,ok,,648.0,148,148,84,0,72,12
L3564,oddball,ok,,648.0,149,149,128,0,103,25
L357,oddball,ok,,640.0,147,147,143,0,119,24
L3579,oddball,ok,,646.0,148,148,145,0,120,25
L3585,oddball,ok,,628.0,150,150,150,0,125,25
L3586,oddball,ok,,743.0,148,148,146,0,121,25
L3597,oddball,ok,,640.0,147,147,136,0,113,23
L3604,oddball,ok,,640.0,149,149,148,0,124,24
L3606,oddball,ok,,643.0,150,150,146,0,121,25
L3607,oddball,ok,,641.0,148,148,105,0,87,18
L3610,oddball,ok,,641.0,147,147,129,0,107,22
L3622,oddball,ok,,647.0,150,150,102,0,82,20
L3650,oddball,ok,,642.0,150,150,144,0,119,25
L3651,oddball,ok,,637.0,148,148,148,0,123,25
L3670,oddball,ok,,640.0,146,146,140,0,117,23
L3676,oddball,ok,,643.0,149,149,149,0,125,24
L3683,oddball,ok,,631.0,150,150,150,0,125,25
L3687,oddball,ok,,636.0,148,148,148,0,123,25
L37,oddball,ok,,643.0,149,149,144,0,119,25
L3700,oddball,ok,,634.0,149,149,142,0,117,25
L3703,oddball,ok,,736.0,135,135,120,0,98,22
L3710,oddball,ok,,639.0,147,147,141,0,118,23
L3729,oddball,ok,,641.0,148,148,145,0,120,25
L3730,oddball,ok,,636.0,147,147,147,0,122,25
L3732,oddball,ok,,636.0,148,148,141,0,117,24
L39,oddball,ok,,642.0,147,147,138,0,117,21
L3941,oddball,ok,,642.0,148,148,145,0,120,25
L3952,oddball,ok,,656.0,147,147,147,0,124,23
L3966,oddball,ok,,641.0,147,147,139,0,117,22
L3972,oddball,ok,,650.0,147,147,131,0,111,20
L3973,oddball,ok,,645.0,150,150,143,0,120,23
L3994,oddball,ok,,663.0,147,147,146,0,122,24
L4018,oddball,ok,,639.0,148,148,140,0,117,23
L4023,oddball,ok,,634.0,150,150,145,0,122,23
L4025,oddball,ok,,672.0,146,146,74,0,60,14
L4034,oddball,ok,,640.0,150,150,126,0,106,20
L4035,oddball,ok,,645.0,148,148,110,0,93,17
L4044,oddball,ok,,644.0,148,148,148,0,124,24
L4045,oddball,ok,,652.0,144,144,102,0,81,21
L4055,oddball,ok,,639.0,146,146,145,0,121,24
L4056,oddball,ok,,645.0,149,149,129,0,108,21
L4067,oddball,ok,,636.0,150,150,132,0,109,23
L4075,oddball,ok,,637.0,148,148,147,0,123,24
L4076,oddball,ok,,636.0,148,148,109,0,93,16
L4081,oddball,ok,,649.0,150,150,130,0,108,22
L4082,oddball,ok,,725.0,149,149,137,0,114,23
L4090,oddball,ok,,652.0,132,132,107,0,89,18
L4105,oddball,ok,,641.0,150,150,109,0,93,16
L4106,oddball,ok,,651.0,150,150,149,0,124,25
L4111,oddball,ok,,642.0,144,144,141,0,116,25
L4112,oddball,ok,,637.0,149,149,65,0,56,9
L4114,oddball,ok,,638.0,150,150,125,0,101,24
L4118,oddball,ok,,638.0,149,149,149,0,124,25
L414,oddball,ok,,655.0,150,150,110,0,92,18
L4199,oddball,ok,,638.0,148,148,114,0,95,19
L4201,oddball,ok,,639.0,148,148,143,0,119,24
L4215,oddball,ok,,639.0,149,149,143,0,118,25
L4219,oddball,ok,,643.0,150,150,148,0,124,24
L4223,oddball,ok,,689.0,120,120,120,0,100,20
L4226,oddball,ok,,642.0,144,144,112,0,91,21
L4228,oddball,ok,,639.0,149,149,109,0,91,18
L4229,oddball,ok,,636.0,147,147,128,0,113,15
L4245,oddball,ok,,637.0,149,149,144,0,120,24
L4249,oddball,ok,,642.0,146,146,141,0,119,22
L4251,oddball,ok,,648.0,149,149,142,0,118,24
L4253,oddball,ok,,673.0,120,120,118,0,98,20
L4259,oddball,ok,,641.0,147,147,110,0,89,21
L428,oddball,ok,,636.0,148,148,96,0,80,16
L4288,oddball,ok,,778.0,136,136,117,0,97,20
L429,oddball,ok,,643.0,150,150,120,0,99,21
L4299,oddball,ok,,656.0,113,113,69,0,58,11
L4309,oddball,ok,,680.0,147,147,75,0,64,11
L4312,oddball,ok,,633.0,150,150,112,0,94,18
L4317,oddball,ok,,657.0,148,148,120,0,102,18
L4345,oddball,ok,,615.0,149,149,147,0,122,25
L4383,oddball,ok,,648.0,142,142,138,0,114,24
L4384,oddball,ok,,634.0,149,149,149,0,124,25
L4387,oddball,ok,,655.0,147,147,139,0,115,24
L4388,oddball,ok,,642.0,148,148,144,0,119,25
L4392,oddball,ok,,641.0,147,147,144,0,119,25
L4393,oddball,ok,,722.0,139,139,130,0,107,23
L4397,oddball,ok,,657.0,147,147,51,0,43,8
L4400,oddball,ok,,646.0,145,145,143,0,118,25
L4430,oddball,ok,,674.0,121,121,107,0,90,17
L4455,oddball,ok,,651.0,140,140,137,0,115,22
L446,oddball,ok,,641.0,149,149,132,0,109,23
L4469,oddball,ok,,667.0,126,126,124,0,104,20
L4473,oddball,ok,,652.0,148,148,141,0,116,25
L4478,oddball,ok,,652.0,139,139,133,0,110,23
L4479,oddball,ok,,661.0,143,143,143,0,119,24
L448,oddball,ok,,633.0,149,149,123,0,100,23
L4482,oddball,ok,,644.0,149,149,144,0,119,25
L4483,oddball,ok,,643.0,147,147,146,0,121,25
L4485,oddball,ok,,640.0,149,149,147,0,122,25
L4486,oddball,ok,,642.0,149,149,118,0,97,21
L4492,oddball,ok,,671.0,147,147,144,0,119,25
L4500,oddball,ok,,638.0,149,149,149,0,124,25
L4504,oddball,ok,,643.0,146,146,125,0,106,19
L4506,oddball,ok,,644.0,147,147,138,0,113,25
L4510,oddball,ok,,734.0,148,148,137,0,112,25
L4522,oddball,ok,,641.0,147,147,119,0,97,22
L4540,oddball,ok,,642.0,149,149,146,0,123,23
L4541,oddball,ok,,637.0,150,150,148,0,123,25
L4543,oddball,ok,,642.0,147,147,91,0,72,19
L455,oddball,ok,,644.0,149,149,134,0,110,24
L4550,oddball,ok,,638.0,148,148,126,0,105,21
L4551,oddball,ok,,638.0,149,149,146,0,121,25
L4555,oddball,ok,,640.0,148,148,147,0,122,25
L4576,oddball,ok,,641.0,147,147,144,0,120,24
L46,oddball,ok,,639.0,150,150,146,0,121,25
L461,oddball,ok,,680.0,149,149,149,0,125,24
L47,oddball,ok,,640.0,148,148,145,0,120,25
L487,oddball,ok,,647.0,150,150,110,0,92,18
L492,oddball,ok,,649.0,147,147,90,0,77,13
L494,oddball,ok,,638.0,149,149,141,0,118,23
L497,oddball,ok,,630.0,150,150,138,0,114,24
L504,oddball,ok,,648.0,145,145,142,0,118,24
L505,oddball,ok,,636.0,150,150,145,0,120,25
L508,oddball,ok,,631.0,150,150,97,0,82,15
L52,oddball,ok,,639.0,148,148,148,0,123,25
L523,oddball,ok,,646.0,149,149,148,0,123,25
L532,oddball,ok,,636.0,148,148,147,0,122,25
L542,oddball,ok,,657.0,147,147,131,0,108,23
L550,oddball,ok,,658.0,150,150,137,0,114,23
L555,oddball,ok,,637.0,149,149,130,0,107,23
L556,oddball,ok,,634.0,149,149,146,0,121,25
L566,oddball,ok,,644.0,146,146,143,0,120,23
L577,oddball,ok,,649.0,149,149,141,0,117,24
L596,oddball,ok,,658.0,148,148,147,0,122,25
L605,oddball,ok,,645.0,149,149,141,0,117,24
L622,oddball,ok,,637.0,150,150,150,0,125,25
L623,oddball,ok,,634.0,150,150,143,0,120,23
L630,oddball,ok,,635.0,150,150,144,0,120,24
L633,oddball,ok,,667.0,146,146,143,0,121,22
L647,oddball,ok,,637.0,150,150,150,0,125,25
L648,oddball,ok,,643.0,147,147,103,0,84,19
L650,oddball,ok,,644.0,148,148,146,0,121,25
L665,oddball,ok,,652.0,143,143,139,0,116,23
L672,oddball,ok,,640.0,148,148,127,0,106,21
L696,oddball,ok,,640.0,149,149,130,0,109,21
L717,oddball,ok,,641.0,146,146,121,0,99,22
L719,oddball,ok,,640.0,148,148,147,0,122,25
L72,oddball,ok,,645.0,147,147,135,0,112,23
L726,oddball,ok,,638.0,149,149,128,0,105,23
L729,oddball,ok,,649.0,141,141,139,0,114,25
L73,oddball,ok,,637.0,149,149,138,0,118,20
L742,oddball,ok,,637.0,147,147,124,0,100,24
L746,oddball,ok,,638.0,150,150,150,0,125,25
L762,oddball,ok,,659.0,149,149,146,0,121,25
L789,oddball,ok,,659.0,136,136,134,0,111,23
L790,oddball,ok,,643.0,145,145,139,0,116,23
L791,oddball,ok,,715.0,149,149,148,0,123,25
L794,oddball,ok,,638.0,150,150,138,0,114,24
L80,oddball,ok,,643.0,149,149,144,0,120,24
L801,oddball,ok,,638.0,150,150,141,0,117,24
L807,oddball,ok,,648.0,148,148,145,0,120,25
L819,oddball,ok,,643.0,146,146,123,0,104,19
L824,oddball,ok,,640.0,146,146,122,0,103,19
L848,oddball,ok,,654.0,150,150,144,0,119,25
L855,oddball,ok,,671.0,142,142,131,0,106,25
L863,oddball,ok,,644.0,148,148,128,0,106,22
L102,oddball,ok,,650.0,142,142,133,0,110,23
L106,oddball,ok,,645.0,145,145,143,0,120,23
L108,oddball,ok,,659.0,144,144,133,0,111,22
L112,oddball,ok,,637.0,149,149,149,0,124,25
L114,oddball,ok,,641.0,148,148,147,0,122,25
L117,oddball,ok,,636.0,150,150,148,0,123,25
L126,oddball,ok,,638.0,149,149,146,0,121,25
L129,oddball,ok,,647.0,143,143,138,0,115,23
L1353,oddball,ok,,636.0,146,146,143,0,118,25
L1363,oddball,ok,,641.0,149,149,141,0,117,24
L1381,oddball,ok,,695.0,148,148,105,0,87,18
L1385,oddball,ok,,641.0,148,148,122,0,100,22
L1391,oddball,ok,,639.0,149,149,146,0,121,25
L14,oddball,ok,,756.0,150,150,106,0,89,17
L140,oddball,ok,,640.0,150,150,121,0,98,23
L1418,oddball,ok,,639.0,149,149,138,0,115,23
L1438,oddball,ok,,656.0,148,148,145,0,122,23
L144,oddball,ok,,651.0,148,148,147,0,122,25
L1451,oddball,ok,,622.0,150,150,124,0,103,21
L1452,oddball,ok,,627.0,150,150,126,0,105,21
L1457,oddball,ok,,649.0,146,146,131,0,111,20
L146,oddball,ok,,642.0,149,149,146,0,122,24
L1461,oddball,ok,,651.0,146,146,103,0,84,19
L147,oddball,ok,,674.0,145,145,132,0,108,24
L1472,oddball,ok,,641.0,147,147,128,0,105,23
L148,oddball,ok,,636.0,139,139,131,0,106,25
L1483,oddball,ok,,639.0,147,147,143,0,119,24
L1485,oddball,ok,,641.0,144,144,132,0,109,23
L1487,oddball,ok,,643.0,147,147,138,0,115,23
L1493,oddball,ok,,645.0,143,143,136,0,113,23
L1502,oddball,ok,,639.0,150,150,121,0,100,21
L1506,oddball,ok,,636.0,150,150,145,0,122,23
L1507,oddball,ok,,632.0,150,150,149,0,124,25
L1524,oddball,ok,,630.0,150,150,143,0,119,24
L1539,oddball,ok,,634.0,149,149,87,0,75,12
L1542,oddball,ok,,634.0,150,150,149,0,124,25
L1547,oddball,ok,,631.0,150,150,116,0,99,17
L1548,oddball,ok,,672.0,150,150,145,0,120,25
L1549,oddball,ok,,602.0,128,128,88,0,74,14
L1553,oddball,ok,,641.0,150,150,139,0,116,23
L1555,oddball,ok,,712.0,150,150,140,0,115,25
L1558,oddball,ok,,640.0,150,150,131,0,111,20
L1566,oddball,ok,,634.0,149,149,140,0,116,24
L1567,oddball,ok,,635.0,150,150,141,0,117,24
L1581,oddball,ok,,635.0,148,148,122,0,102,20
L1586,oddball,ok,,633.0,150,150,148,0,124,24
L1589,oddball,ok,,628.0,150,150,148,0,123,25
L1597,oddball,ok,,641.0,150,150,117,0,97,20
L16,oddball,ok,,637.0,150,150,140,0,116,24
L1615,oddball,ok,,637.0,149,149,145,0,122,23
L1634,oddball,ok,,640.0,148,148,113,0,95,18
L1635,oddball,ok,,641.0,148,148,117,0,100,17
L1636,oddball,ok,,637.0,149,149,141,0,118,23
L1641,oddball,ok,,646.0,146,146,141,0,118,23
L1643,oddball,ok,,653.0,148,148,125,0,105,20
L1659,oddball,ok,,652.0,149,149,149,0,124,25
L1660,oddball,ok,,639.0,147,147,95,0,81,14
L1668,oddball,ok,,640.0,148,148,146,0,122,24
L1675,oddball,ok,,644.0,146,146,145,0,122,23
L1676,oddball,ok,,639.0,148,148,126,0,103,23
L1689,oddball,ok,,641.0,149,149,146,0,121,25
L1697,oddball,ok,,640.0,147,147,143,0,120,23
L1699,oddball,ok,,650.0,142,142,83,0,71,12
L1702,oddball,ok,,646.0,145,145,136,0,112,24
L1707,oddball,ok,,640.0,148,148,132,0,109,23
L171,oddball,ok,,655.0,142,142,126,0,107,19
L1712,oddball,ok,,646.0,144,144,137,0,115,22
L1714,oddball,ok,,648.0,142,142,108,0,86,22
L1715,oddball,ok,,641.0,147,147,134,0,112,22
L1725,oddball,ok,,639.0,148,148,124,0,102,22
L1726,oddball,ok,,639.0,148,148,126,0,103,23
L1736,oddball,ok,,639.0,149,149,136,0,113,23
L174,oddball,ok,,639.0,146,146,135,0,112,23
L1748,oddball,ok,,645.0,149,149,138,0,117,21
L1776,oddball,ok,,644.0,147,147,136,0,114,22
L178,oddball,ok,,643.0,146,146,140,0,117,23
L1802,oddball,ok,,642.0,145,145,143,0,118,25
L1806,oddball,ok,,639.0,149,149,146,0,121,25
L1809,oddball,ok,,647.0,146,146,137,0,115,22
L1811,oddball,ok,,641.0,148,148,138,0,115,23
L1817,oddball,ok,,676.0,145,145,139,0,119,20
L1818,oddball,ok,,646.0,146,146,145,0,121,24
L1822,oddball,ok,,647.0,143,143,139,0,115,24
L1833,oddball,ok,,634.0,150,150,148,0,123,25
L184,oddball,ok,,641.0,150,150,134,0,112,22
L1856,oddball,ok,,693.0,148,148,127,0,105,22
L1858,oddball,ok,,654.0,145,145,132,0,113,19
L1868,oddball,ok,,654.0,149,149,149,0,124,25
L1872,oddball,ok,,672.0,148,148,148,0,123,25
L1897,oddball,ok,,644.0,146,146,125,0,106,19
L1899,oddball,ok,,653.0,144,144,126,0,105,21
L190,oddball,ok,,649.0,146,146,130,0,110,20
L1905,oddball,ok,,644.0,147,147,130,0,107,23
L196,oddball,ok,,649.0,141,141,138,0,115,23
L202,oddball,ok,,642.0,146,146,140,0,119,21
L214,oddball,ok,,735.0,147,147,146,0,121,25
L216,oddball,ok,,641.0,149,149,126,0,104,22
L227,oddball,ok,,646.0,145,145,143,0,120,23
L24,oddball,ok,,635.0,148,148,140,0,117,23
L247,oddball,ok,,643.0,147,147,131,0,109,22
L249,oddball,ok,,644.0,144,144,113,0,96,17
L2518,oddball,ok,,642.0,147,147,111,0,91,20
L2521,oddball,ok,,638.0,150,150,116,0,99,17
L2528,oddball,ok,,653.0,149,149,145,0,121,24
L2535,oddball,ok,,645.0,141,141,116,0,96,20
L2539,oddball,ok,,640.0,149,149,135,0,112,23
L2542,oddball,ok,,639.0,148,148,131,0,109,22
L2550,oddball,ok,,644.0,141,141,125,0,105,20
L2558,oddball,ok,,617.0,147,147,147,0,123,24
L2561,oddball,ok,,724.0,142,142,75,0,59,16
L2563,oddball,ok,,628.0,143,143,138,0,115,23
L257,oddball,ok,,646.0,147,147,43,0,34,9
L2573,oddball,ok,,698.0,149,149,144,0,119,25
L2576,oddball,ok,,638.0,149,149,147,0,122,25
L2598,oddball,ok,,639.0,149,149,140,0,117,23
L2604,oddball,ok,,654.0,147,147,114,0,93,21
L2613,oddball,ok,,649.0,147,147,140,0,117,23
L2624,oddball,ok,,644.0,147,147,142,0,119,23
L2633,oddball,ok,,639.0,148,148,146,0,122,24
L2634,oddball,ok,,645.0,146,146,146,0,123,23
L2640,oddball,ok,,654.0,148,148,139,0,117,22
L2656,oddball,ok,,645.0,143,143,120,0,100,20
L2658,oddball,ok,,641.0,147,147,143,0,119,24
L2663,oddball,ok,,644.0,146,146,146,0,121,25
L2667,oddball,ok,,641.0,149,149,136,0,115,21
L2668,oddball,ok,,644.0,147,147,145,0,121,24
L2671,oddball,ok,,644.0,147,147,139,0,117,22
L2685,oddball,ok,,644.0,143,143,124,0,102,22
L2686,oddball,ok,,650.0,147,147,147,0,122,25
L2693,oddball,ok,,666.0,147,147,118,0,96,22
L2706,oddball,ok,,646.0,144,144,99,0,81,18
L2707,oddball,ok,,637.0,149,149,141,0,120,21
L2714,oddball,ok,,644.0,147,147,62,0,56,6
L2717,oddball,ok,,639.0,148,148,146,0,122,24
L2726,oddball,ok,,671.0,149,149,143,0,119,24
L2731,oddball,ok,,639.0,149,149,142,0,118,24
L2732,oddball,ok,,654.0,148,148,141,0,118,23
L2745,oddball,ok,,655.0,136,136,136,0,115,21
L2759,oddball,ok,,644.0,144,144,142,0,119,23
L277,oddball,ok,,635.0,150,150,129,0,109,20
L2770,oddball,ok,,643.0,145,145,145,0,122,23
L2775,oddball,ok,,638.0,147,147,144,0,121,23
L2794,oddball,ok,,645.0,146,146,146,0,121,25
L2801,oddball,ok,,638.0,148,148,105,0,88,17
L2807,oddball,ok,,640.0,149,149,142,0,119,23
L2814,oddball,ok,,646.0,149,149,149,0,124,25
L2824,oddball,ok,,648.0,144,144,141,0,116,25
L2825,oddball,ok,,637.0,148,148,147,0,122,25
L283,oddball,ok,,675.0,147,147,96,0,79,17
L2847,oddball,ok,,641.0,148,148,140,0,115,25
L2848,oddball,ok,,639.0,149,149,147,0,125,22
L2850,oddball,ok,,643.0,146,146,144,0,120,24
L286,oddball,ok,,641.0,145,145,145,0,120,25
L2866,oddball,ok,,642.0,146,146,143,0,121,22
L2870,oddball,ok,,644.0,144,144,137,0,114,23
L2883,oddball,ok,,642.0,147,147,145,0,121,24
L2891,oddball,ok,,638.0,149,149,118,0,93,25
L2894,oddball,ok,,636.0,149,149,148,0,123,25
L2909,oddball,ok,,651.0,144,144,128,0,104,24
L2915,oddball,ok,,644.0,145,145,114,0,96,18
L2916,oddball,ok,,638.0,149,149,136,0,111,25
L2919,oddball,ok,,639.0,148,148,126,0,104,22
L2922,oddball,ok,,640.0,148,148,146,0,122,24
L2931,oddball,ok,,642.0,148,148,59,0,47,12
L2933,oddball,ok,,644.0,144,144,125,0,103,22
L2965,oddball,ok,,651.0,141,141,129,0,108,21
L2986,oddball,ok,,639.0,147,147,143,0,119,24
L2995,oddball,ok,,647.0,143,143,87,0,69,18
L2999,oddball,ok,,638.0,148,148,135,0,112,23
L300,oddball,ok,,640.0,148,148,123,0,102,21
L3010,oddball,ok,,640.0,147,147,108,0,91,17
L3025,oddball,ok,,642.0,147,147,132,0,111,21
L3053,oddball,ok,,639.0,148,148,148,0,124,24
L3072,oddball,ok,,642.0,149,149,145,0,120,25
L3082,oddball,ok,,641.0,147,147,65,0,53,12
L3098,oddball,ok,,640.0,148,148,116,0,97,19
L3106,oddball,ok,,642.0,147,147,139,0,114,25
L3107,oddball,ok,,640.0,148,148,131,0,112,19
L3129,oddball,ok,,641.0,148,148,129,0,106,23
L3132,oddball,ok,,672.0,144,144,127,0,106,21
L3163,oddball,ok,,638.0,149,149,98,0,80,18
L319,oddball,ok,,636.0,148,148,131,0,108,23
L3196,oddball,ok,,639.0,149,149,132,0,109,23
L32,oddball,ok,,637.0,149,149,148,0,123,25
L323,oddball,ok,,642.0,145,145,137,0,113,24
L3236,oddball,ok,,642.0,148,148,112,0,91,21
L324,oddball,ok,,638.0,149,149,140,0,116,24
L336,oddball,ok,,650.0,146,146,126,0,104,22
L3409,oddball,ok,,644.0,149,149,149,0,124,25
L3415,oddball,ok,,654.0,148,148,145,0,120,25
L3443,oddball,ok,,640.0,147,147,145,0,120,25
L3444,oddball,ok,,642.0,147,147,119,0,101,18
L3447,oddball,ok,,639.0,146,146,135,0,112,23
L3453,oddball,ok,,613.0,150,150,126,0,102,24
L346,oddball,ok,,636.0,149,149,64,0,54,10
L3486,oddball,ok,,643.0,145,145,144,0,119,25
L3502,oddball,ok,,671.0,138,138,125,0,105,20
L3514,oddball,ok,,641.0,147,147,145,0,120,25
L3516,oddball,ok,,669.0,149,149,114,0,96,18
L3536,oddball,ok,,709.0,149,149,149,0,124,25
L3540,oddball,ok,,646.0,148,148,147,0,122,25
L3542,oddball,ok,,634.0,150,150,140,0,116,24
L3550,oddball,ok,,643.0,120,120,120,0,100,20
L3551,oddball,ok,,639.0,149,149,148,0,123,25
L3562,oddball,ok,,642.0,150,150,105,0,88,17
L3563,oddball,ok,,645.0,150,150,150,0,125,25
L3565,oddball,ok,,631.0,150,150,146,0,123,23
L3566,oddball,ok,,654.0,147,147,140,0,120,20
L3567,oddball,ok,,676.0,145,145,89,0,75,14
L3571,oddball,ok,,660.0,148,148,146,0,122,24
L3584,oddball,ok,,693.0,147,147,146,0,122,24
L3587,oddball,ok,,643.0,142,142,137,0,116,21
L3598,oddball,ok,,641.0,149,149,147,0,123,24
L3605,oddball,ok,,665.0,150,150,150,0,125,25
L3636,oddball,ok,,645.0,147,147,129,0,109,20
L3639,oddball,ok,,627.0,150,150,129,0,107,22
L3640,oddball,ok,,636.0,150,150,147,0,122,25
L3645,oddball,ok,,637.0,149,149,149,0,124,25
L3658,oddball,ok,,641.0,148,148,134,0,111,23
L3661,oddball,ok,,637.0,148,148,148,0,124,24
L3685,oddball,ok,,639.0,148,148,147,0,122,25
L3686,oddball,ok,,682.0,149,149,149,0,124,25
L3698,oddball,ok,,645.0,149,149,141,0,117,24
L3707,oddball,ok,,639.0,148,148,114,0,93,21
L3709,oddball,ok,,636.0,148,148,146,0,121,25
L3711,oddball,ok,,636.0,146,146,144,0,120,24
L3713,oddball,ok,,646.0,147,147,106,0,87,19
L3714,oddball,ok,,636.0,148,148,144,0,120,24
L3716,oddball,ok,,660.0,149,149,131,0,107,24
L3724,oddball,ok,,637.0,148,148,146,0,122,24
L3731,oddball,ok,,698.0,148,148,146,0,122,24
L3737,oddball,ok,,637.0,149,149,138,0,117,21
L3738,oddball,ok,,637.0,149,149,149,0,124,25
L3947,oddball,ok,,645.0,148,148,83,0,70,13
L3957,oddball,ok,,660.0,127,127,94,0,78,16
L3968,oddball,ok,,743.0,148,148,137,0,113,24
L3977,oddball,ok,,635.0,150,150,146,0,121,25
L3978,oddball,ok,,639.0,147,147,91,0,70,21
L3983,oddball,ok,,639.0,150,150,132,0,112,20
L3984,oddball,ok,,636.0,150,150,148,0,124,24
L3986,oddball,ok,,642.0,147,147,133,0,114,19
L3999,oddball,ok,,645.0,144,144,126,0,102,24
L4007,oddball,ok,,645.0,147,147,140,0,118,22
L4010,oddball,ok,,992.0,210,210,176,0,147,29
L4014,oddball,ok,,637.0,150,150,127,0,106,21
L4020,oddball,ok,,641.0,149,149,114,0,92,22
L4059,oddball,ok,,644.0,148,148,147,0,124,23
L4072,oddball,ok,,639.0,150,150,78,0,65,13
L4073,oddball,ok,,636.0,150,150,107,0,92,15
L4077,oddball,ok,,652.0,148,148,120,0,99,21
L4094,oddball,ok,,642.0,150,150,144,0,120,24
L4099,oddball,ok,,638.0,150,150,149,0,124,25
L4102,oddball,ok,,649.0,150,150,94,0,76,18
L4108,oddball,ok,,637.0,149,149,117,0,97,20
L4119,oddball,ok,,652.0,149,149,132,0,109,23
L417,oddball,ok,,639.0,148,148,116,0,95,21
L4195,oddball,ok,,643.0,149,149,147,0,123,24
L4200,oddball,ok,,643.0,147,147,116,0,98,18
L4212,oddball,ok,,649.0,149,149,137,0,114,23
L4222,oddball,ok,,643.0,144,144,130,0,111,19
L4225,oddball,ok,,654.0,134,134,103,0,86,17
L4227,oddball,ok,,500.0,117,117,114,0,94,20
L4232,oddball,ok,,666.0,150,150,121,0,100,21
L4239,oddball,ok,,639.0,148,148,114,0,99,15
L4246,oddball,ok,,768.0,82,82,73,0,60,13
L4275,oddball,ok,,645.0,147,147,133,0,110,23
L4280,oddball,ok,,636.0,150,150,147,0,122,25
L4285,oddball,ok,,646.0,146,146,135,0,110,25
L4294,oddball,ok,,725.0,139,139,137,0,115,22
L4305,oddball,ok,,894.0,120,120,120,0,100,20
L4308,oddball,ok,,635.0,150,150,126,0,104,22
L4321,oddball,ok,,653.0,141,141,136,0,113,23
L4326,oddball,ok,,670.0,120,120,115,0,95,20
L4334,oddball,ok,,639.0,150,150,65,0,60,5
L4338,oddball,ok,,638.0,147,147,145,0,122,23
L4343,oddball,ok,,653.0,150,150,140,0,115,25
L4352,oddball,ok,,644.0,148,148,134,0,112,22
L4353,oddball,ok,,642.0,149,149,149,0,124,25
L4354,oddball,ok,,652.0,140,140,135,0,113,22
L4358,oddball,ok,,646.0,143,143,143,0,119,24
L436,oddball,ok,,642.0,146,146,131,0,110,21
L4363,oddball,ok,,637.0,148,148,116,0,97,19
L4369,oddball,ok,,656.0,147,147,102,0,84,18
L437,oddball,ok,,656.0,147,147,143,0,118,25
L4373,oddball,ok,,673.0,120,120,120,0,100,20
L4376,oddball,ok,,631.0,149,149,102,0,89,13
L4396,oddball,ok,,649.0,145,145,141,0,118,23
L4412,oddball,ok,,640.0,149,149,142,0,119,23
L4421,oddball,ok,,635.0,149,149,124,0,101,23
L4422,oddball,ok,,640.0,147,147,134,0,110,24
L4424,oddball,ok,,664.0,150,150,117,0,99,18
L4434,oddball,ok,,642.0,150,150,126,0,105,21
L4445,oddball,ok,,639.0,148,148,144,0,120,24
L4451,oddball,ok,,651.0,147,147,117,0,97,20
L4457,oddball,ok,,661.0,143,143,140,0,116,24
L4458,oddball,ok,,639.0,149,149,147,0,122,25
L4459,oddball,ok,,639.0,149,149,119,0,97,22
L4470,oddball,ok,,641.0,148,148,147,0,123,24
L4476,oddball,ok,,636.0,148,148,125,0,102,23
L4489,oddball,ok,,640.0,148,148,147,0,122,25
L4507,oddball,ok,,663.0,144,144,81,0,67,14
L451,oddball,ok,,649.0,148,148,95,0,80,15
L4512,oddball,ok,,658.0,149,149,149,0,125,24
L4529,oddball,ok,,639.0,146,146,142,0,119,23
L4548,oddball,ok,,641.0,148,148,144,0,120,24
L4574,oddball,ok,,638.0,150,150,150,0,125,25
L4581,oddball,ok,,640.0,149,149,147,0,122,25
L464,oddball,ok,,680.0,147,147,146,0,122,24
L478,oddball,ok,,645.0,144,144,121,0,97,24
L48,oddball,ok,,640.0,147,147,98,0,79,19
L502,oddball,ok,,638.0,148,148,148,0,124,24
L515,oddball,ok,,655.0,139,139,126,0,103,23
L520,oddball,ok,,639.0,149,149,138,0,113,25
L529,oddball,ok,,644.0,147,147,145,0,120,25
L541,oddball,ok,,641.0,146,146,124,0,103,21
L554,oddball,ok,,644.0,146,146,134,0,111,23
L558,oddball,ok,,640.0,149,149,49,0,36,13
L563,oddball,ok,,648.0,147,147,142,0,118,24
L571,oddball,ok,,635.0,150,150,143,0,119,24
L578,oddball,ok,,637.0,149,149,133,0,111,22
L58,oddball,ok,,660.0,141,141,141,0,119,22
L580,oddball,ok,,649.0,144,144,141,0,118,23
L590,oddball,ok,,647.0,147,147,119,0,97,22
L599,oddball,ok,,647.0,150,150,150,0,125,25
L600,oddball,ok,,658.0,147,147,130,0,108,22
L613,oddball,ok,,648.0,146,146,85,0,69,16
L619,oddball,ok,,670.0,147,147,145,0,120,25
L62,oddball,ok,,738.0,120,120,107,0,89,18
L624,oddball,ok,,637.0,149,149,25,0,20,5
L63,oddball,ok,,644.0,145,145,114,0,96,18
L642,oddball,ok,,635.0,149,149,146,0,121,25
L674,oddball,ok,,638.0,149,149,149,0,124,25
L686,oddball,ok,,677.0,140,140,109,0,90,19
L697,oddball,ok,,651.0,138,138,135,0,113,22
L704,oddball,ok,,661.0,143,143,109,0,92,17
L706,oddball,ok,,637.0,149,149,137,0,112,25
L707,oddball,ok,,655.0,148,148,94,0,78,16
L716,oddball,ok,,641.0,149,149,149,0,124,25
L720,oddball,ok,,634.0,149,149,149,0,124,25
L722,oddball,ok,,642.0,145,145,132,0,110,22
L723,oddball,ok,,669.0,150,150,132,0,108,24
L727,oddball,ok,,637.0,150,150,100,0,82,18
L735,oddball,ok,,640.0,149,149,128,0,105,23
L744,oddball,ok,,639.0,147,147,116,0,96,20
L747,oddball,ok,,654.0,149,149,149,0,125,24
L75,oddball,ok,,673.0,120,120,107,0,90,17
L753,oddball,ok,,639.0,148,148,143,0,118,25
L763,oddball,ok,,651.0,148,148,143,0,121,22
L766,oddball,ok,,638.0,148,148,129,0,108,21
L772,oddball,ok,,637.0,149,149,142,0,118,24
L78,oddball,ok,,644.0,146,146,128,0,106,22
L783,oddball,ok,,654.0,148,148,119,0,97,22
L784,oddball,ok,,638.0,148,148,148,0,123,25
L79,oddball,ok,,644.0,146,146,146,0,122,24
L810,oddball,ok,,635.0,149,149,140,0,115,25
L817,oddball,ok,,634.0,150,150,140,0,117,23
L820,oddball,ok,,644.0,147,147,135,0,113,22
L821,oddball,ok,,654.0,140,140,130,0,109,21
L832,oddball,ok,,645.0,143,143,115,0,97,18
L834,oddball,ok,,640.0,148,148,124,0,102,22
L838,oddball,ok,,638.0,148,148,94,0,79,15
L845,oddball,ok,,712.0,146,146,128,0,105,23
L846,oddball,ok,,644.0,145,145,133,0,111,22
L850,oddball,ok,,637.0,149,149,117,0,97,20
L869,oddball,ok,,639.0,149,149,141,0,117,24
L89,oddball,ok,,702.0,148,148,148,0,124,24
L95,oddball,ok,,642.0,149,149,136,0,113,23
L96,oddball,ok,,641.0,147,147,138,0,114,24
L100,oddball,ok,,726.0,150,150,131,0,110,21
L1000,oddball,ok,,641.0,148,148,143,0,118,25
L109,oddball,ok,,637.0,150,150,143,0,118,25
L113,oddball,ok,,639.0,143,143,143,0,118,25
L119,oddball,ok,,655.0,138,138,136,0,114,22
L132,oddball,ok,,637.0,148,148,146,0,121,25
L134,oddball,ok,,148.0,28,28,28,0,23,5
L1352,oddball,ok,,640.0,147,147,147,0,123,24
L1354,oddball,ok,,646.0,145,145,139,0,116,23
L1367,oddball,ok,,658.0,148,148,147,0,123,24
L137,oddball,ok,,766.0,149,149,148,0,123,25
L1388,oddball,ok,,644.0,148,148,141,0,117,24
L142,oddball,ok,,644.0,148,148,141,0,118,23
L1439,oddball,ok,,639.0,149,149,143,0,119,24
L1447,oddball,ok,,768.0,148,148,132,0,110,22
L1455,oddball,ok,,645.0,150,150,125,0,105,20
L1460,oddball,ok,,686.0,120,120,108,0,89,19
L1466,oddball,ok,,633.0,150,150,110,0,90,20
L1476,oddball,ok,,680.0,121,121,120,0,100,20
L1477,oddball,ok,,649.0,143,143,108,0,86,22
L1479,oddball,ok,,640.0,146,146,120,0,97,23
L1480,oddball,ok,,634.0,150,150,81,0,66,15
L1492,oddball,ok,,639.0,150,150,135,0,110,25
L150,oddball,ok,,709.0,120,120,120,0,100,20
L1508,oddball,ok,,650.0,146,146,138,0,113,25
L1517,oddball,ok,,649.0,147,147,146,0,121,25
L1519,oddball,ok,,643.0,145,145,108,0,86,22
L152,oddball,ok,,643.0,141,141,136,0,116,20
L1520,oddball,ok,,600.0,142,142,142,0,117,25
L1540,oddball,ok,,640.0,148,148,99,0,82,17
L155,oddball,ok,,647.0,145,145,144,0,120,24
L1554,oddball,ok,,670.0,150,150,138,0,115,23
L1569,oddball,ok,,637.0,149,149,143,0,119,24
L1571,oddball,ok,,649.0,142,142,124,0,104,20
L1578,oddball,ok,,644.0,146,146,146,0,121,25
L1579,oddball,ok,,621.0,150,150,149,0,124,25
L1584,oddball,ok,,643.0,147,147,145,0,122,23
L1590,oddball,ok,,656.0,150,150,145,0,123,22
L1591,oddball,ok,,640.0,146,146,140,0,115,25
L1596,oddball,ok,,662.0,150,150,148,0,123,25
L1604,oddball,ok,,645.0,144,144,143,0,121,22
L1613,oddball,ok,,493.0,120,120,89,0,73,16
L1629,oddball,ok,,651.0,141,141,124,0,104,20
L1637,oddball,ok,,643.0,146,146,139,0,114,25
L1644,oddball,ok,,639.0,149,149,48,0,41,7
L1648,oddball,ok,,640.0,148,148,143,0,119,24
L1650,oddball,ok,,640.0,148,148,145,0,120,25
L1651,oddball,ok,,649.0,143,143,143,0,120,23
L1658,oddball,ok,,638.0,149,149,148,0,123,25
L1662,oddball,ok,,640.0,147,147,138,0,115,23
L1666,oddball,ok,,638.0,149,149,148,0,123,25
L1667,oddball,ok,,661.0,148,148,146,0,121,25
L1677,oddball,ok,,641.0,148,148,140,0,117,23
L1698,oddball,ok,,652.0,140,140,134,0,113,21
L1709,oddball,ok,,652.0,147,147,140,0,116,24
L1716,oddball,ok,,635.0,150,150,142,0,118,24
L1722,oddball,ok,,666.0,135,135,132,0,113,19
L1734,oddball,ok,,646.0,149,149,142,0,117,25
L1737,oddball,ok,,639.0,148,148,128,0,106,22
L1766,oddball,ok,,639.0,148,148,142,0,120,22
L1768,oddball,ok,,667.0,147,147,145,0,120,25
L177,oddball,ok,,648.0,143,143,142,0,120,22
L1784,oddball,ok,,618.0,150,150,147,0,123,24
L1800,oddball,ok,,639.0,147,147,142,0,118,24
L1804,oddball,ok,,632.0,150,150,150,0,125,25
L1812,oddball,ok,,645.0,147,147,141,0,116,25
L1814,oddball,ok,,641.0,148,148,145,0,120,25
L1816,oddball,ok,,645.0,145,145,118,0,100,18
L1821,oddball,ok,,673.0,144,144,143,0,119,24
L1823,oddball,ok,,673.0,150,150,103,0,94,9
L1826,oddball,ok,,645.0,146,146,135,0,112,23
L183,oddball,ok,,651.0,148,148,143,0,119,24
L1834,oddball,ok,,666.0,149,149,148,0,123,25
L1846,oddball,ok,,644.0,148,148,137,0,116,21
L1847,oddball,ok,,642.0,149,149,149,0,125,24
L1860,oddball,ok,,658.0,146,146,139,0,117,22
L1862,oddball,ok,,639.0,150,150,142,0,119,23
L1866,oddball,ok,,633.0,150,150,141,0,118,23
L187,oddball,ok,,640.0,146,146,114,0,98,16
L1891,oddball,ok,,640.0,148,148,140,0,117,23
L1894,oddball,ok,,650.0,144,144,114,0,95,19
L19,oddball,ok,,650.0,150,150,150,0,125,25
L1911,oddball,ok,,640.0,148,148,60,0,50,10
L192,oddball,ok,,644.0,146,146,144,0,120,24
L194,oddball,ok,,666.0,147,147,127,0,106,21
L198,oddball,ok,,648.0,143,143,73,0,62,11
L201,oddball,ok,,646.0,145,145,144,0,122,22
L205,oddball,ok,,638.0,149,149,145,0,121,24
L221,oddball,ok,,641.0,147,147,147,0,122,25
L223,oddball,ok,,638.0,150,150,95,0,76,19
L225,oddball,ok,,644.0,147,147,117,0,103,14
L243,oddball,ok,,637.0,149,149,132,0,111,21
L248,oddball,ok,,637.0,148,148,139,0,118,21
L251,oddball,ok,,639.0,148,148,95,0,75,20
L2524,oddball,ok,,662.0,145,145,143,0,118,25
L2531,oddball,ok,,650.0,147,147,138,0,116,22
L2533,oddball,ok,,639.0,148,148,148,0,123,25
L2534,oddball,ok,,644.0,149,149,148,0,123,25
L2549,oddball,ok,,638.0,149,149,142,0,119,23
L2560,oddball,ok,,677.0,145,145,139,0,116,23
L2566,oddball,ok,,653.0,148,148,132,0,111,21
L2569,oddball,ok,,644.0,148,148,140,0,117,23
L2579,oddball,ok,,637.0,149,149,145,0,120,25
L2583,oddball,ok,,641.0,147,147,139,0,117,22
L2587,oddball,ok,,637.0,149,149,127,0,102,25
L2592,oddball,ok,,638.0,148,148,126,0,103,23
L2596,oddball,ok,,645.0,149,149,149,0,124,25
L2600,oddball,ok,,714.0,110,110,108,0,89,19
L2601,oddball,ok,,641.0,147,147,142,0,118,24
L2606,oddball,ok,,683.0,143,143,141,0,116,25
L2614,oddball,ok,,658.0,146,146,98,0,79,19
L2618,oddball,ok,,642.0,146,146,136,0,112,24
L2627,oddball,ok,,641.0,148,148,137,0,116,21
L2655,oddball,ok,,639.0,148,148,148,0,123,25
L2662,oddball,ok,,647.0,147,147,139,0,116,23
L2669,oddball,ok,,667.0,149,149,112,0,89,23
L2670,oddball,ok,,655.0,145,145,143,0,119,24
L2677,oddball,ok,,640.0,148,148,131,0,108,23
L2682,oddball,ok,,641.0,147,147,50,0,43,7
L2694,oddball,ok,,669.0,144,144,133,0,111,22
L2719,oddball,ok,,639.0,148,148,136,0,114,22
L2730,oddball,ok,,642.0,147,147,142,0,118,24
L2736,oddball,ok,,638.0,147,147,109,0,92,17
L2737,oddball,ok,,662.0,125,125,125,0,105,20
L2738,oddball,ok,,644.0,147,147,145,0,122,23
L2739,oddball,ok,,640.0,147,147,144,0,121,23
L274,oddball,ok,,639.0,150,150,122,0,101,21
L2740,oddball,ok,,640.0,147,147,138,0,116,22
L2749,oddball,ok,,645.0,145,145,134,0,112,22
L2751,oddball,ok,,638.0,148,148,148,0,123,25
L2762,oddball,ok,,641.0,147,147,143,0,120,23
L2786,oddball,ok,,660.0,147,147,139,0,116,23
L2789,oddball,ok,,640.0,148,148,145,0,121,24
L2791,oddball,ok,,642.0,147,147,139,0,115,24
L2808,oddball,ok,,693.0,148,148,120,0,97,23
L2810,oddball,ok,,641.0,147,147,143,0,118,25
L2818,oddball,ok,,642.0,148,148,147,0,123,24
L2821,oddball,ok,,615.0,149,149,132,0,111,21
L2839,oddball,ok,,645.0,143,143,123,0,102,21
L2842,oddball,ok,,644.0,144,144,59,0,49,10
L2845,oddball,ok,,645.0,145,145,135,0,112,23
L2852,oddball,ok,,639.0,149,149,148,0,124,24
L2875,oddball,ok,,645.0,144,144,143,0,118,25
L2877,oddball,ok,,641.0,147,147,147,0,122,25
L2890,oddball,ok,,645.0,144,144,144,0,121,23
L29,oddball,ok,,640.0,147,147,141,0,117,24
L2906,oddball,ok,,641.0,147,147,113,0,91,22
L2914,oddball,ok,,645.0,147,147,139,0,115,24
L2921,oddball,ok,,635.0,150,150,125,0,103,22
L293,oddball,ok,,636.0,149,149,138,0,114,24
L2946,oddball,ok,,659.0,149,149,148,0,124,24
L2956,oddball,ok,,644.0,147,147,138,0,116,22
L2966,oddball,ok,,639.0,148,148,148,0,124,24
L2973,oddball,ok,,649.0,145,145,92,0,75,17
L298,oddball,ok,,638.0,148,148,115,0,96,19
L2980,oddball,ok,,662.0,143,143,123,0,101,22
L2985,oddball,ok,,645.0,146,146,132,0,111,21
L2987,oddball,ok,,646.0,145,145,139,0,115,24
L30,oddball,ok,,635.0,148,148,147,0,123,24
L3002,oddball,ok,,640.0,147,147,114,0,98,16
L3027,oddball,ok,,641.0,147,147,125,0,103,22
L3056,oddball,ok,,636.0,149,149,145,0,121,24
L3068,oddball,ok,,644.0,148,148,121,0,101,20
L3080,oddball,ok,,641.0,147,147,145,0,120,25
L3085,oddball,ok,,638.0,148,148,146,0,121,25
L3087,oddball,ok,,639.0,148,148,140,0,116,24
L309,oddball,ok,,638.0,148,148,73,0,56,17
L3090,oddball,ok,,641.0,147,147,145,0,120,25
L3091,oddball,ok,,638.0,149,149,76,0,63,13
L3096,oddball,ok,,639.0,147,147,129,0,109,20
L3108,oddball,ok,,641.0,147,147,107,0,90,17
L3109,oddball,ok,,723.0,148,148,111,0,92,19
L3115,oddball,ok,,640.0,147,147,140,0,118,22
L3121,oddball,ok,,644.0,144,144,131,0,109,22
L3128,oddball,ok,,611.0,145,145,144,0,120,24
L3136,oddball,ok,,641.0,147,147,137,0,113,24
L3158,oddball,ok,,645.0,147,147,133,0,111,22
L3172,oddball,ok,,640.0,147,147,145,0,120,25
L3179,oddball,ok,,702.0,143,143,142,0,117,25
L3197,oddball,ok,,678.0,148,148,139,0,116,23
L3201,oddball,ok,,640.0,148,148,104,0,88,16
L3202,oddball,ok,,641.0,147,147,132,0,108,24
L3203,oddball,ok,,641.0,147,147,140,0,119,21
L3208,oddball,ok,,648.0,149,149,147,0,123,24
L3211,oddball,ok,,642.0,146,146,141,0,117,24
L3237,oddball,ok,,639.0,148,148,109,0,92,17
L331,oddball,ok,,648.0,145,145,132,0,111,21
L333,oddball,ok,,636.0,149,149,132,0,111,21
L3407,oddball,ok,,648.0,147,147,141,0,118,23
L3426,oddball,ok,,643.0,146,146,144,0,120,24
L3428,oddball,ok,,649.0,149,149,136,0,116,20
L3435,oddball,ok,,645.0,145,145,125,0,106,19
L3478,oddball,ok,,649.0,150,150,123,0,102,21
L3481,oddball,ok,,635.0,149,149,105,0,86,19
L3505,oddball,ok,,666.0,147,147,137,0,116,21
L3509,oddball,ok,,638.0,149,149,148,0,124,24
L3518,oddball,ok,,645.0,147,147,141,0,116,25
L3519,oddball,ok,,638.0,149,149,131,0,106,25
L3522,oddball,ok,,641.0,147,147,146,0,122,24
L3534,oddball,ok,,641.0,148,148,148,0,123,25
L3568,oddball,ok,,635.0,150,150,148,0,123,25
L3572,oddball,ok,,670.0,146,146,146,0,123,23
L3573,oddball,ok,,636.0,150,150,149,0,124,25
L3578,oddball,ok,,641.0,147,147,135,0,110,25
L3581,oddball,ok,,666.0,146,146,146,0,121,25
L3588,oddball,ok,,637.0,149,149,136,0,112,24
L3603,oddball,ok,,633.0,150,150,150,0,125,25
L3613,oddball,ok,,633.0,150,150,147,0,123,24
L3618,oddball,ok,,634.0,149,149,145,0,122,23
L3627,oddball,ok,,655.0,146,146,143,0,122,21
L3630,oddball,ok,,634.0,150,150,135,0,112,23
L3638,oddball,ok,,631.0,150,150,92,0,74,18
L3643,oddball,ok,,676.0,150,150,150,0,125,25
L3644,oddball,ok,,639.0,150,150,132,0,108,24
L3646,oddball,ok,,634.0,150,150,147,0,123,24
L3647,oddball,ok,,636.0,150,150,148,0,123,25
L3657,oddball,ok,,653.0,150,150,149,0,124,25
L3667,oddball,ok,,702.0,150,150,150,0,125,25
L3681,oddball,ok,,641.0,148,148,148,0,124,24
L3694,oddball,ok,,639.0,149,149,144,0,120,24
L3696,oddball,ok,,637.0,149,149,142,0,118,24
L3708,oddball,ok,,643.0,143,143,136,0,113,23
L3717,oddball,ok,,639.0,148,148,119,0,98,21
L3722,oddball,ok,,635.0,149,149,137,0,113,24
L3723,oddball,ok,,639.0,148,148,148,0,124,24
L3727,oddball,ok,,637.0,150,150,138,0,114,24
L3736,oddball,ok,,658.0,150,150,135,0,113,22
L3739,oddball,ok,,638.0,148,148,145,0,120,25
L3742,oddball,ok,,640.0,150,150,135,0,111,24
L3749,oddball,ok,,638.0,137,137,137,0,115,22
L3946,oddball,ok,,710.0,147,147,70,0,58,12
L3953,oddball,ok,,717.0,147,147,124,0,105,19
L3963,oddball,ok,,652.0,150,150,140,0,116,24
L3964,oddball,ok,,643.0,149,149,106,0,86,20
L3981,oddball,ok,,636.0,150,150,113,0,92,21
L3987,oddball,ok,,636.0,150,150,136,0,112,24
L3993,oddball,ok,,646.0,146,146,139,0,115,24
L4009,oddball,ok,,641.0,149,149,124,0,102,22
L4013,oddball,ok,,644.0,147,147,140,0,117,23
L4039,oddball,ok,,646.0,149,149,121,0,98,23
L4058,oddball,ok,,785.0,177,177,172,0,145,27
L4061,oddball,ok,,638.0,150,150,142,0,117,25
L4070,oddball,ok,,643.0,147,147,145,0,120,25
L4071,oddball,ok,,720.0,115,115,88,0,70,18
L4074,oddball,ok,,641.0,150,150,142,0,118,24
L4078,oddball,ok,,639.0,149,149,149,0,124,25
L4080,oddball,ok,,639.0,147,147,143,0,119,24
L4096,oddball,ok,,639.0,149,149,147,0,122,25
L415,oddball,ok,,639.0,148,148,100,0,84,16
L418,oddball,ok,,640.0,147,147,147,0,122,25
L4204,oddball,ok,,670.0,149,149,92,0,75,17
L4214,oddball,ok,,679.0,149,149,139,0,115,24
L4218,oddball,ok,,641.0,147,147,117,0,95,22
L423,oddball,ok,,639.0,148,148,143,0,119,24
L4237,oddball,ok,,644.0,149,149,127,0,105,22
L4247,oddball,ok,,638.0,149,149,135,0,111,24
L4250,oddball,ok,,696.0,147,147,135,0,111,24
L4252,oddball,ok,,640.0,148,148,145,0,121,24
L4268,oddball,ok,,629.0,150,150,110,0,91,19
L4273,oddball,ok,,854.0,123,123,103,0,85,18
L4276,oddball,ok,,632.0,150,150,133,0,110,23
L4278,oddball,ok,,639.0,147,147,121,0,98,23
L4279,oddball,ok,,724.0,105,105,101,0,83,18
L4282,oddball,ok,,668.0,147,147,139,0,114,25
L4295,oddball,ok,,642.0,146,146,115,0,96,19
L4297,oddball,ok,,640.0,147,147,143,0,119,24
L4298,oddball,ok,,755.0,149,149,128,0,105,23
L43,oddball,ok,,671.0,148,148,142,0,117,25
L430,oddball,ok,,641.0,150,150,147,0,122,25
L4304,oddball,ok,,640.0,150,150,131,0,109,22
L4307,oddball,ok,,649.0,150,150,147,0,122,25
L4313,oddball,ok,,664.0,132,132,121,0,101,20
L4316,oddball,ok,,641.0,150,150,149,0,124,25
L4319,oddball,ok,,660.0,145,145,129,0,104,25
L4339,oddball,ok,,643.0,149,149,142,0,118,24
L4350,oddball,ok,,751.0,134,134,125,0,105,20
L4356,oddball,ok,,629.0,150,150,112,0,92,20
L4357,oddball,ok,,687.0,120,120,116,0,96,20
L4366,oddball,ok,,650.0,149,149,64,0,53,11
L4378,oddball,ok,,662.0,138,138,119,0,101,18
L4380,oddball,ok,,645.0,147,147,147,0,122,25
L4390,oddball,ok,,645.0,147,147,135,0,111,24
L4394,oddball,ok,,639.0,149,149,141,0,117,24
L4407,oddball,ok,,648.0,148,148,142,0,119,23
L4408,oddball,ok,,654.0,148,148,105,0,85,20
L4414,oddball,ok,,643.0,148,148,146,0,123,23
L4419,oddball,ok,,654.0,132,132,92,0,80,12
L443,oddball,ok,,637.0,149,149,123,0,102,21
L4438,oddball,ok,,663.0,147,147,123,0,101,22
L4439,oddball,ok,,642.0,149,149,108,0,90,18
L4440,oddball,ok,,646.0,148,148,141,0,122,19
L4441,oddball,ok,,672.0,120,120,118,0,99,19
L4442,oddball,ok,,644.0,147,147,139,0,115,24
L4446,oddball,ok,,671.0,147,147,135,0,112,23
L4448,oddball,ok,,668.0,120,120,104,0,84,20
L4449,oddball,ok,,638.0,150,150,147,0,123,24
L4454,oddball,ok,,651.0,140,140,136,0,113,23
L4462,oddball,ok,,637.0,148,148,128,0,109,19
L4464,oddball,ok,,643.0,145,145,145,0,120,25
L4465,oddball,ok,,645.0,145,145,145,0,121,24
L4466,oddball,ok,,642.0,150,150,147,0,122,25
L4491,oddball,ok,,645.0,143,143,80,0,66,14
L4494,oddball,ok,,640.0,149,149,130,0,107,23
L4498,oddball,ok,,643.0,149,149,147,0,122,25
L4515,oddball,ok,,652.0,148,148,143,0,118,25
L4534,oddball,ok,,678.0,147,147,146,0,122,24
L4537,oddball,ok,,636.0,147,147,118,0,98,20
L4553,oddball,ok,,643.0,148,148,145,0,120,25
L456,oddball,ok,,636.0,150,150,139,0,115,24
L4579,oddball,ok,,648.0,142,142,128,0,106,22
L4587,oddball,ok,,641.0,148,148,140,0,116,24
L4606,oddball,ok,,648.0,146,146,106,0,89,17
L481,oddball,ok,,647.0,149,149,104,0,85,19
L499,oddball,ok,,637.0,148,148,88,0,70,18
L509,oddball,ok,,634.0,148,148,99,0,80,19
L539,oddball,ok,,638.0,147,147,144,0,119,25
L55,oddball,ok,,646.0,147,147,147,0,122,25
L557,oddball,ok,,643.0,149,149,145,0,121,24
L562,oddball,ok,,642.0,146,146,62,0,45,17
L565,oddball,ok,,636.0,150,150,95,0,78,17
L581,oddball,ok,,640.0,149,149,135,0,110,25
L586,oddball,ok,,636.0,149,149,139,0,116,23
L587,oddball,ok,,720.0,120,120,101,0,84,17
L592,oddball,ok,,635.0,150,150,141,0,117,24
L595,oddball,ok,,642.0,146,146,142,0,118,24
L603,oddball,ok,,639.0,148,148,140,0,120,20
L607,oddball,ok,,653.0,146,146,126,0,104,22
L61,oddball,ok,,643.0,147,147,141,0,118,23
L628,oddball,ok,,787.0,146,146,129,0,106,23
L634,oddball,ok,,638.0,147,147,147,0,122,25
L635,oddball,ok,,636.0,150,150,122,0,105,17
L636,oddball,ok,,636.0,147,147,130,0,108,22
L640,oddball,ok,,639.0,146,146,134,0,111,23
L660,oddball,ok,,681.0,145,145,127,0,110,17
L676,oddball,ok,,648.0,149,149,138,0,116,22
L677,oddball,ok,,664.0,149,149,122,0,106,16
L68,oddball,ok,,645.0,148,148,142,0,119,23
L680,oddball,ok,,641.0,148,148,96,0,80,16
L69,oddball,ok,,641.0,150,150,150,0,125,25
L700,oddball,ok,,639.0,147,147,147,0,122,25
L709,oddball,ok,,653.0,147,147,132,0,112,20
L712,oddball,ok,,652.0,145,145,124,0,103,21
L724,oddball,ok,,640.0,146,146,139,0,119,20
L725,oddball,ok,,637.0,150,150,150,0,125,25
L731,oddball,ok,,634.0,148,148,142,0,118,24
L733,oddball,ok,,640.0,149,149,149,0,124,25
L739,oddball,ok,,639.0,148,148,143,0,121,22
L740,oddball,ok,,632.0,150,150,149,0,125,24
L741,oddball,ok,,639.0,149,149,147,0,124,23
L743,oddball,ok,,634.0,150,150,144,0,119,25
L749,oddball,ok,,651.0,141,141,125,0,105,20
L756,oddball,ok,,637.0,149,149,149,0,124,25
L765,oddball,ok,,641.0,145,145,132,0,111,21
L769,oddball,ok,,644.0,145,145,145,0,120,25
L785,oddball,ok,,640.0,147,147,144,0,119,25
L786,oddball,ok,,743.0,145,145,145,0,122,23
L788,oddball,ok,,639.0,147,147,146,0,122,24
L795,oddball,ok,,649.0,149,149,149,0,124,25
L808,oddball,ok,,656.0,144,144,57,0,46,11
L827,oddball,ok,,639.0,150,150,111,0,91,20
L83,oddball,ok,,646.0,103,103,93,0,78,15
L853,oddball,ok,,646.0,145,145,66,0,49,17
L871,oddball,ok,,641.0,148,148,142,0,117,25
L104,oddball,ok,,668.0,140,140,140,0,117,23
L118,oddball,ok,,644.0,145,145,141,0,116,25
L12,oddball,ok,,636.0,150,150,123,0,103,20
L124,oddball,ok,,669.0,120,120,118,0,98,20
L135,oddball,ok,,642.0,147,147,146,0,123,23
L1355,oddball,ok,,647.0,144,144,140,0,118,22
L1362,oddball,ok,,645.0,149,149,142,0,117,25
L1376,oddball,ok,,665.0,147,147,138,0,114,24
L1378,oddball,ok,,662.0,148,148,114,0,97,17
L1380,oddball,ok,,640.0,149,149,86,0,71,15
L1383,oddball,ok,,622.0,144,144,141,0,119,22
L1387,oddball,ok,,648.0,146,146,143,0,119,24
L1389,oddball,ok,,641.0,147,147,137,0,115,22
L1392,oddball,ok,,647.0,148,148,142,0,118,24
L1393,oddball,ok,,635.0,101,101,93,0,77,16
L1406,oddball,ok,,663.0,148,148,133,0,110,23
L1410,oddball,ok,,647.0,147,147,145,0,122,23
L1433,oddball,ok,,651.0,147,147,136,0,113,23
L1442,oddball,ok,,646.0,146,146,136,0,112,24
L1454,oddball,ok,,640.0,150,150,128,0,107,21
L1456,oddball,ok,,650.0,145,145,133,0,109,24
L1468,oddball,ok,,649.0,141,141,136,0,113,23
L1474,oddball,ok,,636.0,149,149,125,0,105,20
L151,oddball,ok,,650.0,141,141,141,0,118,23
L1514,oddball,ok,,649.0,143,143,84,0,67,17
L1516,oddball,ok,,641.0,147,147,130,0,110,20
L153,oddball,ok,,641.0,147,147,141,0,117,24
L1543,oddball,ok,,638.0,148,148,143,0,118,25
L1545,oddball,ok,,778.0,150,150,140,0,117,23
L1552,oddball,ok,,640.0,148,148,144,0,119,25
L1557,oddball,ok,,645.0,145,145,138,0,114,24
L1564,oddball,ok,,630.0,150,150,126,0,103,23
L157,oddball,ok,,646.0,147,147,140,0,118,22
L1576,oddball,ok,,639.0,148,148,135,0,113,22
L1585,oddball,ok,,766.0,120,120,99,0,83,16
L1601,oddball,ok,,662.0,147,147,146,0,121,25
L1608,oddball,ok,,635.0,148,148,145,0,122,23
L1609,oddball,ok,,641.0,146,146,126,0,106,20
L161,oddball,ok,,640.0,147,147,147,0,122,25
L162,oddball,ok,,641.0,149,149,149,0,124,25
L1625,oddball,ok,,650.0,148,148,56,0,49,7
L1633,oddball,ok,,640.0,149,149,128,0,110,18
L1645,oddball,ok,,645.0,145,145,145,0,121,24
L1654,oddball,ok,,642.0,144,144,116,0,96,20
L167,oddball,ok,,639.0,146,146,146,0,121,25
L1681,oddball,ok,,690.0,147,147,145,0,120,25
L1683,oddball,ok,,638.0,149,149,148,0,124,24
L1685,oddball,ok,,640.0,149,149,141,0,118,23
L169,oddball,ok,,646.0,147,147,132,0,110,22
L1701,oddball,ok,,669.0,138,138,137,0,114,23
L1710,oddball,ok,,690.0,137,137,126,0,106,20
L1718,oddball,ok,,646.0,141,141,129,0,106,23
L173,oddball,ok,,656.0,148,148,136,0,113,23
L1743,oddball,ok,,643.0,149,149,148,0,123,25
L1744,oddball,ok,,691.0,149,149,148,0,123,25
L1745,oddball,ok,,641.0,146,146,130,0,106,24
L1750,oddball,ok,,642.0,149,149,148,0,124,24
L1756,oddball,ok,,637.0,149,149,142,0,117,25
L1758,oddball,ok,,639.0,149,149,146,0,122,24
L176,oddball,ok,,657.0,150,150,144,0,119,25
L1764,oddball,ok,,639.0,148,148,141,0,118,23
L1765,oddball,ok,,639.0,149,149,145,0,120,25
L1770,oddball,ok,,642.0,145,145,105,0,87,18
L1777,oddball,ok,,665.0,148,148,143,0,120,23
L1778,oddball,ok,,642.0,148,148,121,0,100,21
L1782,oddball,ok,,639.0,148,148,107,0,89,18
L1783,oddball,ok,,639.0,148,148,143,0,118,25
L1789,oddball,ok,,651.0,148,148,138,0,115,23
L1795,oddball,ok,,615.0,146,146,124,0,105,19
L1829,oddball,ok,,639.0,148,148,134,0,114,20
L1832,oddball,ok,,646.0,146,146,136,0,114,22
L1837,oddball,ok,,613.0,145,145,143,0,120,23
L1838,oddball,ok,,648.0,146,146,116,0,94,22
L1839,oddball,ok,,644.0,147,147,131,0,109,22
L1840,oddball,ok,,707.0,150,150,122,0,101,21
L1871,oddball,ok,,621.0,141,141,141,0,118,23
L1877,oddball,ok,,644.0,146,146,144,0,122,22
L1881,oddball,ok,,636.0,150,150,150,0,125,25
L1884,oddball,ok,,685.0,122,122,116,0,97,19
L189,oddball,ok,,658.0,128,128,127,0,107,20
L1892,oddball,ok,,639.0,149,149,99,0,81,18
L1895,oddball,ok,,650.0,144,144,102,0,83,19
L1908,oddball,ok,,643.0,146,146,145,0,122,23
L203,oddball,ok,,652.0,147,147,120,0,101,19
L209,oddball,ok,,645.0,146,146,146,0,121,25
L219,oddball,ok,,651.0,147,147,142,0,117,25
L250,oddball,ok,,639.0,147,147,140,0,118,22
L2510,oddball,ok,,639.0,149,149,136,0,112,24
L2517,oddball,ok,,644.0,147,147,145,0,123,22
L2551,oddball,ok,,666.0,149,149,146,0,121,25
L2557,oddball,ok,,652.0,147,147,133,0,111,22
L2559,oddball,ok,,640.0,148,148,147,0,122,25
L2567,oddball,ok,,643.0,147,147,127,0,107,20
L2574,oddball,ok,,642.0,148,148,119,0,97,22
L2584,oddball,ok,,648.0,145,145,145,0,120,25
L2593,oddball,ok,,639.0,148,148,126,0,101,25
L2595,oddball,ok,,638.0,149,149,119,0,98,21
L2605,oddball,ok,,699.0,149,149,141,0,116,25
L2610,oddball,ok,,645.0,145,145,144,0,121,23
L2630,oddball,ok,,640.0,147,147,146,0,122,24
L2631,oddball,ok,,646.0,147,147,146,0,122,24
L2636,oddball,ok,,639.0,148,148,142,0,117,25
L2651,oddball,ok,,686.0,147,147,124,0,109,15
L2652,oddball,ok,,674.0,146,146,145,0,121,24
L2659,oddball,ok,,638.0,147,147,122,0,101,21
L2676,oddball,ok,,647.0,147,147,143,0,121,22
L2678,oddball,ok,,660.0,149,149,148,0,124,24
L2683,oddball,ok,,645.0,146,146,145,0,120,25
L2689,oddball,ok,,641.0,149,149,131,0,110,21
L2705,oddball,ok,,647.0,147,147,146,0,123,23
L2708,oddball,ok,,650.0,142,142,124,0,105,19
L2709,oddball,ok,,637.0,148,148,96,0,81,15
L2711,oddball,ok,,640.0,147,147,127,0,106,21
L2712,oddball,ok,,646.0,144,144,132,0,110,22
L2716,oddball,ok,,636.0,149,149,143,0,119,24
L2728,oddball,ok,,647.0,142,142,133,0,110,23
L2729,oddball,ok,,646.0,147,147,147,0,124,23
L2743,oddball,ok,,645.0,147,147,132,0,108,24
L2746,oddball,ok,,639.0,148,148,117,0,97,20
L275,oddball,ok,,640.0,148,148,68,0,57,11
L2758,oddball,ok,,640.0,148,148,135,0,113,22
L2771,oddball,ok,,641.0,149,149,136,0,111,25
L2782,oddball,ok,,709.0,148,148,134,0,110,24
L2783,oddball,ok,,644.0,144,144,143,0,121,22
L2785,oddball,ok,,641.0,145,145,145,0,120,25
L2792,oddball,ok,,645.0,143,143,142,0,117,25
L2793,oddball,ok,,637.0,148,148,148,0,123,25
L2802,oddball,ok,,638.0,148,148,136,0,112,24
L2809,oddball,ok,,644.0,143,143,128,0,106,22
L281,oddball,ok,,640.0,148,148,139,0,116,23
L2817,oddball,ok,,638.0,149,149,134,0,112,22
L2835,oddball,ok,,638.0,148,148,141,0,116,25
L2840,oddball,ok,,637.0,149,149,145,0,120,25
L2849,oddball,ok,,732.0,101,101,100,0,85,15
L2855,oddball,ok,,672.0,120,120,112,0,93,19
L2876,oddball,ok,,636.0,149,149,149,0,124,25
L2879,oddball,ok,,649.0,143,143,140,0,116,24
L2880,oddball,ok,,638.0,148,148,147,0,123,24
L2893,oddball,ok,,638.0,149,149,149,0,124,25
L2899,oddball,ok,,638.0,148,148,119,0,100,19
L2917,oddball,ok,,645.0,146,146,145,0,122,23
L2920,oddball,ok,,645.0,146,146,112,0,91,21
L2935,oddball,ok,,639.0,148,148,122,0,103,19
L2943,oddball,ok,,643.0,145,145,145,0,120,25
L2945,oddball,ok,,645.0,144,144,95,0,79,16
L2953,oddball,ok,,648.0,144,144,130,0,106,24
L2954,oddball,ok,,642.0,147,147,112,0,94,18
L2971,oddball,ok,,640.0,147,147,145,0,121,24
L2984,oddball,ok,,646.0,144,144,138,0,115,23
L2988,oddball,ok,,641.0,148,148,135,0,112,23
L3007,oddball,ok,,640.0,147,147,121,0,96,25
L3021,oddball,ok,,674.0,122,122,93,0,77,16
L3028,oddball,ok,,642.0,146,146,134,0,109,25
L304,oddball,ok,,658.0,146,146,132,0,111,21
L3057,oddball,ok,,642.0,149,149,145,0,122,23
L3058,oddball,ok,,715.0,149,149,149,0,124,25
L3092,oddball,ok,,637.0,149,149,120,0,97,23
L3093,oddball,ok,,639.0,147,147,139,0,117,22
L3097,oddball,ok,,638.0,148,148,145,0,121,24
L3100,oddball,ok,,645.0,146,146,143,0,119,24
L311,oddball,ok,,670.0,124,124,122,0,102,20
L3116,oddball,ok,,640.0,146,146,105,0,85,20
L312,oddball,ok,,642.0,146,146,142,0,117,25
L3125,oddball,ok,,611.0,144,144,111,0,93,18
L3126,oddball,ok,,638.0,149,149,140,0,116,24
L3127,oddball,ok,,629.0,148,148,140,0,116,24
L3134,oddball,ok,,638.0,148,148,146,0,121,25
L3141,oddball,ok,,639.0,148,148,137,0,114,23
L315,oddball,ok,,643.0,143,143,137,0,117,20
L3168,oddball,ok,,688.0,120,120,117,0,97,20
L317,oddball,ok,,656.0,143,143,138,0,115,23
L3173,oddball,ok,,638.0,148,148,144,0,119,25
L3194,oddball,ok,,646.0,143,143,76,0,61,15
L3199,oddball,ok,,670.0,147,147,144,0,119,25
L3238,oddball,ok,,644.0,150,150,76,0,66,10
L327,oddball,ok,,636.0,150,150,141,0,118,23
L332,oddball,ok,,641.0,147,147,134,0,114,20
L337,oddball,ok,,640.0,147,147,126,0,103,23
L3422,oddball,ok,,649.0,147,147,130,0,106,24
L3425,oddball,ok,,635.0,147,147,147,0,122,25
L3429,oddball,ok,,638.0,148,148,142,0,119,23
L3431,oddball,ok,,641.0,148,148,143,0,118,25
L3433,oddball,ok,,641.0,147,147,111,0,96,15
L3436,oddball,ok,,643.0,146,146,140,0,118,22
L3441,oddball,ok,,642.0,148,148,133,0,113,20
L345,oddball,ok,,642.0,146,146,127,0,104,23
L3452,oddball,ok,,641.0,148,148,117,0,106,11
L3467,oddball,ok,,674.0,148,148,119,0,98,21
L3487,oddball,ok,,647.0,149,149,148,0,125,23
L3488,oddball,ok,,650.0,147,147,135,0,113,22
L3492,oddball,ok,,639.0,148,148,146,0,121,25
L3499,oddball,ok,,680.0,147,147,125,0,102,23
L3500,oddball,ok,,644.0,147,147,135,0,114,21
L3506,oddball,ok,,679.0,120,120,119,0,99,20
L3528,oddball,ok,,635.0,148,148,117,0,98,19
L3531,oddball,ok,,658.0,148,148,144,0,120,24
L3535,oddball,ok,,662.0,149,149,144,0,120,24
L3544,oddball,ok,,689.0,146,146,132,0,109,23
L3557,oddball,ok,,651.0,150,150,150,0,125,25
L3559,oddball,ok,,631.0,150,150,149,0,124,25
L3569,oddball,ok,,636.0,149,149,147,0,123,24
L3577,oddball,ok,,645.0,146,146,144,0,119,25
L3582,oddball,ok,,636.0,149,149,149,0,124,25
L359,oddball,ok,,640.0,148,148,131,0,110,21
L3602,oddball,ok,,641.0,148,148,140,0,116,24
L3614,oddball,ok,,640.0,147,147,147,0,122,25
L3617,oddball,ok,,640.0,146,146,146,0,121,25
L3620,oddball,ok,,638.0,148,148,146,0,121,25
L3626,oddball,ok,,672.0,148,148,77,0,62,15
L3628,oddball,ok,,643.0,145,145,140,0,116,24
L3631,oddball,ok,,650.0,150,150,140,0,116,24
L3634,oddball,ok,,638.0,150,150,147,0,122,25
L3642,oddball,ok,,676.0,143,143,141,0,118,23
L3649,oddball,ok,,638.0,149,149,138,0,113,25
L3653,oddball,ok,,639.0,148,148,148,0,125,23
L3665,oddball,ok,,740.0,147,147,145,0,121,24
L3666,oddball,ok,,799.0,148,148,148,0,123,25
L3668,oddball,ok,,745.0,150,150,150,0,125,25
L3669,oddball,ok,,649.0,150,150,136,0,113,23
L3673,oddball,ok,,637.0,149,149,148,0,124,24
L3679,oddball,ok,,638.0,148,148,148,0,123,25
L3689,oddball,ok,,637.0,148,148,147,0,122,25
L3690,oddball,ok,,639.0,149,149,149,0,125,24
L3692,oddball,ok,,649.0,137,137,118,0,99,19
L3693,oddball,ok,,637.0,148,148,148,0,123,25
L3697,oddball,ok,,640.0,150,150,150,0,125,25
L3704,oddball,ok,,662.0,124,124,119,0,99,20
L3705,oddball,ok,,635.0,149,149,141,0,118,23
L3718,oddball,ok,,642.0,147,147,137,0,113,24
L3721,oddball,ok,,662.0,148,148,133,0,113,20
L3754,oddball,ok,,640.0,148,148,147,0,122,25
L3755,oddball,ok,,640.0,149,149,149,0,124,25
L38,oddball,ok,,647.0,145,145,133,0,109,24
L3942,oddball,ok,,661.0,147,147,111,0,91,20
L3943,oddball,ok,,636.0,150,150,149,0,124,25
L3948,oddball,ok,,637.0,150,150,129,0,106,23
L3960,oddball,ok,,861.0,30,30,27,0,22,5
L3982,oddball,ok,,641.0,148,148,96,0,79,17
L4024,oddball,ok,,642.0,146,146,110,0,90,20
L4033,oddball,ok,,860.0,180,180,127,0,106,21
L4057,oddball,ok,,636.0,147,147,115,0,96,19
L4063,oddball,ok,,635.0,150,150,141,0,117,24
L4079,oddball,ok,,642.0,148,148,141,0,118,23
L4084,oddball,ok,,637.0,148,148,121,0,99,22
L4086,oddball,ok,,638.0,148,148,139,0,115,24
L4087,oddball,ok,,642.0,150,150,128,0,108,20
L4095,oddball,ok,,640.0,150,150,125,0,103,22
L4110,oddball,ok,,663.0,148,148,64,0,49,15
L4113,oddball,ok,,640.0,146,146,103,0,84,19
L416,oddball,ok,,676.0,120,120,119,0,99,20
L4191,oddball,ok,,668.0,147,147,133,0,110,23
L4211,oddball,ok,,671.0,149,149,149,0,124,25
L4243,oddball,ok,,633.0,150,150,142,0,118,24
L4254,oddball,ok,,637.0,149,149,145,0,122,23
L4281,oddball,ok,,655.0,150,150,140,0,117,23
L4283,oddball,ok,,639.0,148,148,122,0,100,22
L4290,oddball,ok,,647.0,149,149,132,0,112,20
L4300,oddball,ok,,654.0,148,148,132,0,109,23
L4301,oddball,ok,,639.0,149,149,148,0,123,25
L4302,oddball,ok,,769.0,149,149,148,0,123,25
L4303,oddball,ok,,655.0,140,140,128,0,107,21
L4310,oddball,ok,,652.0,139,139,129,0,108,21
L432,oddball,ok,,638.0,147,147,92,0,74,18
L4331,oddball,ok,,673.0,143,143,142,0,118,24
L434,oddball,ok,,665.0,147,147,137,0,116,21
L4340,oddball,ok,,680.0,120,120,58,0,44,14
L4346,oddball,ok,,648.0,141,141,130,0,108,22
L4349,oddball,ok,,633.0,150,150,150,0,125,25
L4361,oddball,ok,,646.0,133,133,133,0,113,20
L4368,oddball,ok,,653.0,115,115,98,0,83,15
L4370,oddball,ok,,636.0,150,150,132,0,109,23
L4389,oddball,ok,,640.0,149,149,137,0,115,22
L4391,oddball,ok,,690.0,120,120,109,0,89,20
L4403,oddball,ok,,638.0,150,150,148,0,123,25
L4417,oddball,ok,,634.0,137,137,126,0,105,21
L4423,oddball,ok,,667.0,134,134,122,0,103,19
L4425,oddball,ok,,678.0,139,139,119,0,98,21
L4433,oddball,ok,,640.0,148,148,146,0,121,25
L4435,oddball,ok,,689.0,133,133,126,0,105,21
L444,oddball,ok,,687.0,120,120,38,0,32,6
L4443,oddball,ok,,705.0,150,150,142,0,119,23
L4447,oddball,ok,,642.0,144,144,139,0,116,23
L4450,oddball,ok,,638.0,150,150,109,0,91,18
L4460,oddball,ok,,636.0,150,150,145,0,120,25
L4471,oddball,ok,,632.0,150,150,145,0,121,24
L4474,oddball,ok,,655.0,148,148,147,0,122,25
L4488,oddball,ok,,639.0,148,148,142,0,117,25
L449,oddball,ok,,636.0,149,149,143,0,118,25
L4497,oddball,ok,,641.0,147,147,143,0,120,23
L4505,oddball,ok,,705.0,147,147,139,0,116,23
L4514,oddball,ok,,641.0,126,126,117,0,99,18
L4516,oddball,ok,,641.0,148,148,134,0,113,21
L4521,oddball,ok,,636.0,150,150,136,0,114,22
L4523,oddball,ok,,652.0,141,141,136,0,113,23
L4533,oddball,ok,,642.0,149,149,136,0,113,23
L4547,oddball,ok,,644.0,148,148,148,0,124,24
L4562,oddball,ok,,646.0,147,147,147,0,122,25
L4565,oddball,ok,,641.0,146,146,130,0,108,22
L4583,oddball,ok,,640.0,148,148,145,0,121,24
L4586,oddball,ok,,639.0,149,149,143,0,118,25
L465,oddball,ok,,646.0,144,144,132,0,112,20
L466,oddball,ok,,638.0,149,149,143,0,119,24
L467,oddball,ok,,641.0,146,146,145,0,120,25
L479,oddball,ok,,653.0,148,148,129,0,106,23
L480,oddball,ok,,643.0,144,144,144,0,122,22
L500,oddball,ok,,633.0,150,150,124,0,101,23
L503,oddball,ok,,640.0,147,147,137,0,114,23
L511,oddball,ok,,691.0,149,149,130,0,106,24
L512,oddball,ok,,642.0,145,145,78,0,65,13
L516,oddball,ok,,645.0,141,141,140,0,116,24
L517,oddball,ok,,640.0,149,149,105,0,94,11
L525,oddball,ok,,643.0,149,149,145,0,120,25
L527,oddball,ok,,643.0,145,145,85,0,71,14
L53,oddball,ok,,640.0,149,149,93,0,78,15
L534,oddball,ok,,634.0,149,149,133,0,110,23
L535,oddball,ok,,641.0,146,146,122,0,104,18
L537,oddball,ok,,632.0,149,149,135,0,112,23
L540,oddball,ok,,657.0,150,150,133,0,111,22
L547,oddball,ok,,641.0,147,147,141,0,117,24
L549,oddball,ok,,638.0,148,148,125,0,104,21
L56,oddball,ok,,650.0,150,150,145,0,123,22
L574,oddball,ok,,643.0,147,147,145,0,122,23
L576,oddball,ok,,716.0,150,150,145,0,121,24
L584,oddball,ok,,635.0,150,150,101,0,83,18
L589,oddball,ok,,638.0,149,149,109,0,90,19
L59,oddball,ok,,632.0,150,150,138,0,114,24
L591,oddball,ok,,636.0,150,150,150,0,125,25
L601,oddball,ok,,634.0,150,150,101,0,85,16
L611,oddball,ok,,636.0,149,149,139,0,115,24
L617,oddball,ok,,636.0,150,150,141,0,117,24
L620,oddball,ok,,650.0,144,144,136,0,114,22
L621,oddball,ok,,649.0,148,148,86,0,71,15
L625,oddball,ok,,640.0,149,149,133,0,110,23
L632,oddball,ok,,640.0,150,150,146,0,121,25
L638,oddball,ok,,643.0,147,147,144,0,119,25
L65,oddball,ok,,638.0,150,150,139,0,117,22
L66,oddball,ok,,646.0,148,148,145,0,121,24
L675,oddball,ok,,647.0,142,142,115,0,98,17
L682,oddball,ok,,682.0,142,142,133,0,109,24
L702,oddball,ok,,644.0,145,145,123,0,104,19
L703,oddball,ok,,638.0,149,149,56,0,43,13
L710,oddball,ok,,641.0,145,145,145,0,122,23
L718,oddball,ok,,639.0,150,150,144,0,121,23
L730,oddball,ok,,642.0,144,144,144,0,120,24
L74,oddball,ok,,644.0,146,146,128,0,105,23
L750,oddball,ok,,646.0,145,145,144,0,121,23
L755,oddball,ok,,639.0,146,146,142,0,117,25
L76,oddball,ok,,694.0,148,148,143,0,119,24
L761,oddball,ok,,652.0,147,147,141,0,116,25
L768,oddball,ok,,652.0,147,147,143,0,120,23
L773,oddball,ok,,642.0,148,148,142,0,118,24
L793,oddball,ok,,637.0,149,149,141,0,116,25
L806,oddball,ok,,649.0,143,143,137,0,113,24
L818,oddball,ok,,637.0,149,149,79,0,64,15
L826,oddball,ok,,640.0,147,147,87,0,73,14
L839,oddball,ok,,636.0,148,148,148,0,124,24
L84,oddball,ok,,643.0,149,149,106,0,88,18
L849,oddball,ok,,645.0,147,147,104,0,87,17
L85,oddball,ok,,643.0,150,150,150,0,125,25
L852,oddball,ok,,641.0,144,144,77,0,65,12
L857,oddball,ok,,641.0,147,147,133,0,113,20
L858,oddball,ok,,642.0,147,147,135,0,113,22
L87,oddball,ok,,649.0,146,146,125,0,104,21
L88,oddball,ok,,639.0,149,149,125,0,102,23
L97,oddball,ok,,639.0,149,149,145,0,121,24
