L_id,task,feature_status,feature_error,sfreq,n_epochs_total,n_epochs_good,bad_epoch_rate,n_channels_used,duration_sec_loaded
L10,rest,ok,,250.0,61,56,0.08196721311475408,32,307.996
L11,rest,ok,,250.0,62,39,0.3709677419354839,32,312.996
L12,rest,ok,,250.0,67,60,0.10447761194029848,32,336.996
L1355,rest,ok,,250.0,66,66,0.0,32,332.996
L1361,rest,ok,,250.0,61,38,0.3770491803278688,32,306.996
L1363,rest,ok,,250.0,62,38,0.3870967741935484,32,310.996
L1379,rest,ok,,250.0,65,60,0.07692307692307687,32,325.996
L1382,rest,ok,,250.0,66,48,0.2727272727272727,32,332.996
L1384,rest,ok,,250.0,60,36,0.4,32,302.996
L1386,rest,ok,,250.0,61,61,0.0,32,306.996
L1387,rest,ok,,250.0,61,56,0.08196721311475408,32,306.996
L1388,rest,ok,,250.0,64,57,0.109375,32,319.996
L1389,rest,ok,,250.0,68,36,0.47058823529411764,32,341.996
L1392,rest,ok,,250.0,62,49,0.20967741935483875,32,311.996
L1393,rest,ok,,250.0,62,38,0.3870967741935484,32,310.996
L1396,rest,ok,,250.0,60,58,0.033333333333333326,32,302.996
L1399,rest,ok,,250.0,60,34,0.43333333333333335,32,302.996
L1400,rest,ok,,250.0,61,58,0.049180327868852514,32,305.996
L1404,rest,ok,,250.0,60,53,0.1166666666666667,32,302.996
L1405,rest,ok,,250.0,61,44,0.2786885245901639,32,307.996
L1411,rest,ok,,250.0,60,56,0.06666666666666665,32,300.996
L1412,rest,ok,,250.0,60,59,0.01666666666666672,32,302.996
L1413,rest,ok,,250.0,60,43,0.2833333333333333,32,301.996
L1416,rest,ok,,250.0,60,40,0.33333333333333337,32,302.996
L1422,rest,ok,,250.0,62,61,0.016129032258064502,32,310.996
L1423,rest,ok,,250.0,70,28,0.6,32,349.996
L1424,rest,ok,,250.0,61,60,0.016393442622950838,32,307.996
L1426,rest,ok,,250.0,60,60,0.0,32,300.996
L1437,rest,ok,,250.0,61,60,0.016393442622950838,32,304.996
L1444,rest,ok,,250.0,61,46,0.24590163934426235,32,304.996
L1445,rest,ok,,250.0,62,58,0.06451612903225812,32,310.996
L1446,rest,ok,,250.0,64,38,0.40625,32,321.996
L1447,rest,ok,,250.0,78,72,0.07692307692307687,32,390.996
L1449,rest,ok,,250.0,60,49,0.18333333333333335,32,302.996
L1450,rest,ok,,250.0,70,59,0.15714285714285714,32,353.996
L1451,rest,ok,,250.0,75,36,0.52,32,374.996
L1452,rest,ok,,250.0,62,58,0.06451612903225812,32,313.996
L1453,rest,ok,,250.0,60,50,0.16666666666666663,32,301.996
L1454,rest,ok,,250.0,62,52,0.16129032258064513,32,311.996
L1455,rest,ok,,250.0,65,65,0.0,32,326.996
L1457,rest,ok,,250.0,70,50,0.2857142857142857,32,349.996
L1461,rest,ok,,250.0,61,36,0.4098360655737705,32,305.996
L1463,rest,fail,too_few_good_epochs:19,250.0,62,19,0.6935483870967742,32,311.996
L1464,rest,ok,,250.0,93,53,0.4301075268817204,32,466.996
L1467,rest,ok,,250.0,62,45,0.27419354838709675,32,310.996
L1468,rest,ok,,250.0,79,71,0.10126582278481011,32,394.996
L1469,rest,ok,,250.0,63,47,0.25396825396825395,32,314.996
L1470,rest,ok,,250.0,73,68,0.06849315068493156,32,364.996
L1471,rest,ok,,250.0,62,42,0.32258064516129037,32,312.996
L1472,rest,ok,,250.0,61,41,0.3278688524590164,32,307.996
L1473,rest,ok,,250.0,79,55,0.30379746835443033,32,398.996
L1474,rest,ok,,250.0,74,67,0.09459459459459463,32,370.996
L1475,rest,ok,,250.0,60,43,0.2833333333333333,32,302.996
L1476,rest,ok,,250.0,62,59,0.048387096774193505,32,310.996
L1477,rest,fail,too_few_good_epochs:19,250.0,65,19,0.7076923076923076,32,325.996
L1478,rest,ok,,250.0,70,53,0.24285714285714288,32,353.996
L1483,rest,ok,,250.0,81,67,0.1728395061728395,32,404.996
L1484,rest,ok,,250.0,62,36,0.4193548387096774,32,310.996
L1485,rest,ok,,250.0,71,57,0.19718309859154926,32,358.996
L1487,rest,ok,,250.0,62,49,0.20967741935483875,32,309.996
L1488,rest,ok,,250.0,63,52,0.17460317460317465,32,314.996
L1492,rest,ok,,250.0,66,59,0.10606060606060608,32,333.996
L1493,rest,ok,,250.0,70,60,0.1428571428571429,32,350.996
L1494,rest,ok,,250.0,68,51,0.25,32,341.996
L1495,rest,ok,,250.0,62,48,0.22580645161290325,32,310.996
L1496,rest,ok,,250.0,64,63,0.015625,32,322.996
L1497,rest,ok,,250.0,88,69,0.21590909090909094,32,443.996
L1498,rest,ok,,250.0,61,58,0.049180327868852514,32,307.996
L1499,rest,ok,,250.0,64,55,0.140625,32,321.996
L1500,rest,ok,,250.0,70,68,0.02857142857142858,32,350.996
L1502,rest,ok,,250.0,66,56,0.1515151515151515,32,333.996
L1503,rest,ok,,250.0,74,72,0.027027027027026973,32,372.996
L1504,rest,ok,,250.0,61,54,0.11475409836065575,32,307.996
L1505,rest,ok,,250.0,60,29,0.5166666666666666,32,302.996
L1506,rest,ok,,250.0,73,71,0.0273972602739726,32,364.996
L1507,rest,ok,,250.0,60,57,0.050000000000000044,32,303.996
L1508,rest,ok,,250.0,62,62,0.0,32,311.996
L1509,rest,ok,,250.0,72,59,0.18055555555555558,32,360.996
L1511,rest,ok,,250.0,62,52,0.16129032258064513,32,310.996
L1512,rest,ok,,250.0,64,57,0.109375,32,321.996
L1513,rest,ok,,250.0,68,46,0.32352941176470584,32,340.996
L1515,rest,ok,,250.0,62,61,0.016129032258064502,32,310.996
L1516,rest,ok,,250.0,60,51,0.15000000000000002,32,301.996
L1517,rest,ok,,250.0,64,62,0.03125,32,321.996
L1518,rest,ok,,250.0,70,50,0.2857142857142857,32,351.996
L1520,rest,ok,,250.0,60,40,0.33333333333333337,32,303.996
L1539,rest,ok,,250.0,72,29,0.5972222222222222,32,362.996
L1540,rest,ok,,250.0,62,23,0.6290322580645161,32,311.996
L1541,rest,ok,,250.0,60,54,0.09999999999999998,32,302.996
L1542,rest,ok,,250.0,60,56,0.06666666666666665,32,301.996
L1543,rest,ok,,250.0,73,71,0.0273972602739726,32,364.996
L1544,rest,ok,,250.0,60,54,0.09999999999999998,32,301.996
L1545,rest,ok,,250.0,64,49,0.234375,32,323.996
L1546,rest,ok,,250.0,62,55,0.11290322580645162,32,310.996
L1547,rest,ok,,250.0,60,37,0.3833333333333333,32,300.996
L1548,rest,ok,,250.0,62,58,0.06451612903225812,32,312.996
L1549,rest,ok,,250.0,62,40,0.3548387096774194,32,311.996
L1550,rest,ok,,250.0,77,69,0.10389610389610393,32,388.996
L1551,rest,ok,,250.0,62,23,0.6290322580645161,32,313.996
L1552,rest,ok,,250.0,64,49,0.234375,32,320.996
L1553,rest,ok,,250.0,64,38,0.40625,32,320.996
L1554,rest,ok,,250.0,62,47,0.24193548387096775,32,310.996
L1555,rest,ok,,250.0,60,47,0.21666666666666667,32,300.996
L1556,rest,ok,,250.0,63,48,0.23809523809523814,32,315.996
L1557,rest,ok,,250.0,60,57,0.050000000000000044,32,303.996
L1558,rest,ok,,250.0,61,48,0.21311475409836067,32,304.996
L1560,rest,ok,,250.0,71,67,0.05633802816901412,32,356.996
L1562,rest,ok,,250.0,62,58,0.06451612903225812,32,311.996
L1563,rest,ok,,250.0,62,54,0.12903225806451613,32,310.996
L1564,rest,ok,,250.0,65,58,0.10769230769230764,32,325.996
L1565,rest,ok,,250.0,64,52,0.1875,32,323.996
L1566,rest,ok,,250.0,69,69,0.0,32,344.996
L1567,rest,ok,,250.0,90,65,0.2777777777777778,32,449.996
L1568,rest,ok,,250.0,63,59,0.06349206349206349,32,318.996
L1569,rest,ok,,250.0,68,68,0.0,32,343.996
L1570,rest,ok,,250.0,71,29,0.5915492957746479,32,357.996
L1571,rest,ok,,250.0,62,52,0.16129032258064513,32,313.996
L1572,rest,ok,,250.0,62,60,0.032258064516129004,32,310.996
L1573,rest,ok,,250.0,65,61,0.06153846153846154,32,326.996
L1574,rest,ok,,250.0,61,41,0.3278688524590164,32,308.996
L1575,rest,ok,,250.0,73,66,0.09589041095890416,32,364.996
L1576,rest,ok,,250.0,84,29,0.6547619047619048,32,421.996
L1577,rest,ok,,250.0,62,46,0.25806451612903225,32,309.996
L1578,rest,ok,,250.0,63,60,0.04761904761904767,32,314.996
L1579,rest,ok,,250.0,61,55,0.09836065573770492,32,305.996
L1580,rest,ok,,250.0,62,26,0.5806451612903225,32,311.996
L1581,rest,ok,,250.0,74,56,0.2432432432432432,32,373.996
L1582,rest,ok,,250.0,70,62,0.11428571428571432,32,350.996
L1583,rest,ok,,250.0,76,32,0.5789473684210527,32,380.996
L1584,rest,ok,,250.0,66,47,0.28787878787878785,32,330.996
L1585,rest,ok,,250.0,69,65,0.05797101449275366,32,347.996
L1586,rest,ok,,250.0,68,49,0.27941176470588236,32,343.996
L1587,rest,ok,,250.0,64,52,0.1875,32,320.996
L1588,rest,ok,,250.0,62,51,0.17741935483870963,32,313.996
L1589,rest,ok,,250.0,60,59,0.01666666666666672,32,301.996
L1590,rest,ok,,250.0,70,67,0.042857142857142816,32,349.996
L1591,rest,ok,,250.0,64,45,0.296875,32,320.996
L1592,rest,fail,too_few_good_epochs:8,250.0,72,8,0.8888888888888888,32,362.996
L1593,rest,ok,,250.0,60,50,0.16666666666666663,32,300.996
L1594,rest,ok,,250.0,62,45,0.27419354838709675,32,312.996
L1595,rest,ok,,250.0,60,54,0.09999999999999998,32,302.996
L1596,rest,ok,,250.0,69,65,0.05797101449275366,32,348.996
L1597,rest,ok,,250.0,69,29,0.5797101449275363,32,345.996
L1598,rest,ok,,250.0,108,96,0.11111111111111116,32,541.996
L1600,rest,ok,,250.0,69,63,0.08695652173913049,32,347.996
L1601,rest,ok,,250.0,63,60,0.04761904761904767,32,315.996
L1602,rest,ok,,250.0,72,30,0.5833333333333333,32,362.996
L1603,rest,ok,,250.0,70,52,0.2571428571428571,32,349.996
L1604,rest,ok,,250.0,62,36,0.4193548387096774,32,311.996
L1605,rest,ok,,250.0,64,63,0.015625,32,320.996
L1606,rest,ok,,250.0,71,67,0.05633802816901412,32,354.996
L1608,rest,ok,,250.0,73,64,0.12328767123287676,32,364.996
L1609,rest,ok,,250.0,63,48,0.23809523809523814,32,316.996
L1610,rest,ok,,250.0,60,58,0.033333333333333326,32,302.996
L1611,rest,ok,,250.0,60,39,0.35,32,303.996
L1612,rest,ok,,250.0,62,49,0.20967741935483875,32,310.996
L1613,rest,fail,too_few_good_epochs:18,250.0,92,18,0.8043478260869565,32,459.996
L1615,rest,ok,,250.0,86,70,0.18604651162790697,32,430.996
L1616,rest,ok,,250.0,60,59,0.01666666666666672,32,300.996
L1618,rest,ok,,250.0,62,53,0.14516129032258063,32,313.996
L1619,rest,ok,,250.0,60,40,0.33333333333333337,32,300.996
L1620,rest,ok,,250.0,68,66,0.02941176470588236,32,343.996
L1621,rest,ok,,250.0,84,80,0.04761904761904767,32,421.996
L1622,rest,ok,,250.0,62,37,0.4032258064516129,32,312.996
L1623,rest,ok,,250.0,62,50,0.19354838709677424,32,311.996
L1624,rest,ok,,250.0,72,45,0.375,32,362.996
L1625,rest,ok,,250.0,61,45,0.2622950819672131,32,307.996
L1626,rest,fail,too_few_good_epochs:0,250.0,63,0,1.0,32,318.996
L1627,rest,ok,,250.0,60,46,0.23333333333333328,32,300.996
L1628,rest,ok,,250.0,61,60,0.016393442622950838,32,306.996
L1629,rest,ok,,250.0,61,36,0.4098360655737705,32,306.996
L1630,rest,ok,,250.0,68,57,0.16176470588235292,32,339.996
L1631,rest,ok,,250.0,60,42,0.30000000000000004,32,300.996
L1632,rest,ok,,250.0,61,38,0.3770491803278688,32,304.996
L1633,rest,ok,,250.0,63,50,0.2063492063492064,32,314.996
L1634,rest,ok,,250.0,63,61,0.031746031746031744,32,317.996
L1635,rest,ok,,250.0,60,55,0.08333333333333337,32,302.996
L1636,rest,ok,,250.0,60,35,0.41666666666666663,32,300.996
L1637,rest,ok,,250.0,60,57,0.050000000000000044,32,301.996
L1638,rest,ok,,250.0,68,62,0.08823529411764708,32,339.996
L1639,rest,ok,,250.0,64,50,0.21875,32,319.996
L1641,rest,ok,,250.0,62,59,0.048387096774193505,32,313.996
L1642,rest,ok,,250.0,62,38,0.3870967741935484,32,310.996
L1643,rest,ok,,250.0,66,42,0.36363636363636365,32,333.996
L1644,rest,fail,too_few_good_epochs:0,250.0,63,0,1.0,32,315.996
L1645,rest,ok,,250.0,60,59,0.01666666666666672,32,300.996
L1648,rest,ok,,250.0,60,60,0.0,32,301.996
L1649,rest,fail,too_few_good_epochs:9,250.0,63,9,0.8571428571428572,32,316.996
L1650,rest,ok,,250.0,61,59,0.032786885245901676,32,306.996
L1651,rest,ok,,250.0,67,59,0.11940298507462688,32,338.996
L1652,rest,ok,,250.0,66,63,0.045454545454545414,32,333.996
L1654,rest,ok,,250.0,62,44,0.29032258064516125,32,310.996
L1655,rest,ok,,250.0,64,62,0.03125,32,319.996
L1656,rest,ok,,250.0,64,51,0.203125,32,320.996
L1657,rest,ok,,250.0,66,64,0.030303030303030276,32,330.996
L1658,rest,ok,,250.0,83,77,0.07228915662650603,32,415.996
L1659,rest,ok,,250.0,98,95,0.030612244897959218,32,492.996
L1660,rest,ok,,250.0,61,54,0.11475409836065575,32,305.996
L1662,rest,ok,,250.0,69,59,0.14492753623188404,32,348.996
L1663,rest,ok,,250.0,62,55,0.11290322580645162,32,312.996
L1664,rest,ok,,250.0,71,67,0.05633802816901412,32,358.996
L1666,rest,ok,,250.0,60,46,0.23333333333333328,32,302.996
L1667,rest,ok,,250.0,66,62,0.06060606060606055,32,329.996
L1668,rest,ok,,250.0,65,59,0.09230769230769231,32,325.996
L1672,rest,ok,,250.0,75,66,0.12,32,377.996
L1673,rest,ok,,250.0,60,59,0.01666666666666672,32,300.996
L1675,rest,ok,,250.0,61,55,0.09836065573770492,32,305.996
L1676,rest,ok,,250.0,61,49,0.19672131147540983,32,306.996
L1677,rest,ok,,250.0,62,49,0.20967741935483875,32,311.996
L1678,rest,ok,,250.0,61,56,0.08196721311475408,32,304.996
L168,rest,fail,too_few_good_epochs:0,250.0,64,0,1.0,32,321.996
L1680,rest,ok,,250.0,128,116,0.09375,32,640.996
L1683,rest,ok,,250.0,67,57,0.14925373134328357,32,334.996
L1684,rest,ok,,250.0,62,53,0.14516129032258063,32,309.996
L1685,rest,ok,,250.0,61,57,0.06557377049180324,32,306.996
L169,rest,ok,,250.0,63,55,0.12698412698412698,32,317.996
L170,rest,ok,,250.0,74,44,0.4054054054054054,32,369.996
L171,rest,ok,,250.0,63,58,0.07936507936507942,32,317.996
L172,rest,ok,,250.0,61,50,0.180327868852459,32,306.996
L1725,rest,ok,,250.0,61,59,0.032786885245901676,32,305.996
L1726,rest,ok,,250.0,60,34,0.43333333333333335,32,302.996
L1727,rest,ok,,250.0,62,59,0.048387096774193505,32,313.996
L1728,rest,ok,,250.0,68,68,0.0,32,339.996
L1729,rest,ok,,250.0,62,60,0.032258064516129004,32,310.996
L173,rest,ok,,250.0,65,64,0.01538461538461533,32,326.996
L1730,rest,ok,,250.0,60,55,0.08333333333333337,32,301.996
L1731,rest,ok,,250.0,63,57,0.09523809523809523,32,317.996
L1732,rest,ok,,250.0,61,53,0.1311475409836066,32,304.996
L1733,rest,ok,,250.0,61,49,0.19672131147540983,32,305.996
L1734,rest,fail,too_few_good_epochs:3,250.0,13,3,0.7692307692307692,32,65.996
L1736,rest,ok,,250.0,67,52,0.22388059701492535,32,338.996
L1737,rest,ok,,250.0,62,33,0.467741935483871,32,311.996
L1738,rest,ok,,250.0,62,51,0.17741935483870963,32,311.996
L174,rest,ok,,250.0,64,45,0.296875,32,323.996
L1740,rest,ok,,250.0,60,54,0.09999999999999998,32,302.996
L1741,rest,ok,,250.0,60,52,0.1333333333333333,32,300.996
L1742,rest,ok,,250.0,60,33,0.44999999999999996,32,300.996
L1743,rest,ok,,250.0,61,58,0.049180327868852514,32,304.996
L1744,rest,ok,,250.0,60,42,0.30000000000000004,32,302.996
L1745,rest,ok,,250.0,63,34,0.46031746031746035,32,315.996
L1746,rest,ok,,250.0,61,34,0.4426229508196722,32,305.996
L1747,rest,ok,,250.0,61,60,0.016393442622950838,32,304.996
L1748,rest,ok,,250.0,67,51,0.23880597014925375,32,338.996
L1749,rest,ok,,250.0,60,54,0.09999999999999998,32,303.996
L175,rest,ok,,250.0,61,53,0.1311475409836066,32,305.996
L1750,rest,ok,,250.0,71,64,0.09859154929577463,32,356.996
L1751,rest,ok,,250.0,80,71,0.11250000000000004,32,401.996
L1753,rest,ok,,250.0,63,56,0.11111111111111116,32,315.996
L1755,rest,ok,,250.0,68,45,0.3382352941176471,32,339.996
L1756,rest,ok,,250.0,62,61,0.016129032258064502,32,312.996
L1757,rest,ok,,250.0,60,54,0.09999999999999998,32,302.996
L1758,rest,ok,,250.0,63,56,0.11111111111111116,32,316.996
L1759,rest,ok,,250.0,61,52,0.14754098360655743,32,306.996
L176,rest,ok,,250.0,67,58,0.13432835820895528,32,337.996
L1760,rest,ok,,250.0,73,49,0.3287671232876712,32,364.996
L1761,rest,ok,,250.0,60,32,0.4666666666666667,32,301.996
L1762,rest,ok,,250.0,60,51,0.15000000000000002,32,300.996
L1763,rest,ok,,250.0,60,60,0.0,32,300.996
L1764,rest,ok,,250.0,63,40,0.3650793650793651,32,316.996
L1765,rest,ok,,250.0,72,67,0.06944444444444442,32,359.996
L1766,rest,ok,,250.0,66,45,0.31818181818181823,32,330.996
L1767,rest,ok,,250.0,60,55,0.08333333333333337,32,303.996
L1768,rest,ok,,250.0,60,46,0.23333333333333328,32,302.996
L1769,rest,ok,,250.0,68,55,0.19117647058823528,32,341.996
L177,rest,ok,,250.0,72,68,0.05555555555555558,32,362.996
L1770,rest,fail,too_few_good_epochs:17,250.0,60,17,0.7166666666666667,32,303.996
L1771,rest,ok,,250.0,60,51,0.15000000000000002,32,301.996
L1773,rest,ok,,250.0,88,53,0.3977272727272727,32,441.996
L1774,rest,ok,,250.0,61,43,0.29508196721311475,32,304.996
L1775,rest,ok,,250.0,60,48,0.19999999999999996,32,302.996
L1776,rest,ok,,250.0,61,58,0.049180327868852514,32,307.996
L1777,rest,ok,,250.0,69,68,0.01449275362318836,32,345.996
L1778,rest,ok,,250.0,67,57,0.14925373134328357,32,335.996
L178,rest,ok,,250.0,74,65,0.1216216216216216,32,371.996
L1780,rest,ok,,250.0,60,49,0.18333333333333335,32,300.996
L1782,rest,ok,,250.0,97,89,0.08247422680412375,32,484.996
L1783,rest,ok,,250.0,66,58,0.12121212121212122,32,330.996
L1784,rest,ok,,250.0,61,51,0.16393442622950816,32,306.996
L1786,rest,ok,,250.0,61,49,0.19672131147540983,32,306.996
L1788,rest,ok,,250.0,71,59,0.16901408450704225,32,354.996
L1789,rest,ok,,250.0,67,65,0.02985074626865669,32,334.996
L179,rest,ok,,250.0,67,66,0.014925373134328401,32,338.996
L1790,rest,ok,,250.0,61,56,0.08196721311475408,32,304.996
L1791,rest,ok,,250.0,61,53,0.1311475409836066,32,304.996
L1795,rest,ok,,250.0,62,51,0.17741935483870963,32,310.996
L1798,rest,ok,,250.0,61,60,0.016393442622950838,32,308.996
L1799,rest,ok,,250.0,75,65,0.1333333333333333,32,377.996
L18,rest,fail,too_few_good_epochs:0,250.0,2,0,1.0,32,10.996
L180,rest,fail,too_few_good_epochs:0,250.0,68,0,1.0,32,341.996
L1800,rest,ok,,250.0,79,74,0.06329113924050633,32,398.996
L1802,rest,ok,,250.0,65,60,0.07692307692307687,32,327.996
L1803,rest,ok,,250.0,62,61,0.016129032258064502,32,311.996
L1804,rest,ok,,250.0,62,60,0.032258064516129004,32,310.996
L1805,rest,ok,,250.0,62,54,0.12903225806451613,32,309.996
L1806,rest,ok,,250.0,63,28,0.5555555555555556,32,316.996
L1807,rest,ok,,250.0,64,62,0.03125,32,321.996
L1808,rest,ok,,250.0,64,63,0.015625,32,323.996
L1809,rest,ok,,250.0,65,63,0.03076923076923077,32,324.996
L181,rest,ok,,250.0,63,62,0.015873015873015928,32,318.996
L1810,rest,ok,,250.0,61,60,0.016393442622950838,32,304.996
L1811,rest,ok,,250.0,61,57,0.06557377049180324,32,304.996
L1812,rest,ok,,250.0,91,70,0.23076923076923073,32,456.996
L1813,rest,ok,,250.0,62,34,0.4516129032258065,32,311.996
L1814,rest,ok,,250.0,62,54,0.12903225806451613,32,311.996
L1815,rest,ok,,250.0,60,54,0.09999999999999998,32,302.996
L1816,rest,ok,,250.0,62,40,0.3548387096774194,32,310.996
L1817,rest,ok,,250.0,63,59,0.06349206349206349,32,318.996
L1818,rest,ok,,250.0,67,67,0.0,32,337.996
L1819,rest,fail,too_few_good_epochs:0,250.0,63,0,1.0,32,315.996
L182,rest,ok,,250.0,69,53,0.23188405797101452,32,347.996
L1823,rest,ok,,250.0,65,37,0.4307692307692308,32,324.996
L1828,rest,fail,too_few_good_epochs:0,250.0,64,0,1.0,32,323.996
L183,rest,ok,,250.0,62,61,0.016129032258064502,32,310.996
L1830,rest,ok,,250.0,69,59,0.14492753623188404,32,344.996
L1832,rest,ok,,250.0,65,46,0.29230769230769227,32,327.996
L1833,rest,ok,,250.0,61,54,0.11475409836065575,32,305.996
L1835,rest,ok,,250.0,60,60,0.0,32,303.996
L1836,rest,ok,,250.0,60,46,0.23333333333333328,32,303.996
L1837,rest,ok,,250.0,65,52,0.19999999999999996,32,327.996
L1838,rest,ok,,250.0,69,43,0.37681159420289856,32,344.996
L184,rest,ok,,250.0,62,47,0.24193548387096775,32,312.996
L1850,rest,ok,,250.0,63,59,0.06349206349206349,32,315.996
L1851,rest,ok,,250.0,64,56,0.125,32,323.996
L1852,rest,ok,,250.0,73,72,0.013698630136986356,32,368.996
L1853,rest,ok,,250.0,61,60,0.016393442622950838,32,304.996
L1854,rest,ok,,250.0,68,61,0.1029411764705882,32,343.996
L1855,rest,ok,,250.0,88,82,0.06818181818181823,32,443.996
L1860,rest,ok,,250.0,66,46,0.303030303030303,32,331.996
L1864,rest,ok,,250.0,61,43,0.29508196721311475,32,304.996
L1865,rest,ok,,250.0,60,52,0.1333333333333333,32,300.996
L1866,rest,ok,,250.0,60,56,0.06666666666666665,32,301.996
L1867,rest,fail,too_few_good_epochs:0,250.0,64,0,1.0,32,322.996
L1871,rest,ok,,250.0,63,51,0.19047619047619047,32,316.996
L1872,rest,ok,,250.0,64,62,0.03125,32,319.996
L1876,rest,ok,,250.0,60,47,0.21666666666666667,32,300.996
L1877,rest,ok,,250.0,62,61,0.016129032258064502,32,310.996
L1878,rest,ok,,250.0,61,58,0.049180327868852514,32,305.996
L1879,rest,ok,,250.0,62,59,0.048387096774193505,32,311.996
L1881,rest,ok,,250.0,63,55,0.12698412698412698,32,317.996
L1891,rest,ok,,250.0,61,47,0.2295081967213115,32,307.996
L1892,rest,fail,too_few_good_epochs:16,250.0,60,16,0.7333333333333334,32,303.996
L1893,rest,ok,,250.0,64,36,0.4375,32,319.996
L1894,rest,ok,,250.0,62,59,0.048387096774193505,32,311.996
L1895,rest,ok,,250.0,76,46,0.39473684210526316,32,383.996
L1896,rest,ok,,250.0,74,64,0.1351351351351351,32,371.996
L1897,rest,fail,too_few_good_epochs:8,250.0,60,8,0.8666666666666667,32,300.996
L1898,rest,ok,,250.0,63,49,0.2222222222222222,32,314.996
L1899,rest,ok,,250.0,62,57,0.08064516129032262,32,310.996
L190,rest,ok,,250.0,62,53,0.14516129032258063,32,311.996
L1901,rest,ok,,250.0,61,58,0.049180327868852514,32,308.996
L1902,rest,fail,too_few_good_epochs:0,250.0,61,0,1.0,32,304.996
L1903,rest,ok,,250.0,62,53,0.14516129032258063,32,312.996
L1904,rest,ok,,250.0,62,32,0.4838709677419355,32,309.996
L1905,rest,ok,,250.0,61,51,0.16393442622950816,32,305.996
L1906,rest,ok,,250.0,62,55,0.11290322580645162,32,310.996
L1907,rest,ok,,250.0,62,49,0.20967741935483875,32,310.996
L1908,rest,ok,,250.0,62,57,0.08064516129032262,32,310.996
L1909,rest,ok,,250.0,63,47,0.25396825396825395,32,317.996
L1910,rest,fail,too_few_good_epochs:17,250.0,64,17,0.734375,32,319.996
L1911,rest,fail,too_few_good_epochs:18,250.0,60,18,0.7,32,303.996
L192,rest,ok,,250.0,66,63,0.045454545454545414,32,333.996
L194,rest,ok,,250.0,73,59,0.1917808219178082,32,366.996
L195,rest,ok,,250.0,67,53,0.20895522388059706,32,335.996
L196,rest,ok,,250.0,62,49,0.20967741935483875,32,312.996
L198,rest,ok,,250.0,63,45,0.2857142857142857,32,316.996
L199,rest,ok,,250.0,64,61,0.046875,32,319.996
L203,rest,ok,,250.0,61,34,0.4426229508196722,32,305.996
L2059,rest,ok,,250.0,63,60,0.04761904761904767,32,315.996
L2060,rest,ok,,250.0,61,58,0.049180327868852514,32,308.996
L2061,rest,ok,,250.0,61,52,0.14754098360655743,32,305.996
L2062,rest,ok,,250.0,65,65,0.0,32,327.996
L2063,rest,ok,,250.0,63,43,0.31746031746031744,32,314.996
L2064,rest,ok,,250.0,61,32,0.47540983606557374,32,306.996
L2065,rest,ok,,250.0,64,39,0.390625,32,320.996
L2066,rest,ok,,250.0,65,64,0.01538461538461533,32,325.996
L2067,rest,ok,,250.0,63,62,0.015873015873015928,32,314.996
L2068,rest,ok,,250.0,61,46,0.24590163934426235,32,304.996
L2072,rest,ok,,250.0,60,59,0.01666666666666672,32,303.996
L2076,rest,ok,,250.0,64,64,0.0,32,321.996
L2077,rest,ok,,250.0,63,59,0.06349206349206349,32,314.996
L2079,rest,ok,,250.0,62,26,0.5806451612903225,32,310.996
L208,rest,ok,,250.0,63,34,0.46031746031746035,32,318.996
L2080,rest,ok,,250.0,62,61,0.016129032258064502,32,312.996
L2082,rest,ok,,250.0,64,56,0.125,32,323.996
L2083,rest,ok,,250.0,62,54,0.12903225806451613,32,311.996
L2084,rest,ok,,250.0,64,62,0.03125,32,322.996
L2085,rest,ok,,250.0,60,50,0.16666666666666663,32,303.996
L2086,rest,ok,,250.0,64,61,0.046875,32,321.996
L2087,rest,ok,,250.0,62,48,0.22580645161290325,32,310.996
L2088,rest,ok,,250.0,60,56,0.06666666666666665,32,302.996
L2089,rest,ok,,250.0,60,56,0.06666666666666665,32,301.996
L2090,rest,ok,,250.0,60,59,0.01666666666666672,32,301.996
L2091,rest,ok,,250.0,62,54,0.12903225806451613,32,311.996
L2092,rest,ok,,250.0,68,57,0.16176470588235292,32,342.996
L2093,rest,ok,,250.0,64,62,0.03125,32,322.996
L2094,rest,ok,,250.0,62,40,0.3548387096774194,32,311.996
L2095,rest,ok,,250.0,60,56,0.06666666666666665,32,301.996
L2096,rest,ok,,250.0,64,50,0.21875,32,323.996
L2097,rest,ok,,250.0,64,56,0.125,32,320.996
L2098,rest,ok,,250.0,64,63,0.015625,32,323.996
L2099,rest,ok,,250.0,61,55,0.09836065573770492,32,304.996
L210,rest,ok,,250.0,82,61,0.25609756097560976,32,410.996
L2100,rest,ok,,250.0,64,48,0.25,32,320.996
L2101,rest,ok,,250.0,62,61,0.016129032258064502,32,312.996
L2102,rest,ok,,250.0,64,46,0.28125,32,320.996
L2103,rest,ok,,250.0,61,53,0.1311475409836066,32,308.996
L2104,rest,ok,,250.0,65,28,0.5692307692307692,32,325.996
L2105,rest,fail,too_few_good_epochs:11,250.0,65,11,0.8307692307692307,32,325.996
L2106,rest,fail,too_few_good_epochs:14,250.0,60,14,0.7666666666666666,32,301.996
L2107,rest,ok,,250.0,64,53,0.171875,32,320.996
L2108,rest,ok,,250.0,63,59,0.06349206349206349,32,314.996
L2109,rest,ok,,250.0,62,51,0.17741935483870963,32,311.996
L2110,rest,ok,,250.0,65,62,0.0461538461538461,32,324.996
L2111,rest,ok,,250.0,63,62,0.015873015873015928,32,314.996
L2112,rest,ok,,250.0,62,46,0.25806451612903225,32,313.996
L2113,rest,ok,,250.0,62,62,0.0,32,311.996
L2114,rest,ok,,250.0,60,50,0.16666666666666663,32,300.996
L2115,rest,ok,,250.0,64,55,0.140625,32,321.996
L2116,rest,ok,,250.0,60,58,0.033333333333333326,32,302.996
L2117,rest,ok,,250.0,63,50,0.2063492063492064,32,315.996
L2120,rest,ok,,250.0,66,26,0.6060606060606061,32,331.996
L2128,rest,ok,,250.0,62,40,0.3548387096774194,32,311.996
L2147,rest,ok,,250.0,60,60,0.0,32,302.996
L2150,rest,ok,,250.0,64,57,0.109375,32,321.996
L2152,rest,ok,,250.0,60,58,0.033333333333333326,32,300.996
L2154,rest,ok,,250.0,62,48,0.22580645161290325,32,310.996
L2162,rest,ok,,250.0,64,60,0.0625,32,320.996
L2167,rest,ok,,250.0,64,62,0.03125,32,319.996
L2169,rest,ok,,250.0,66,63,0.045454545454545414,32,330.996
L2171,rest,ok,,250.0,63,36,0.4285714285714286,32,315.996
L2172,rest,ok,,250.0,64,59,0.078125,32,320.996
L2173,rest,ok,,250.0,60,36,0.4,32,301.996
L2174,rest,ok,,250.0,60,48,0.19999999999999996,32,301.996
L2175,rest,ok,,250.0,60,34,0.43333333333333335,32,303.996
L2176,rest,ok,,250.0,65,64,0.01538461538461533,32,326.996
L2178,rest,ok,,250.0,60,36,0.4,32,301.996
L2180,rest,ok,,250.0,64,50,0.21875,32,320.996
L2181,rest,ok,,250.0,62,51,0.17741935483870963,32,309.996
L2182,rest,ok,,250.0,61,43,0.29508196721311475,32,306.996
L2183,rest,ok,,250.0,63,63,0.0,32,315.996
L2185,rest,ok,,250.0,60,48,0.19999999999999996,32,301.996
L2188,rest,ok,,250.0,60,53,0.1166666666666667,32,301.996
L219,rest,ok,,250.0,62,43,0.30645161290322576,32,311.996
L2190,rest,ok,,250.0,63,62,0.015873015873015928,32,314.996
L2192,rest,ok,,250.0,63,53,0.15873015873015872,32,318.996
L2193,rest,ok,,250.0,69,54,0.21739130434782605,32,348.996
L2194,rest,ok,,250.0,62,46,0.25806451612903225,32,310.996
L2195,rest,ok,,250.0,62,58,0.06451612903225812,32,313.996
L2196,rest,ok,,250.0,63,51,0.19047619047619047,32,314.996
L220,rest,ok,,250.0,79,79,0.0,32,396.996
L2201,rest,ok,,250.0,62,60,0.032258064516129004,32,311.996
L2202,rest,ok,,250.0,61,37,0.39344262295081966,32,305.996
L2203,rest,ok,,250.0,64,59,0.078125,32,322.996
L2204,rest,ok,,250.0,62,59,0.048387096774193505,32,310.996
L2206,rest,ok,,250.0,64,60,0.0625,32,320.996
L2207,rest,ok,,250.0,62,62,0.0,32,311.996
L221,rest,ok,,250.0,69,65,0.05797101449275366,32,346.996
L222,rest,ok,,250.0,62,62,0.0,32,311.996
L2225,rest,ok,,250.0,60,50,0.16666666666666663,32,301.996
L2226,rest,ok,,250.0,62,46,0.25806451612903225,32,311.996
L223,rest,ok,,250.0,68,64,0.05882352941176472,32,342.996
L2231,rest,ok,,250.0,61,60,0.016393442622950838,32,307.996
L2232,rest,ok,,250.0,62,45,0.27419354838709675,32,313.996
L2235,rest,ok,,250.0,60,41,0.31666666666666665,32,301.996
L2237,rest,ok,,250.0,62,44,0.29032258064516125,32,312.996
L2238,rest,ok,,250.0,60,30,0.5,32,301.996
L2239,rest,ok,,250.0,64,62,0.03125,32,320.996
L2242,rest,ok,,250.0,66,63,0.045454545454545414,32,332.996
L2243,rest,ok,,250.0,66,50,0.24242424242424243,32,331.996
L225,rest,ok,,250.0,67,66,0.014925373134328401,32,334.996
L226,rest,ok,,250.0,62,55,0.11290322580645162,32,313.996
L242,rest,ok,,250.0,63,58,0.07936507936507942,32,315.996
L243,rest,ok,,250.0,63,30,0.5238095238095238,32,315.996
L244,rest,ok,,250.0,69,33,0.5217391304347826,32,345.996
L246,rest,ok,,250.0,63,40,0.3650793650793651,32,314.996
L247,rest,ok,,250.0,63,63,0.0,32,317.996
L248,rest,ok,,250.0,63,42,0.33333333333333337,32,317.996
L249,rest,ok,,250.0,73,56,0.23287671232876717,32,366.996
L2497,rest,ok,,250.0,63,56,0.11111111111111116,32,316.996
L2498,rest,ok,,250.0,65,63,0.03076923076923077,32,325.996
L25,rest,fail,too_few_good_epochs:16,250.0,62,16,0.7419354838709677,32,312.996
L250,rest,ok,,250.0,66,38,0.4242424242424242,32,329.996
L2501,rest,ok,,250.0,72,51,0.29166666666666663,32,360.996
L2502,rest,ok,,250.0,67,48,0.28358208955223885,32,335.996
L2505,rest,ok,,250.0,62,62,0.0,32,312.996
L2507,rest,ok,,250.0,62,61,0.016129032258064502,32,312.996
L2508,rest,ok,,250.0,68,61,0.1029411764705882,32,339.996
L251,rest,ok,,250.0,61,29,0.5245901639344263,32,308.996
L2513,rest,ok,,250.0,61,61,0.0,32,306.996
L2515,rest,ok,,250.0,61,53,0.1311475409836066,32,304.996
L2516,rest,ok,,250.0,61,52,0.14754098360655743,32,305.996
L2519,rest,ok,,250.0,65,56,0.1384615384615384,32,328.996
L252,rest,ok,,250.0,64,52,0.1875,32,319.996
L2529,rest,ok,,250.0,67,46,0.31343283582089554,32,336.996
L253,rest,ok,,250.0,63,49,0.2222222222222222,32,317.996
L2530,rest,ok,,250.0,61,60,0.016393442622950838,32,305.996
L2545,rest,ok,,250.0,61,61,0.0,32,304.996
L255,rest,ok,,250.0,64,29,0.546875,32,322.996
L2553,rest,ok,,250.0,67,61,0.08955223880597019,32,334.996
L2556,rest,ok,,250.0,69,65,0.05797101449275366,32,345.996
L2558,rest,ok,,250.0,64,63,0.015625,32,319.996
L2559,rest,ok,,250.0,62,53,0.14516129032258063,32,313.996
L256,rest,ok,,250.0,64,48,0.25,32,322.996
L2560,rest,ok,,250.0,66,63,0.045454545454545414,32,329.996
L2561,rest,ok,,250.0,64,57,0.109375,32,322.996
L2562,rest,ok,,250.0,62,62,0.0,32,310.996
L2563,rest,ok,,250.0,63,60,0.04761904761904767,32,315.996
L2568,rest,ok,,250.0,61,50,0.180327868852459,32,305.996
L257,rest,fail,too_few_good_epochs:1,250.0,64,1,0.984375,32,321.996
L2570,rest,ok,,250.0,64,62,0.03125,32,319.996
L2571,rest,ok,,250.0,60,32,0.4666666666666667,32,302.996
L258,rest,ok,,250.0,64,31,0.515625,32,323.996
L2584,rest,ok,,250.0,69,66,0.04347826086956519,32,348.996
L2585,rest,ok,,250.0,63,63,0.0,32,316.996
L259,rest,ok,,250.0,64,50,0.21875,32,319.996
L260,rest,ok,,250.0,63,36,0.4285714285714286,32,317.996
L261,rest,ok,,250.0,63,40,0.3650793650793651,32,316.996
L262,rest,ok,,250.0,66,54,0.18181818181818177,32,332.996
L263,rest,ok,,250.0,65,60,0.07692307692307687,32,328.996
L264,rest,ok,,250.0,63,57,0.09523809523809523,32,318.996
L267,rest,ok,,250.0,62,60,0.032258064516129004,32,311.996
L2696,rest,ok,,250.0,62,54,0.12903225806451613,32,311.996
L2706,rest,ok,,250.0,68,40,0.4117647058823529,32,342.996
L2711,rest,fail,too_few_good_epochs:11,250.0,65,11,0.8307692307692307,32,327.996
L2718,rest,ok,,250.0,62,58,0.06451612903225812,32,311.996
L273,rest,ok,,250.0,63,55,0.12698412698412698,32,318.996
L274,rest,ok,,250.0,65,52,0.19999999999999996,32,327.996
L2747,rest,ok,,250.0,61,51,0.16393442622950816,32,304.996
L2748,rest,ok,,250.0,66,55,0.16666666666666663,32,332.996
L275,rest,ok,,250.0,65,49,0.24615384615384617,32,325.996
L2751,rest,ok,,250.0,63,58,0.07936507936507942,32,314.996
L2752,rest,ok,,250.0,61,43,0.29508196721311475,32,305.996
L2753,rest,ok,,250.0,64,64,0.0,32,323.996
L276,rest,ok,,250.0,79,78,0.012658227848101222,32,395.996
L2761,rest,ok,,250.0,66,64,0.030303030303030276,32,330.996
L2764,rest,ok,,250.0,62,55,0.11290322580645162,32,310.996
L2765,rest,ok,,250.0,62,62,0.0,32,309.996
L2768,rest,ok,,250.0,62,60,0.032258064516129004,32,310.996
L277,rest,ok,,250.0,64,44,0.3125,32,323.996
L2770,rest,ok,,250.0,65,61,0.06153846153846154,32,324.996
L2771,rest,ok,,250.0,64,47,0.265625,32,322.996
L2772,rest,ok,,250.0,63,63,0.0,32,314.996
L2773,rest,ok,,250.0,67,48,0.28358208955223885,32,334.996
L2775,rest,ok,,250.0,62,54,0.12903225806451613,32,311.996
L2776,rest,ok,,250.0,62,37,0.4032258064516129,32,313.996
L2777,rest,ok,,250.0,62,58,0.06451612903225812,32,309.996
L2778,rest,ok,,250.0,63,54,0.1428571428571429,32,315.996
L2779,rest,ok,,250.0,70,68,0.02857142857142858,32,350.996
L2780,rest,ok,,250.0,62,56,0.09677419354838712,32,311.996
L2782,rest,ok,,250.0,67,59,0.11940298507462688,32,338.996
L2783,rest,ok,,250.0,62,60,0.032258064516129004,32,312.996
L2784,rest,ok,,250.0,62,59,0.048387096774193505,32,311.996
L2785,rest,ok,,250.0,61,61,0.0,32,304.996
L2786,rest,ok,,250.0,61,60,0.016393442622950838,32,307.996
L2787,rest,ok,,250.0,63,60,0.04761904761904767,32,314.996
L2788,rest,ok,,250.0,61,38,0.3770491803278688,32,308.996
L2789,rest,ok,,250.0,60,59,0.01666666666666672,32,302.996
L279,rest,ok,,250.0,65,55,0.15384615384615385,32,328.996
L2790,rest,ok,,250.0,70,53,0.24285714285714288,32,353.996
L2792,rest,ok,,250.0,61,61,0.0,32,307.996
L2793,rest,ok,,250.0,62,60,0.032258064516129004,32,310.996
L2795,rest,ok,,250.0,62,60,0.032258064516129004,32,309.996
L2796,rest,ok,,250.0,61,58,0.049180327868852514,32,307.996
L2797,rest,ok,,250.0,70,62,0.11428571428571432,32,349.996
L2798,rest,ok,,250.0,62,62,0.0,32,310.996
L2799,rest,ok,,250.0,62,56,0.09677419354838712,32,309.996
L280,rest,ok,,250.0,67,37,0.4477611940298507,32,334.996
L2802,rest,ok,,250.0,62,48,0.22580645161290325,32,309.996
L2804,rest,ok,,250.0,63,56,0.11111111111111116,32,316.996
L2805,rest,ok,,250.0,61,48,0.21311475409836067,32,308.996
L2806,rest,ok,,250.0,64,52,0.1875,32,319.996
L2807,rest,ok,,250.0,63,42,0.33333333333333337,32,318.996
L2809,rest,ok,,250.0,62,59,0.048387096774193505,32,310.996
L281,rest,ok,,250.0,63,53,0.15873015873015872,32,316.996
L2811,rest,ok,,250.0,61,58,0.049180327868852514,32,308.996
L2817,rest,ok,,250.0,65,59,0.09230769230769231,32,326.996
L2818,rest,ok,,250.0,63,63,0.0,32,314.996
L2819,rest,ok,,250.0,62,61,0.016129032258064502,32,310.996
L282,rest,ok,,250.0,64,24,0.625,32,322.996
L283,rest,ok,,250.0,61,57,0.06557377049180324,32,306.996
L2830,rest,ok,,250.0,63,59,0.06349206349206349,32,318.996
L2832,rest,ok,,250.0,62,57,0.08064516129032262,32,312.996
L2835,rest,ok,,250.0,61,56,0.08196721311475408,32,308.996
L2837,rest,ok,,250.0,60,50,0.16666666666666663,32,300.996
L2838,rest,ok,,250.0,61,60,0.016393442622950838,32,305.996
L2839,rest,ok,,250.0,62,55,0.11290322580645162,32,309.996
L2840,rest,ok,,250.0,61,59,0.032786885245901676,32,306.996
L2841,rest,ok,,250.0,89,51,0.4269662921348315,32,446.996
L2842,rest,ok,,250.0,67,23,0.6567164179104478,32,337.996
L2843,rest,ok,,250.0,64,58,0.09375,32,320.996
L2844,rest,ok,,250.0,62,49,0.20967741935483875,32,310.996
L2845,rest,ok,,250.0,62,60,0.032258064516129004,32,310.996
L2846,rest,ok,,250.0,74,73,0.013513513513513487,32,372.996
L2847,rest,ok,,250.0,60,59,0.01666666666666672,32,301.996
L2848,rest,ok,,250.0,63,62,0.015873015873015928,32,317.996
L2849,rest,ok,,250.0,60,53,0.1166666666666667,32,302.996
L2850,rest,ok,,250.0,63,60,0.04761904761904767,32,316.996
L2851,rest,ok,,250.0,63,63,0.0,32,316.996
L2852,rest,ok,,250.0,63,59,0.06349206349206349,32,317.996
L2853,rest,ok,,250.0,61,61,0.0,32,308.996
L2854,rest,ok,,250.0,63,61,0.031746031746031744,32,316.996
L286,rest,ok,,250.0,64,64,0.0,32,322.996
L2862,rest,ok,,250.0,63,63,0.0,32,316.996
L2866,rest,ok,,250.0,60,57,0.050000000000000044,32,303.996
L2867,rest,ok,,250.0,73,62,0.15068493150684936,32,364.996
L2868,rest,ok,,250.0,65,57,0.12307692307692308,32,324.996
L287,rest,ok,,250.0,62,56,0.09677419354838712,32,310.996
L2870,rest,ok,,250.0,64,59,0.078125,32,320.996
L2872,rest,ok,,250.0,74,68,0.08108108108108103,32,370.996
L2873,rest,ok,,250.0,62,58,0.06451612903225812,32,309.996
L2874,rest,ok,,250.0,64,39,0.390625,32,319.996
L2875,rest,ok,,250.0,61,60,0.016393442622950838,32,308.996
L2877,rest,ok,,250.0,62,58,0.06451612903225812,32,310.996
L2883,rest,ok,,250.0,63,61,0.031746031746031744,32,318.996
L2884,rest,ok,,250.0,66,64,0.030303030303030276,32,330.996
L2886,rest,ok,,250.0,60,51,0.15000000000000002,32,303.996
L289,rest,ok,,250.0,66,65,0.015151515151515138,32,330.996
L2890,rest,ok,,250.0,62,60,0.032258064516129004,32,309.996
L2891,rest,ok,,250.0,61,57,0.06557377049180324,32,307.996
L2893,rest,ok,,250.0,60,59,0.01666666666666672,32,303.996
L2894,rest,ok,,250.0,61,59,0.032786885245901676,32,307.996
L2895,rest,ok,,250.0,63,59,0.06349206349206349,32,315.996
L2897,rest,ok,,250.0,64,60,0.0625,32,323.996
L2899,rest,ok,,250.0,61,57,0.06557377049180324,32,307.996
L29,rest,ok,,250.0,62,61,0.016129032258064502,32,310.996
L2900,rest,ok,,250.0,61,57,0.06557377049180324,32,307.996
L2903,rest,fail,too_few_good_epochs:5,250.0,72,5,0.9305555555555556,32,359.996
L2906,rest,ok,,250.0,60,26,0.5666666666666667,32,302.996
L2908,rest,ok,,250.0,61,34,0.4426229508196722,32,308.996
L2909,rest,ok,,250.0,60,56,0.06666666666666665,32,301.996
L2911,rest,ok,,250.0,75,21,0.72,32,377.996
L2918,rest,ok,,250.0,62,36,0.4193548387096774,32,311.996
L292,rest,ok,,250.0,66,60,0.09090909090909094,32,330.996
L2921,rest,ok,,250.0,64,41,0.359375,32,320.996
L2922,rest,ok,,250.0,61,57,0.06557377049180324,32,304.996
L2923,rest,ok,,250.0,61,29,0.5245901639344263,32,308.996
L2926,rest,ok,,250.0,61,46,0.24590163934426235,32,306.996
L293,rest,ok,,250.0,63,43,0.31746031746031744,32,317.996
L2936,rest,ok,,250.0,60,49,0.18333333333333335,32,303.996
L294,rest,ok,,250.0,66,66,0.0,32,330.996
L2945,rest,fail,too_few_good_epochs:8,250.0,60,8,0.8666666666666667,32,302.996
L2946,rest,ok,,250.0,63,62,0.015873015873015928,32,315.996
L295,rest,ok,,250.0,66,64,0.030303030303030276,32,333.996
L2957,rest,ok,,250.0,62,56,0.09677419354838712,32,311.996
L2958,rest,fail,too_few_good_epochs:18,250.0,62,18,0.7096774193548387,32,309.996
L296,rest,ok,,250.0,63,60,0.04761904761904767,32,314.996
L2960,rest,ok,,250.0,60,59,0.01666666666666672,32,303.996
L2961,rest,ok,,250.0,64,64,0.0,32,323.996
L297,rest,ok,,250.0,66,65,0.015151515151515138,32,329.996
L2975,rest,fail,too_few_good_epochs:10,250.0,78,10,0.8717948717948718,32,390.996
L298,rest,ok,,250.0,64,45,0.296875,32,320.996
L2983,rest,ok,,250.0,62,59,0.048387096774193505,32,312.996
L299,rest,ok,,250.0,71,70,0.014084507042253502,32,354.996
L2991,rest,ok,,250.0,129,117,0.09302325581395354,32,644.996
L300,rest,ok,,250.0,63,54,0.1428571428571429,32,318.996
L3003,rest,ok,,250.0,62,38,0.3870967741935484,32,310.996
L3006,rest,ok,,250.0,64,47,0.265625,32,319.996
L3007,rest,ok,,250.0,66,23,0.6515151515151515,32,330.996
L3010,rest,ok,,250.0,62,55,0.11290322580645162,32,311.996
L3011,rest,ok,,250.0,62,51,0.17741935483870963,32,310.996
L3019,rest,ok,,250.0,60,55,0.08333333333333337,32,301.996
L302,rest,ok,,250.0,64,42,0.34375,32,321.996
L3020,rest,fail,too_few_good_epochs:11,250.0,64,11,0.828125,32,320.996
L3023,rest,ok,,250.0,61,59,0.032786885245901676,32,304.996
L3024,rest,ok,,250.0,63,55,0.12698412698412698,32,314.996
L3026,rest,ok,,250.0,80,64,0.19999999999999996,32,400.996
L3027,rest,ok,,250.0,62,49,0.20967741935483875,32,312.996
L3028,rest,ok,,250.0,68,67,0.014705882352941124,32,341.996
L3029,rest,ok,,250.0,62,35,0.4354838709677419,32,311.996
L304,rest,ok,,250.0,65,39,0.4,32,326.996
L305,rest,ok,,250.0,63,63,0.0,32,316.996
L307,rest,ok,,250.0,64,63,0.015625,32,321.996
L309,rest,ok,,250.0,76,70,0.07894736842105265,32,383.996
L3098,rest,ok,,250.0,69,56,0.18840579710144922,32,345.996
L31,rest,fail,too_few_good_epochs:18,250.0,60,18,0.7,32,302.996
L3102,rest,ok,,250.0,62,57,0.08064516129032262,32,309.996
L311,rest,ok,,250.0,64,57,0.109375,32,321.996
L312,rest,ok,,250.0,66,46,0.303030303030303,32,329.996
L313,rest,ok,,250.0,66,61,0.0757575757575758,32,332.996
L3131,rest,ok,,250.0,73,41,0.4383561643835616,32,366.996
L3135,rest,ok,,250.0,60,60,0.0,32,301.996
L3136,rest,ok,,250.0,62,58,0.06451612903225812,32,310.996
L3137,rest,fail,too_few_good_epochs:0,250.0,61,0,1.0,32,307.996
L315,rest,ok,,250.0,66,61,0.0757575757575758,32,330.996
L316,rest,ok,,250.0,68,60,0.11764705882352944,32,341.996
L317,rest,ok,,250.0,64,58,0.09375,32,321.996
L3179,rest,ok,,250.0,64,64,0.0,32,321.996
L318,rest,ok,,250.0,67,56,0.16417910447761197,32,335.996
L3180,rest,ok,,250.0,73,56,0.23287671232876717,32,367.996
L3182,rest,ok,,250.0,64,55,0.140625,32,319.996
L3184,rest,ok,,250.0,61,36,0.4098360655737705,32,306.996
L3185,rest,ok,,250.0,61,41,0.3278688524590164,32,308.996
L3186,rest,ok,,250.0,60,34,0.43333333333333335,32,301.996
L319,rest,ok,,250.0,63,40,0.3650793650793651,32,317.996
L320,rest,ok,,250.0,65,62,0.0461538461538461,32,325.996
L322,rest,ok,,250.0,63,56,0.11111111111111116,32,316.996
L323,rest,ok,,250.0,64,56,0.125,32,320.996
L3236,rest,ok,,250.0,62,50,0.19354838709677424,32,310.996
L3237,rest,ok,,250.0,63,23,0.6349206349206349,32,318.996
L324,rest,ok,,250.0,61,46,0.24590163934426235,32,304.996
L325,rest,fail,too_few_good_epochs:17,250.0,63,17,0.7301587301587302,32,317.996
L326,rest,ok,,250.0,64,27,0.578125,32,323.996
L327,rest,ok,,250.0,66,53,0.19696969696969702,32,330.996
L330,rest,ok,,250.0,65,53,0.18461538461538463,32,328.996
L331,rest,ok,,250.0,72,61,0.1527777777777778,32,359.996
L332,rest,ok,,250.0,63,47,0.25396825396825395,32,316.996
L333,rest,ok,,250.0,63,33,0.47619047619047616,32,317.996
L335,rest,ok,,250.0,63,61,0.031746031746031744,32,317.996
L336,rest,ok,,250.0,63,61,0.031746031746031744,32,314.996
L337,rest,ok,,250.0,66,54,0.18181818181818177,32,329.996
L338,rest,ok,,250.0,64,36,0.4375,32,322.996
L339,rest,ok,,250.0,64,41,0.359375,32,321.996
L340,rest,ok,,250.0,65,58,0.10769230769230764,32,325.996
L3403,rest,ok,,250.0,62,42,0.32258064516129037,32,311.996
L3406,rest,ok,,250.0,64,52,0.1875,32,320.996
L3407,rest,ok,,250.0,64,61,0.046875,32,320.996
L3409,rest,ok,,250.0,63,38,0.39682539682539686,32,317.996
L3411,rest,ok,,250.0,70,41,0.41428571428571426,32,349.996
L3414,rest,ok,,250.0,76,57,0.25,32,380.996
L3415,rest,ok,,250.0,64,62,0.03125,32,320.996
L3422,rest,ok,,250.0,64,38,0.40625,32,319.996
L3424,rest,ok,,250.0,63,53,0.15873015873015872,32,315.996
L3425,rest,ok,,250.0,68,51,0.25,32,341.996
L3426,rest,ok,,250.0,64,59,0.078125,32,320.996
L3427,rest,ok,,250.0,69,64,0.07246376811594202,32,347.996
L3428,rest,ok,,250.0,64,40,0.375,32,320.996
L3429,rest,ok,,250.0,60,46,0.23333333333333328,32,302.996
L3430,rest,ok,,250.0,72,37,0.48611111111111116,32,361.996
L3431,rest,ok,,250.0,62,52,0.16129032258064513,32,312.996
L3432,rest,ok,,250.0,73,51,0.3013698630136986,32,367.996
L3433,rest,ok,,250.0,62,59,0.048387096774193505,32,311.996
L3434,rest,ok,,250.0,68,57,0.16176470588235292,32,342.996
L3435,rest,ok,,250.0,82,61,0.25609756097560976,32,413.996
L3436,rest,ok,,250.0,63,54,0.1428571428571429,32,316.996
L3437,rest,ok,,250.0,68,61,0.1029411764705882,32,339.996
L3438,rest,ok,,250.0,60,52,0.1333333333333333,32,302.996
L3439,rest,ok,,250.0,69,35,0.49275362318840576,32,348.996
L344,rest,ok,,250.0,68,44,0.3529411764705882,32,343.996
L3441,rest,ok,,250.0,65,46,0.29230769230769227,32,327.996
L3443,rest,ok,,250.0,60,41,0.31666666666666665,32,303.996
L3444,rest,ok,,250.0,60,51,0.15000000000000002,32,302.996
L3445,rest,ok,,250.0,69,60,0.13043478260869568,32,345.996
L3446,rest,ok,,250.0,63,49,0.2222222222222222,32,315.996
L3447,rest,ok,,250.0,60,55,0.08333333333333337,32,301.996
L3448,rest,ok,,250.0,61,50,0.180327868852459,32,306.996
L345,rest,ok,,250.0,62,61,0.016129032258064502,32,311.996
L3450,rest,ok,,250.0,70,62,0.11428571428571432,32,352.996
L3452,rest,ok,,250.0,64,27,0.578125,32,320.996
L346,rest,ok,,250.0,63,39,0.38095238095238093,32,317.996
L3463,rest,ok,,250.0,64,53,0.171875,32,323.996
L3464,rest,ok,,250.0,65,49,0.24615384615384617,32,327.996
L3465,rest,ok,,250.0,60,49,0.18333333333333335,32,301.996
L3467,rest,ok,,250.0,61,41,0.3278688524590164,32,304.996
L347,rest,ok,,250.0,63,63,0.0,32,318.996
L3478,rest,ok,,250.0,65,61,0.06153846153846154,32,324.996
L3479,rest,ok,,250.0,68,56,0.17647058823529416,32,339.996
L348,rest,ok,,250.0,62,55,0.11290322580645162,32,311.996
L3481,rest,ok,,250.0,66,24,0.6363636363636364,32,331.996
L3486,rest,ok,,250.0,71,70,0.014084507042253502,32,354.996
L3487,rest,ok,,250.0,66,65,0.015151515151515138,32,332.996
L3488,rest,ok,,250.0,63,62,0.015873015873015928,32,317.996
L349,rest,ok,,250.0,63,60,0.04761904761904767,32,317.996
L3492,rest,ok,,250.0,67,57,0.14925373134328357,32,334.996
L3493,rest,ok,,250.0,62,31,0.5,32,311.996
L3496,rest,ok,,250.0,78,73,0.0641025641025641,32,390.996
L3497,rest,ok,,250.0,62,53,0.14516129032258063,32,310.996
L3498,rest,ok,,250.0,62,61,0.016129032258064502,32,312.996
L3499,rest,ok,,250.0,64,54,0.15625,32,320.996
L350,rest,ok,,250.0,62,50,0.19354838709677424,32,313.996
L3500,rest,ok,,250.0,63,56,0.11111111111111116,32,317.996
L3501,rest,ok,,250.0,62,62,0.0,32,310.996
L3502,rest,ok,,250.0,92,60,0.34782608695652173,32,462.996
L3503,rest,ok,,250.0,68,63,0.07352941176470584,32,340.996
L3505,rest,ok,,250.0,66,51,0.2272727272727273,32,333.996
L3506,rest,ok,,250.0,64,60,0.0625,32,319.996
L3507,rest,ok,,250.0,81,54,0.33333333333333337,32,407.996
L3509,rest,ok,,250.0,64,58,0.09375,32,321.996
L3510,rest,ok,,250.0,64,63,0.015625,32,321.996
L3512,rest,ok,,250.0,62,59,0.048387096774193505,32,313.996
L3514,rest,ok,,250.0,71,69,0.028169014084507005,32,357.996
L3515,rest,ok,,250.0,68,59,0.13235294117647056,32,339.996
L3516,rest,ok,,250.0,70,48,0.3142857142857143,32,350.996
L3517,rest,ok,,250.0,65,58,0.10769230769230764,32,325.996
L3518,rest,ok,,250.0,116,99,0.14655172413793105,32,583.996
L3519,rest,ok,,250.0,67,65,0.02985074626865669,32,335.996
L3520,rest,ok,,250.0,63,48,0.23809523809523814,32,318.996
L3521,rest,ok,,250.0,62,48,0.22580645161290325,32,310.996
L3522,rest,ok,,250.0,66,51,0.2272727272727273,32,330.996
L3527,rest,ok,,250.0,62,45,0.27419354838709675,32,312.996
L3528,rest,ok,,250.0,68,60,0.11764705882352944,32,342.996
L3529,rest,ok,,250.0,87,68,0.2183908045977011,32,436.996
L353,rest,ok,,250.0,63,48,0.23809523809523814,32,316.996
L3530,rest,ok,,250.0,64,63,0.015625,32,323.996
L3531,rest,ok,,250.0,63,57,0.09523809523809523,32,316.996
L3532,rest,ok,,250.0,65,64,0.01538461538461533,32,327.996
L3533,rest,ok,,250.0,67,63,0.05970149253731338,32,338.996
L3534,rest,ok,,250.0,65,63,0.03076923076923077,32,327.996
L3535,rest,ok,,250.0,64,26,0.59375,32,323.996
L3536,rest,ok,,250.0,90,84,0.06666666666666665,32,449.996
L3539,rest,ok,,250.0,64,43,0.328125,32,323.996
L354,rest,ok,,250.0,65,44,0.32307692307692304,32,326.996
L3540,rest,ok,,250.0,62,60,0.032258064516129004,32,313.996
L3542,rest,ok,,250.0,62,58,0.06451612903225812,32,313.996
L3543,rest,ok,,250.0,68,60,0.11764705882352944,32,343.996
L3544,rest,ok,,250.0,62,44,0.29032258064516125,32,311.996
L3545,rest,ok,,250.0,64,55,0.140625,32,320.996
L3547,rest,ok,,250.0,67,67,0.0,32,335.996
L3548,rest,ok,,250.0,62,61,0.016129032258064502,32,311.996
L3550,rest,ok,,250.0,69,59,0.14492753623188404,32,344.996
L3551,rest,ok,,250.0,66,65,0.015151515151515138,32,330.996
L3552,rest,ok,,250.0,68,43,0.36764705882352944,32,343.996
L3553,rest,ok,,250.0,61,61,0.0,32,305.996
L3554,rest,ok,,250.0,65,51,0.2153846153846154,32,326.996
L3555,rest,ok,,250.0,83,83,0.0,32,417.996
L3557,rest,ok,,250.0,64,59,0.078125,32,321.996
L3559,rest,ok,,250.0,62,59,0.048387096774193505,32,312.996
L356,rest,ok,,250.0,64,55,0.140625,32,319.996
L3560,rest,ok,,250.0,63,61,0.031746031746031744,32,314.996
L3561,rest,ok,,250.0,64,41,0.359375,32,320.996
L3562,rest,fail,too_few_good_epochs:19,250.0,62,19,0.6935483870967742,32,311.996
L3563,rest,ok,,250.0,62,57,0.08064516129032262,32,312.996
L3564,rest,ok,,250.0,65,41,0.36923076923076925,32,324.996
L3565,rest,ok,,250.0,84,81,0.0357142857142857,32,423.996
L3566,rest,ok,,250.0,62,53,0.14516129032258063,32,311.996
L3567,rest,ok,,250.0,69,46,0.33333333333333337,32,345.996
L3568,rest,ok,,250.0,62,57,0.08064516129032262,32,311.996
L3569,rest,ok,,250.0,64,61,0.046875,32,320.996
L357,rest,ok,,250.0,66,56,0.1515151515151515,32,330.996
L3570,rest,ok,,250.0,62,49,0.20967741935483875,32,312.996
L3571,rest,ok,,250.0,63,61,0.031746031746031744,32,318.996
L3572,rest,ok,,250.0,63,59,0.06349206349206349,32,315.996
L3573,rest,ok,,250.0,63,63,0.0,32,314.996
L3574,rest,ok,,250.0,64,63,0.015625,32,320.996
L3575,rest,ok,,250.0,68,68,0.0,32,342.996
L3577,rest,ok,,250.0,68,60,0.11764705882352944,32,339.996
L3578,rest,ok,,250.0,61,48,0.21311475409836067,32,304.996
L3579,rest,ok,,250.0,64,33,0.484375,32,319.996
L358,rest,ok,,250.0,63,46,0.2698412698412699,32,316.996
L3580,rest,ok,,250.0,62,56,0.09677419354838712,32,312.996
L3581,rest,ok,,250.0,62,53,0.14516129032258063,32,309.996
L3582,rest,ok,,250.0,64,64,0.0,32,322.996
L3583,rest,ok,,250.0,69,55,0.2028985507246377,32,347.996
L3584,rest,ok,,250.0,64,64,0.0,32,321.996
L3585,rest,ok,,250.0,82,75,0.08536585365853655,32,411.996
L3586,rest,ok,,250.0,62,59,0.048387096774193505,32,310.996
L3587,rest,ok,,250.0,63,57,0.09523809523809523,32,314.996
L3588,rest,ok,,250.0,67,52,0.22388059701492535,32,335.996
L3589,rest,ok,,250.0,72,69,0.04166666666666663,32,361.996
L359,rest,ok,,250.0,75,69,0.07999999999999996,32,377.996
L3590,rest,fail,too_few_good_epochs:16,250.0,56,16,0.7142857142857143,32,281.996
L3591,rest,ok,,250.0,64,52,0.1875,32,322.996
L3592,rest,ok,,250.0,61,56,0.08196721311475408,32,307.996
L3593,rest,ok,,250.0,73,68,0.06849315068493156,32,368.996
L3594,rest,ok,,250.0,68,61,0.1029411764705882,32,341.996
L3595,rest,ok,,250.0,64,64,0.0,32,321.996
L3597,rest,ok,,250.0,75,58,0.22666666666666668,32,378.996
L3598,rest,ok,,250.0,73,52,0.28767123287671237,32,364.996
L3599,rest,ok,,250.0,62,43,0.30645161290322576,32,311.996
L3600,rest,ok,,250.0,62,60,0.032258064516129004,32,310.996
L3602,rest,ok,,250.0,62,58,0.06451612903225812,32,312.996
L3603,rest,ok,,250.0,64,64,0.0,32,322.996
L3604,rest,ok,,250.0,64,64,0.0,32,322.996
L3605,rest,ok,,250.0,66,55,0.16666666666666663,32,330.996
L3606,rest,ok,,250.0,62,60,0.032258064516129004,32,312.996
L3607,rest,ok,,250.0,65,62,0.0461538461538461,32,327.996
L3608,rest,ok,,250.0,62,60,0.032258064516129004,32,310.996
L3609,rest,ok,,250.0,111,96,0.1351351351351351,32,557.996
L361,rest,ok,,250.0,79,72,0.08860759493670889,32,396.996
L3610,rest,ok,,250.0,61,53,0.1311475409836066,32,305.996
L3611,rest,ok,,250.0,95,90,0.052631578947368474,32,476.996
L3613,rest,ok,,250.0,63,63,0.0,32,318.996
L3614,rest,ok,,250.0,67,61,0.08955223880597019,32,337.996
L3616,rest,ok,,250.0,72,70,0.02777777777777779,32,363.996
L3617,rest,ok,,250.0,61,60,0.016393442622950838,32,307.996
L3618,rest,ok,,250.0,66,60,0.09090909090909094,32,330.996
L3619,rest,ok,,250.0,126,111,0.11904761904761907,32,631.996
L3620,rest,ok,,250.0,67,55,0.17910447761194026,32,336.996
L4034,rest,ok,,250.0,66,60,0.09090909090909094,32,333.996
L4054,rest,ok,,250.0,68,61,0.1029411764705882,32,341.996
L4061,rest,ok,,250.0,65,56,0.1384615384615384,32,328.996
L4077,rest,ok,,250.0,64,57,0.109375,32,320.996
L4078,rest,ok,,250.0,96,93,0.03125,32,481.996
L4080,rest,ok,,250.0,65,52,0.19999999999999996,32,327.996
L4081,rest,ok,,250.0,79,54,0.31645569620253167,32,394.996
L4082,rest,ok,,250.0,66,64,0.030303030303030276,32,329.996
L4083,rest,ok,,250.0,66,65,0.015151515151515138,32,333.996
L4084,rest,ok,,250.0,64,32,0.5,32,319.996
L4085,rest,ok,,250.0,65,64,0.01538461538461533,32,328.996
L4086,rest,ok,,250.0,74,59,0.20270270270270274,32,372.996
L4087,rest,ok,,250.0,64,52,0.1875,32,319.996
L4089,rest,ok,,250.0,62,39,0.3709677419354839,32,310.996
L4093,rest,ok,,250.0,86,83,0.03488372093023251,32,433.996
L4094,rest,ok,,250.0,82,31,0.6219512195121951,32,413.996
L4095,rest,ok,,250.0,65,52,0.19999999999999996,32,325.996
L4096,rest,ok,,250.0,68,44,0.3529411764705882,32,342.996
L4097,rest,ok,,250.0,64,51,0.203125,32,320.996
L4098,rest,ok,,250.0,65,57,0.12307692307692308,32,327.996
L4099,rest,ok,,250.0,64,41,0.359375,32,319.996
L4100,rest,ok,,250.0,84,67,0.20238095238095233,32,422.996
L4101,rest,ok,,250.0,71,25,0.647887323943662,32,358.996
L4102,rest,ok,,250.0,68,42,0.38235294117647056,32,341.996
L4103,rest,ok,,250.0,70,62,0.11428571428571432,32,353.996
L4105,rest,ok,,250.0,74,61,0.17567567567567566,32,373.996
L4108,rest,ok,,250.0,62,56,0.09677419354838712,32,312.996
L411,rest,ok,,250.0,63,48,0.23809523809523814,32,316.996
L4110,rest,fail,too_few_good_epochs:0,250.0,66,0,1.0,32,333.996
L4111,rest,ok,,250.0,68,58,0.1470588235294118,32,342.996
L4112,rest,fail,too_few_good_epochs:0,250.0,75,0,1.0,32,375.996
L4114,rest,ok,,250.0,74,49,0.33783783783783783,32,373.996
L4115,rest,ok,,250.0,66,63,0.045454545454545414,32,329.996
L4120,rest,ok,,250.0,62,51,0.17741935483870963,32,310.996
L414,rest,ok,,250.0,87,50,0.4252873563218391,32,434.996
L415,rest,ok,,250.0,70,50,0.2857142857142857,32,353.996
L416,rest,ok,,250.0,76,53,0.3026315789473685,32,380.996
L417,rest,ok,,250.0,78,65,0.16666666666666663,32,392.996
L418,rest,ok,,250.0,63,63,0.0,32,315.996
L419,rest,ok,,250.0,87,72,0.1724137931034483,32,438.996
L421,rest,ok,,250.0,62,35,0.4354838709677419,32,312.996
L423,rest,ok,,250.0,65,44,0.32307692307692304,32,327.996
L426,rest,ok,,250.0,73,56,0.23287671232876717,32,366.996
L428,rest,ok,,250.0,64,60,0.0625,32,320.996
L429,rest,ok,,250.0,62,54,0.12903225806451613,32,309.996
L430,rest,ok,,250.0,63,46,0.2698412698412699,32,317.996
L431,rest,ok,,250.0,63,55,0.12698412698412698,32,317.996
L432,rest,ok,,250.0,71,43,0.3943661971830986,32,357.996
L434,rest,ok,,250.0,61,58,0.049180327868852514,32,307.996
L435,rest,ok,,250.0,62,48,0.22580645161290325,32,310.996
L436,rest,ok,,250.0,61,56,0.08196721311475408,32,305.996
L437,rest,ok,,250.0,71,62,0.12676056338028174,32,354.996
L438,rest,ok,,250.0,62,29,0.532258064516129,32,312.996
L439,rest,ok,,250.0,87,49,0.4367816091954023,32,436.996
L440,rest,ok,,250.0,70,61,0.12857142857142856,32,351.996
L4401,rest,ok,,250.0,69,47,0.3188405797101449,32,348.996
L4402,rest,ok,,250.0,65,61,0.06153846153846154,32,328.996
L4403,rest,ok,,250.0,63,59,0.06349206349206349,32,315.996
L4404,rest,ok,,250.0,66,59,0.10606060606060608,32,330.996
L4406,rest,ok,,250.0,64,49,0.234375,32,322.996
L4408,rest,ok,,250.0,70,20,0.7142857142857143,32,353.996
L4409,rest,ok,,250.0,61,37,0.39344262295081966,32,307.996
L441,rest,ok,,250.0,65,58,0.10769230769230764,32,327.996
L4414,rest,ok,,250.0,63,55,0.12698412698412698,32,315.996
L443,rest,ok,,250.0,73,49,0.3287671232876712,32,364.996
L444,rest,ok,,250.0,70,32,0.5428571428571429,32,352.996
L445,rest,ok,,250.0,62,23,0.6290322580645161,32,312.996
L446,rest,ok,,250.0,63,61,0.031746031746031744,32,316.996
L447,rest,ok,,250.0,99,87,0.12121212121212122,32,494.996
L4477,rest,ok,,250.0,61,28,0.540983606557377,32,307.996
L448,rest,ok,,250.0,68,57,0.16176470588235292,32,341.996
L4480,rest,ok,,250.0,62,46,0.25806451612903225,32,312.996
L4481,rest,ok,,250.0,64,60,0.0625,32,320.996
L4482,rest,ok,,250.0,68,44,0.3529411764705882,32,340.996
L4483,rest,ok,,250.0,60,60,0.0,32,301.996
L4484,rest,ok,,250.0,66,55,0.16666666666666663,32,330.996
L4485,rest,ok,,250.0,69,66,0.04347826086956519,32,346.996
L4486,rest,ok,,250.0,61,55,0.09836065573770492,32,305.996
L4487,rest,ok,,250.0,83,73,0.12048192771084343,32,418.996
L4488,rest,ok,,250.0,62,52,0.16129032258064513,32,311.996
L4489,rest,ok,,250.0,62,48,0.22580645161290325,32,313.996
L449,rest,ok,,250.0,64,50,0.21875,32,319.996
L4490,rest,ok,,250.0,60,57,0.050000000000000044,32,301.996
L4491,rest,ok,,250.0,62,27,0.564516129032258,32,310.996
L4493,rest,fail,too_few_good_epochs:0,250.0,69,0,1.0,32,347.996
L4494,rest,ok,,250.0,64,56,0.125,32,321.996
L4495,rest,ok,,250.0,62,38,0.3870967741935484,32,312.996
L4496,rest,ok,,250.0,67,64,0.04477611940298509,32,336.996
L4497,rest,ok,,250.0,65,57,0.12307692307692308,32,326.996
L4498,rest,ok,,250.0,62,57,0.08064516129032262,32,310.996
L4499,rest,ok,,250.0,68,61,0.1029411764705882,32,341.996
L45,rest,ok,,250.0,62,61,0.016129032258064502,32,310.996
L4500,rest,ok,,250.0,69,64,0.07246376811594202,32,344.996
L4501,rest,ok,,250.0,69,60,0.13043478260869568,32,347.996
L4504,rest,ok,,250.0,64,64,0.0,32,322.996
L4505,rest,ok,,250.0,98,74,0.24489795918367352,32,493.996
L4506,rest,ok,,250.0,60,54,0.09999999999999998,32,303.996
L4507,rest,ok,,250.0,61,38,0.3770491803278688,32,308.996
L4508,rest,ok,,250.0,66,64,0.030303030303030276,32,332.996
L451,rest,ok,,250.0,63,49,0.2222222222222222,32,316.996
L4513,rest,ok,,250.0,89,65,0.2696629213483146,32,447.996
L4514,rest,ok,,250.0,69,50,0.2753623188405797,32,347.996
L452,rest,ok,,250.0,69,53,0.23188405797101452,32,347.996
L4522,rest,fail,too_few_good_epochs:16,250.0,60,16,0.7333333333333334,32,301.996
L4523,rest,ok,,250.0,68,39,0.42647058823529416,32,342.996
L4526,rest,ok,,250.0,66,64,0.030303030303030276,32,333.996
L4527,rest,ok,,250.0,63,55,0.12698412698412698,32,314.996
L4533,rest,ok,,250.0,70,53,0.24285714285714288,32,351.996
L4536,rest,ok,,250.0,64,50,0.21875,32,320.996
L4538,rest,ok,,250.0,62,49,0.20967741935483875,32,311.996
L4539,rest,ok,,250.0,65,63,0.03076923076923077,32,324.996
L4540,rest,ok,,250.0,62,61,0.016129032258064502,32,311.996
L4541,rest,ok,,250.0,62,58,0.06451612903225812,32,313.996
L4542,rest,ok,,250.0,63,61,0.031746031746031744,32,318.996
L4543,rest,ok,,250.0,62,40,0.3548387096774194,32,310.996
L4544,rest,ok,,250.0,63,61,0.031746031746031744,32,317.996
L4545,rest,ok,,250.0,62,53,0.14516129032258063,32,313.996
L4546,rest,ok,,250.0,65,58,0.10769230769230764,32,326.996
L4547,rest,ok,,250.0,61,61,0.0,32,307.996
L4548,rest,ok,,250.0,63,62,0.015873015873015928,32,315.996
L4549,rest,ok,,250.0,62,62,0.0,32,312.996
L455,rest,ok,,250.0,66,37,0.43939393939393945,32,333.996
L4550,rest,ok,,250.0,63,63,0.0,32,315.996
L456,rest,ok,,250.0,73,58,0.20547945205479456,32,367.996
L4562,rest,ok,,250.0,62,50,0.19354838709677424,32,313.996
L4563,rest,fail,too_few_good_epochs:11,250.0,65,11,0.8307692307692307,32,328.996
L4564,rest,ok,,250.0,74,34,0.5405405405405406,32,369.996
L4565,rest,ok,,250.0,65,54,0.16923076923076918,32,326.996
L4566,rest,ok,,250.0,92,80,0.13043478260869568,32,461.996
L4567,rest,ok,,250.0,63,53,0.15873015873015872,32,317.996
L4568,rest,ok,,250.0,60,59,0.01666666666666672,32,302.996
L4569,rest,ok,,250.0,63,63,0.0,32,315.996
L4570,rest,ok,,250.0,66,50,0.24242424242424243,32,330.996
L4571,rest,ok,,250.0,60,54,0.09999999999999998,32,301.996
L4572,rest,ok,,250.0,60,59,0.01666666666666672,32,301.996
L4574,rest,ok,,250.0,62,62,0.0,32,311.996
L4575,rest,ok,,250.0,67,61,0.08955223880597019,32,337.996
L4576,rest,ok,,250.0,63,40,0.3650793650793651,32,318.996
L4577,rest,ok,,250.0,64,62,0.03125,32,319.996
L4578,rest,ok,,250.0,64,37,0.421875,32,320.996
L4579,rest,ok,,250.0,66,45,0.31818181818181823,32,333.996
L458,rest,ok,,250.0,80,54,0.32499999999999996,32,399.996
L4580,rest,ok,,250.0,60,42,0.30000000000000004,32,301.996
L4581,rest,ok,,250.0,61,54,0.11475409836065575,32,304.996
L4582,rest,ok,,250.0,84,62,0.26190476190476186,32,422.996
L4583,rest,ok,,250.0,62,56,0.09677419354838712,32,311.996
L4584,rest,fail,too_few_good_epochs:19,250.0,63,19,0.6984126984126984,32,314.996
L4585,rest,ok,,250.0,60,58,0.033333333333333326,32,303.996
L4586,rest,ok,,250.0,62,48,0.22580645161290325,32,310.996
L4587,rest,ok,,250.0,61,58,0.049180327868852514,32,307.996
L459,rest,ok,,250.0,63,55,0.12698412698412698,32,317.996
L46,rest,ok,,250.0,62,52,0.16129032258064513,32,312.996
L460,rest,ok,,250.0,60,40,0.33333333333333337,32,303.996
L461,rest,ok,,250.0,76,69,0.09210526315789469,32,380.996
L462,rest,ok,,250.0,66,63,0.045454545454545414,32,329.996
L463,rest,ok,,250.0,68,58,0.1470588235294118,32,343.996
L464,rest,ok,,250.0,60,43,0.2833333333333333,32,301.996
L465,rest,ok,,250.0,64,43,0.328125,32,320.996
L466,rest,ok,,250.0,62,55,0.11290322580645162,32,311.996
L467,rest,ok,,250.0,66,58,0.12121212121212122,32,331.996
L471,rest,fail,too_few_good_epochs:17,250.0,66,17,0.7424242424242424,32,330.996
L476,rest,ok,,250.0,65,56,0.1384615384615384,32,326.996
L477,rest,ok,,250.0,64,47,0.265625,32,322.996
L478,rest,ok,,250.0,69,61,0.1159420289855072,32,345.996
L479,rest,ok,,250.0,64,60,0.0625,32,322.996
L480,rest,ok,,250.0,64,64,0.0,32,321.996
L481,rest,ok,,250.0,67,58,0.13432835820895528,32,335.996
L482,rest,ok,,250.0,72,71,0.01388888888888884,32,363.996
L487,rest,ok,,250.0,73,50,0.31506849315068497,32,368.996
L49,rest,ok,,250.0,60,48,0.19999999999999996,32,300.996
L491,rest,ok,,250.0,63,21,0.6666666666666667,32,316.996
L492,rest,ok,,250.0,61,44,0.2786885245901639,32,306.996
L493,rest,ok,,250.0,61,48,0.21311475409836067,32,306.996
L494,rest,ok,,250.0,66,56,0.1515151515151515,32,332.996
L495,rest,ok,,250.0,63,50,0.2063492063492064,32,315.996
L496,rest,ok,,250.0,71,22,0.6901408450704225,32,355.996
L497,rest,ok,,250.0,63,20,0.6825396825396826,32,316.996
L498,rest,ok,,250.0,63,23,0.6349206349206349,32,318.996
L499,rest,ok,,250.0,75,59,0.21333333333333337,32,374.996
L50,rest,ok,,250.0,70,39,0.44285714285714284,32,352.996
L500,rest,ok,,250.0,72,41,0.4305555555555556,32,361.996
L501,rest,ok,,250.0,74,38,0.4864864864864865,32,372.996
L502,rest,ok,,250.0,64,64,0.0,32,321.996
L504,rest,ok,,250.0,61,39,0.360655737704918,32,306.996
L505,rest,ok,,250.0,61,44,0.2786885245901639,32,307.996
L506,rest,ok,,250.0,62,56,0.09677419354838712,32,313.996
L507,rest,ok,,250.0,62,33,0.467741935483871,32,311.996
L508,rest,ok,,250.0,87,28,0.6781609195402298,32,434.996
L509,rest,ok,,250.0,64,40,0.375,32,322.996
L51,rest,ok,,250.0,62,33,0.467741935483871,32,313.996
L511,rest,ok,,250.0,76,52,0.3157894736842105,32,382.996
L512,rest,ok,,250.0,66,28,0.5757575757575757,32,330.996
L514,rest,fail,too_few_good_epochs:11,250.0,64,11,0.828125,32,320.996
L515,rest,ok,,250.0,62,52,0.16129032258064513,32,312.996
L516,rest,ok,,250.0,64,63,0.015625,32,321.996
L517,rest,ok,,250.0,67,30,0.5522388059701493,32,337.996
L518,rest,ok,,250.0,64,48,0.25,32,321.996
L520,rest,ok,,250.0,71,63,0.11267605633802813,32,355.996
L521,rest,ok,,250.0,61,47,0.2295081967213115,32,308.996
L522,rest,ok,,250.0,66,64,0.030303030303030276,32,329.996
L523,rest,ok,,250.0,61,60,0.016393442622950838,32,305.996
L524,rest,ok,,250.0,79,40,0.49367088607594933,32,398.996
L525,rest,ok,,250.0,62,52,0.16129032258064513,32,310.996
L527,rest,ok,,250.0,62,45,0.27419354838709675,32,311.996
L528,rest,ok,,250.0,64,27,0.578125,32,321.996
L529,rest,ok,,250.0,63,47,0.25396825396825395,32,316.996
L531,rest,ok,,250.0,76,45,0.4078947368421053,32,382.996
L532,rest,ok,,250.0,64,58,0.09375,32,319.996
L534,rest,ok,,250.0,64,20,0.6875,32,323.996
L535,rest,fail,too_few_good_epochs:11,250.0,62,11,0.8225806451612903,32,312.996
L537,rest,ok,,250.0,62,43,0.30645161290322576,32,312.996
L538,rest,fail,too_few_good_epochs:18,250.0,64,18,0.71875,32,320.996
L539,rest,ok,,250.0,66,60,0.09090909090909094,32,332.996
L540,rest,ok,,250.0,61,37,0.39344262295081966,32,304.996
L541,rest,ok,,250.0,70,42,0.4,32,353.996
L542,rest,ok,,250.0,65,50,0.23076923076923073,32,327.996
L543,rest,ok,,250.0,66,54,0.18181818181818177,32,329.996
L545,rest,ok,,250.0,67,61,0.08955223880597019,32,338.996
L546,rest,ok,,250.0,66,53,0.19696969696969702,32,329.996
L547,rest,ok,,250.0,62,58,0.06451612903225812,32,310.996
L548,rest,ok,,250.0,65,44,0.32307692307692304,32,325.996
L549,rest,ok,,250.0,62,40,0.3548387096774194,32,313.996
L55,rest,fail,too_few_good_epochs:1,250.0,4,1,0.75,32,23.996
L550,rest,ok,,250.0,62,52,0.16129032258064513,32,311.996
L553,rest,ok,,250.0,62,56,0.09677419354838712,32,310.996
L554,rest,ok,,250.0,62,58,0.06451612903225812,32,313.996
L555,rest,ok,,250.0,65,50,0.23076923076923073,32,324.996
L556,rest,ok,,250.0,66,65,0.015151515151515138,32,330.996
L557,rest,ok,,250.0,63,49,0.2222222222222222,32,315.996
L558,rest,fail,too_few_good_epochs:13,250.0,72,13,0.8194444444444444,32,360.996
L559,rest,ok,,250.0,64,52,0.1875,32,319.996
L560,rest,ok,,250.0,68,67,0.014705882352941124,32,343.996
L562,rest,ok,,250.0,88,38,0.5681818181818181,32,441.996
L563,rest,ok,,250.0,67,50,0.25373134328358204,32,336.996
L564,rest,ok,,250.0,63,44,0.3015873015873016,32,316.996
L565,rest,ok,,250.0,69,28,0.5942028985507246,32,344.996
L566,rest,ok,,250.0,67,64,0.04477611940298509,32,336.996
L568,rest,ok,,250.0,62,48,0.22580645161290325,32,311.996
L569,rest,ok,,250.0,71,38,0.46478873239436624,32,358.996
L571,rest,ok,,250.0,64,57,0.109375,32,320.996
L573,rest,ok,,250.0,64,49,0.234375,32,322.996
L574,rest,ok,,250.0,67,59,0.11940298507462688,32,335.996
L575,rest,ok,,250.0,64,37,0.421875,32,321.996
L576,rest,ok,,250.0,62,56,0.09677419354838712,32,311.996
L577,rest,ok,,250.0,62,53,0.14516129032258063,32,311.996
L578,rest,ok,,250.0,63,46,0.2698412698412699,32,318.996
L579,rest,ok,,250.0,63,49,0.2222222222222222,32,314.996
L580,rest,ok,,250.0,71,71,0.0,32,355.996
L581,rest,ok,,250.0,64,51,0.203125,32,319.996
L582,rest,ok,,250.0,65,27,0.5846153846153845,32,326.996
L583,rest,ok,,250.0,64,54,0.15625,32,322.996
L584,rest,ok,,250.0,63,30,0.5238095238095238,32,314.996
L585,rest,ok,,250.0,62,49,0.20967741935483875,32,311.996
L586,rest,ok,,250.0,66,60,0.09090909090909094,32,329.996
L587,rest,ok,,250.0,62,23,0.6290322580645161,32,311.996
L588,rest,ok,,250.0,75,64,0.1466666666666666,32,377.996
L589,rest,ok,,250.0,63,39,0.38095238095238093,32,314.996
L590,rest,ok,,250.0,62,51,0.17741935483870963,32,310.996
L591,rest,ok,,250.0,63,55,0.12698412698412698,32,315.996
L592,rest,ok,,250.0,68,54,0.20588235294117652,32,343.996
L595,rest,ok,,250.0,63,56,0.11111111111111116,32,316.996
L596,rest,ok,,250.0,63,52,0.17460317460317465,32,315.996
L597,rest,ok,,250.0,62,60,0.032258064516129004,32,310.996
L598,rest,ok,,250.0,62,38,0.3870967741935484,32,310.996
L599,rest,ok,,250.0,66,63,0.045454545454545414,32,329.996
L6,rest,ok,,250.0,62,55,0.11290322580645162,32,313.996
L600,rest,ok,,250.0,62,60,0.032258064516129004,32,311.996
L601,rest,ok,,250.0,63,59,0.06349206349206349,32,316.996
L603,rest,ok,,250.0,78,69,0.11538461538461542,32,392.996
L604,rest,ok,,250.0,71,42,0.4084507042253521,32,357.996
L605,rest,ok,,250.0,63,55,0.12698412698412698,32,315.996
L607,rest,ok,,250.0,62,49,0.20967741935483875,32,311.996
L609,rest,ok,,250.0,61,53,0.1311475409836066,32,305.996
L610,rest,ok,,250.0,63,42,0.33333333333333337,32,317.996
L611,rest,ok,,250.0,71,39,0.45070422535211263,32,357.996
L612,rest,ok,,250.0,64,45,0.296875,32,322.996
L613,rest,ok,,250.0,66,59,0.10606060606060608,32,330.996
L615,rest,ok,,250.0,62,50,0.19354838709677424,32,311.996
L616,rest,ok,,250.0,69,61,0.1159420289855072,32,345.996
L617,rest,ok,,250.0,62,37,0.4032258064516129,32,312.996
L618,rest,ok,,250.0,62,55,0.11290322580645162,32,311.996
L619,rest,ok,,250.0,64,62,0.03125,32,323.996
L620,rest,ok,,250.0,63,54,0.1428571428571429,32,314.996
L621,rest,fail,too_few_good_epochs:8,250.0,65,8,0.8769230769230769,32,328.996
L622,rest,ok,,250.0,62,52,0.16129032258064513,32,313.996
L623,rest,ok,,250.0,65,35,0.46153846153846156,32,325.996
L624,rest,fail,too_few_good_epochs:12,250.0,73,12,0.8356164383561644,32,365.996
L625,rest,ok,,250.0,69,46,0.33333333333333337,32,345.996
L626,rest,ok,,250.0,67,52,0.22388059701492535,32,336.996
L627,rest,ok,,250.0,64,55,0.140625,32,319.996
L628,rest,ok,,250.0,63,49,0.2222222222222222,32,318.996
L629,rest,ok,,250.0,62,61,0.016129032258064502,32,310.996
L630,rest,ok,,250.0,62,56,0.09677419354838712,32,313.996
L631,rest,fail,too_few_good_epochs:19,250.0,62,19,0.6935483870967742,32,313.996
L632,rest,ok,,250.0,71,52,0.2676056338028169,32,357.996
L633,rest,ok,,250.0,65,65,0.0,32,326.996
L634,rest,ok,,250.0,65,59,0.09230769230769231,32,327.996
L635,rest,ok,,250.0,68,62,0.08823529411764708,32,340.996
L636,rest,ok,,250.0,65,46,0.29230769230769227,32,326.996
L637,rest,ok,,250.0,62,49,0.20967741935483875,32,313.996
L638,rest,ok,,250.0,91,44,0.5164835164835164,32,454.996
L640,rest,ok,,250.0,65,58,0.10769230769230764,32,324.996
L641,rest,ok,,250.0,71,43,0.3943661971830986,32,358.996
L642,rest,ok,,250.0,65,61,0.06153846153846154,32,324.996
L643,rest,ok,,250.0,65,59,0.09230769230769231,32,327.996
L644,rest,ok,,250.0,63,49,0.2222222222222222,32,316.996
L646,rest,ok,,250.0,66,66,0.0,32,330.996
L647,rest,ok,,250.0,62,61,0.016129032258064502,32,312.996
L648,rest,ok,,250.0,76,68,0.10526315789473684,32,382.996
L650,rest,ok,,250.0,62,59,0.048387096774193505,32,311.996
L660,rest,ok,,250.0,61,37,0.39344262295081966,32,308.996
L662,rest,ok,,250.0,67,56,0.16417910447761197,32,336.996
L665,rest,ok,,250.0,62,58,0.06451612903225812,32,309.996
L672,rest,ok,,250.0,61,31,0.4918032786885246,32,307.996
L674,rest,ok,,250.0,65,61,0.06153846153846154,32,326.996
L675,rest,ok,,250.0,66,39,0.40909090909090906,32,329.996
L676,rest,ok,,250.0,66,40,0.3939393939393939,32,332.996
L677,rest,ok,,250.0,66,44,0.33333333333333337,32,329.996
L680,rest,ok,,250.0,68,62,0.08823529411764708,32,343.996
L681,rest,ok,,250.0,62,47,0.24193548387096775,32,313.996
L682,rest,ok,,250.0,71,28,0.6056338028169015,32,358.996
L686,rest,ok,,250.0,61,61,0.0,32,308.996
L688,rest,ok,,250.0,74,63,0.14864864864864868,32,372.996
L689,rest,ok,,250.0,62,58,0.06451612903225812,32,310.996
L690,rest,ok,,250.0,64,59,0.078125,32,322.996
L696,rest,ok,,250.0,63,26,0.5873015873015873,32,317.996
L697,rest,ok,,250.0,61,59,0.032786885245901676,32,307.996
L698,rest,ok,,250.0,62,41,0.33870967741935487,32,311.996
L699,rest,ok,,250.0,67,34,0.4925373134328358,32,335.996
L7,rest,fail,too_few_good_epochs:16,250.0,62,16,0.7419354838709677,32,313.996
L700,rest,ok,,250.0,65,64,0.01538461538461533,32,325.996
L701,rest,ok,,250.0,64,57,0.109375,32,320.996
L702,rest,ok,,250.0,61,56,0.08196721311475408,32,308.996
L703,rest,ok,,250.0,63,37,0.4126984126984127,32,314.996
L704,rest,ok,,250.0,67,49,0.26865671641791045,32,336.996
L705,rest,ok,,250.0,62,53,0.14516129032258063,32,310.996
L706,rest,ok,,250.0,69,25,0.6376811594202898,32,344.996
L707,rest,ok,,250.0,78,54,0.3076923076923077,32,390.996
L708,rest,ok,,250.0,71,32,0.5492957746478873,32,355.996
L709,rest,ok,,250.0,70,57,0.18571428571428572,32,353.996
L710,rest,ok,,250.0,62,51,0.17741935483870963,32,312.996
L711,rest,ok,,250.0,84,76,0.09523809523809523,32,420.996
L712,rest,ok,,250.0,65,24,0.6307692307692307,32,326.996
L713,rest,ok,,250.0,61,51,0.16393442622950816,32,305.996
L714,rest,ok,,250.0,63,57,0.09523809523809523,32,314.996
L715,rest,fail,too_few_good_epochs:19,250.0,78,19,0.7564102564102564,32,390.996
L716,rest,ok,,250.0,68,65,0.044117647058823484,32,341.996
L717,rest,ok,,250.0,71,67,0.05633802816901412,32,356.996
L718,rest,ok,,250.0,64,64,0.0,32,320.996
L719,rest,ok,,250.0,64,56,0.125,32,322.996
L720,rest,ok,,250.0,65,50,0.23076923076923073,32,326.996
L721,rest,ok,,250.0,69,66,0.04347826086956519,32,347.996
L722,rest,ok,,250.0,80,51,0.36250000000000004,32,403.996
L723,rest,ok,,250.0,62,57,0.08064516129032262,32,310.996
L724,rest,ok,,250.0,62,49,0.20967741935483875,32,313.996
L725,rest,ok,,250.0,71,71,0.0,32,355.996
L726,rest,ok,,250.0,95,56,0.41052631578947374,32,478.996
L727,rest,ok,,250.0,83,35,0.5783132530120482,32,414.996
L729,rest,ok,,250.0,85,76,0.10588235294117643,32,425.996
L730,rest,ok,,250.0,65,63,0.03076923076923077,32,327.996
L731,rest,ok,,250.0,66,65,0.015151515151515138,32,330.996
L733,rest,ok,,250.0,62,56,0.09677419354838712,32,312.996
L734,rest,ok,,250.0,84,79,0.059523809523809534,32,420.996
L735,rest,ok,,250.0,66,55,0.16666666666666663,32,331.996
L736,rest,ok,,250.0,71,26,0.6338028169014085,32,355.996
L737,rest,ok,,250.0,62,45,0.27419354838709675,32,312.996
L739,rest,ok,,250.0,78,77,0.012820512820512775,32,389.996
L740,rest,ok,,250.0,64,60,0.0625,32,322.996
L741,rest,ok,,250.0,62,61,0.016129032258064502,32,310.996
L742,rest,ok,,250.0,64,24,0.625,32,319.996
L743,rest,fail,too_few_good_epochs:15,250.0,63,15,0.7619047619047619,32,318.996
L744,rest,ok,,250.0,65,32,0.5076923076923077,32,328.996
L746,rest,ok,,250.0,66,65,0.015151515151515138,32,331.996
L747,rest,ok,,250.0,95,91,0.04210526315789476,32,476.996
L748,rest,ok,,250.0,106,101,0.047169811320754707,32,529.996
L749,rest,ok,,250.0,62,31,0.5,32,313.996
L750,rest,ok,,250.0,62,59,0.048387096774193505,32,310.996
L751,rest,ok,,250.0,62,51,0.17741935483870963,32,313.996
L753,rest,ok,,250.0,62,61,0.016129032258064502,32,311.996
L755,rest,ok,,250.0,62,61,0.016129032258064502,32,310.996
L756,rest,ok,,250.0,65,64,0.01538461538461533,32,327.996
L759,rest,ok,,250.0,63,63,0.0,32,314.996
L760,rest,ok,,250.0,110,110,0.0,32,549.996
L761,rest,ok,,250.0,61,56,0.08196721311475408,32,305.996
L762,rest,ok,,250.0,62,59,0.048387096774193505,32,313.996
L763,rest,ok,,250.0,62,59,0.048387096774193505,32,310.996
L765,rest,ok,,250.0,62,39,0.3709677419354839,32,310.996
L766,rest,ok,,250.0,62,38,0.3870967741935484,32,311.996
L767,rest,ok,,250.0,62,59,0.048387096774193505,32,311.996
L768,rest,ok,,250.0,64,47,0.265625,32,320.996
L769,rest,ok,,250.0,62,61,0.016129032258064502,32,311.996
L772,rest,ok,,250.0,61,55,0.09836065573770492,32,305.996
L773,rest,ok,,250.0,62,51,0.17741935483870963,32,312.996
L775,rest,ok,,250.0,63,43,0.31746031746031744,32,318.996
L779,rest,ok,,250.0,62,49,0.20967741935483875,32,309.996
L783,rest,ok,,250.0,65,48,0.2615384615384615,32,326.996
L784,rest,ok,,250.0,62,57,0.08064516129032262,32,312.996
L785,rest,ok,,250.0,65,64,0.01538461538461533,32,324.996
L786,rest,ok,,250.0,65,65,0.0,32,327.996
L787,rest,ok,,250.0,98,85,0.13265306122448983,32,490.996
L788,rest,ok,,250.0,65,51,0.2153846153846154,32,328.996
L789,rest,ok,,250.0,66,66,0.0,32,331.996
L790,rest,ok,,250.0,61,54,0.11475409836065575,32,305.996
L791,rest,ok,,250.0,66,66,0.0,32,329.996
L792,rest,ok,,250.0,64,46,0.28125,32,321.996
L793,rest,ok,,250.0,65,65,0.0,32,326.996
L794,rest,ok,,250.0,72,62,0.13888888888888884,32,359.996
L795,rest,ok,,250.0,81,79,0.024691358024691357,32,407.996
L8,rest,ok,,250.0,60,34,0.43333333333333335,32,302.996
L800,rest,ok,,250.0,61,48,0.21311475409836067,32,308.996
L801,rest,ok,,250.0,68,54,0.20588235294117652,32,340.996
L803,rest,ok,,250.0,65,49,0.24615384615384617,32,327.996
L806,rest,ok,,250.0,71,60,0.15492957746478875,32,357.996
L807,rest,ok,,250.0,66,46,0.303030303030303,32,329.996
L808,rest,ok,,250.0,67,49,0.26865671641791045,32,335.996
L810,rest,ok,,250.0,72,50,0.3055555555555556,32,363.996
L814,rest,ok,,250.0,67,38,0.4328358208955224,32,338.996
L815,rest,ok,,250.0,68,44,0.3529411764705882,32,343.996
L816,rest,ok,,250.0,65,54,0.16923076923076918,32,327.996
L817,rest,ok,,250.0,66,64,0.030303030303030276,32,329.996
L818,rest,ok,,250.0,62,29,0.532258064516129,32,312.996
L819,rest,ok,,250.0,66,42,0.36363636363636365,32,332.996
L820,rest,ok,,250.0,67,64,0.04477611940298509,32,334.996
L821,rest,ok,,250.0,69,60,0.13043478260869568,32,348.996
L822,rest,ok,,250.0,64,37,0.421875,32,321.996
L823,rest,ok,,250.0,61,53,0.1311475409836066,32,305.996
L824,rest,ok,,250.0,74,54,0.2702702702702703,32,370.996
L826,rest,ok,,250.0,60,48,0.19999999999999996,32,303.996
L827,rest,ok,,250.0,74,39,0.472972972972973,32,370.996
L828,rest,ok,,250.0,67,61,0.08955223880597019,32,338.996
L832,rest,ok,,250.0,66,25,0.6212121212121212,32,333.996
L834,rest,ok,,250.0,72,37,0.48611111111111116,32,360.996
L835,rest,fail,too_few_good_epochs:7,250.0,64,7,0.890625,32,322.996
L837,rest,ok,,250.0,66,34,0.48484848484848486,32,333.996
L838,rest,ok,,250.0,64,62,0.03125,32,322.996
L839,rest,ok,,250.0,68,64,0.05882352941176472,32,339.996
L841,rest,ok,,250.0,63,43,0.31746031746031744,32,317.996
L845,rest,ok,,250.0,64,42,0.34375,32,320.996
L846,rest,ok,,250.0,62,58,0.06451612903225812,32,310.996
L848,rest,ok,,250.0,73,29,0.6027397260273972,32,367.996
L849,rest,ok,,250.0,61,39,0.360655737704918,32,306.996
L850,rest,ok,,250.0,119,95,0.2016806722689075,32,598.996
L851,rest,ok,,250.0,64,59,0.078125,32,323.996
L852,rest,ok,,250.0,63,34,0.46031746031746035,32,315.996
L853,rest,fail,too_few_good_epochs:1,250.0,63,1,0.9841269841269842,32,316.996
L854,rest,ok,,250.0,61,32,0.47540983606557374,32,306.996
L855,rest,ok,,250.0,65,64,0.01538461538461533,32,324.996
L856,rest,ok,,250.0,64,34,0.46875,32,320.996
L857,rest,ok,,250.0,61,48,0.21311475409836067,32,306.996
L858,rest,ok,,250.0,61,35,0.42622950819672134,32,308.996
L859,rest,ok,,250.0,68,42,0.38235294117647056,32,339.996
L861,rest,ok,,250.0,63,34,0.46031746031746035,32,314.996
L863,rest,ok,,250.0,67,39,0.417910447761194,32,335.996
L867,rest,ok,,250.0,61,58,0.049180327868852514,32,305.996
L869,rest,ok,,250.0,66,58,0.12121212121212122,32,332.996
L871,rest,ok,,250.0,64,59,0.078125,32,320.996
L9,rest,ok,,250.0,62,51,0.17741935483870963,32,310.996
