cv_protocol,cohort_name,modality,device,task,feature_set,model,seed,threshold_type,threshold,n_subjects,n_positive,n_negative,auroc,auprc,balanced_accuracy,macro_f1,sensitivity,specificity,accuracy,brier_score,ece,positive_prediction_rate,auroc_fold_mean,auroc_fold_std,auprc_fold_mean,auprc_fold_std,balanced_accuracy_fold_mean,balanced_accuracy_fold_std,macro_f1_fold_mean,macro_f1_fold_std,sensitivity_fold_mean,sensitivity_fold_std,specificity_fold_mean,specificity_fold_std,accuracy_fold_mean,accuracy_fold_std,brier_score_fold_mean,brier_score_fold_std,ece_fold_mean,ece_fold_std,positive_prediction_rate_fold_mean,positive_prediction_rate_fold_std
standard_cv,eeg_1back_native,eeg,,1back,demographics_group_device,logistic_regression,20260707,fixed_0_5,0.5,1154,338,816,0.6396369938507949,0.38954938231868247,0.5925317612252001,0.5678405177080035,0.5857988165680473,0.5992647058823529,0.5953206239168111,0.2350366641654969,0.19147295788796082,0.45493934142114384,0.6381950029618133,0.031816812287787745,0.40310286033885684,0.06270394245545743,0.5895560365688036,0.0323868779569451,0.565255201858149,0.029657304543046135,0.5803912596716195,0.08224325370838745,0.5987208134659878,0.035783470074036886,0.5951518398463426,0.01885243733423142,0.2351036046699559,0.007009249881499034,0.19287086499623207,0.022330751096768815,0.4549978965467883,0.04692809746663407
standard_cv,eeg_1back_native,eeg,,1back,demographics_group_device,logistic_regression,20260707,inner_cv,,1154,338,816,0.6396369938507949,0.38954938231868247,0.6035249158835132,0.564608920415533,0.6568047337278107,0.5502450980392157,0.5814558058925476,0.2350366641654969,0.19147295788796082,0.5103986135181976,0.6381950029618133,0.031816812287787745,0.40310286033885684,0.06270394245545743,0.6020668827604417,0.01919533763383843,0.5595039747602504,0.029593300734684105,0.6536657710645717,0.1303069797180961,0.5504679944563119,0.11406235345907492,0.5814316359995565,0.04465296874258118,0.2351036046699559,0.007009249881499034,0.19287086499623207,0.022330751096768815,0.5099161171997365,0.11876345074087524
standard_cv,eeg_1back_native,eeg,,1back,demographics_group,logistic_regression,20260707,fixed_0_5,0.5,1154,338,816,0.6391221429400163,0.3878733051456824,0.5983437753799745,0.5709270447357251,0.6035502958579881,0.5931372549019608,0.5961871750433275,0.23524652421829428,0.19109375226902856,0.464471403812825,0.6391144941309321,0.034320222413750816,0.4070789127215761,0.07118869956786202,0.5955637724828325,0.03299069240424453,0.5686552712784435,0.030638660981931572,0.5984757101698631,0.07707191866811153,0.5926518347958021,0.033771853578037477,0.5960829672030182,0.021040814831062574,0.2353141195384429,0.007145623657588833,0.19282454365063934,0.01866892939331104,0.46449116156432996,0.04281394642999094
standard_cv,eeg_1back_native,eeg,,1back,demographics_group,logistic_regression,20260707,inner_cv,,1154,338,816,0.6391221429400163,0.3878733051456824,0.5908675600417681,0.55218200349719,0.6449704142011834,0.5367647058823529,0.5684575389948007,0.23524652421829428,0.19109375226902856,0.5164644714038128,0.6391144941309321,0.034320222413750816,0.4070789127215761,0.07118869956786202,0.5901278607654502,0.033373841263736104,0.5431839373787878,0.07559606770817172,0.6442028466016472,0.12790948013021536,0.5360528749292531,0.18381297802711505,0.5681928862694591,0.08986685305205148,0.2353141195384429,0.007145623657588833,0.19282454365063934,0.01866892939331104,0.5168043556166543,0.16612357492058977
standard_cv,eeg_1back_native,eeg,,1back,demographics_group,random_forest,20260707,fixed_0_5,0.5,1154,338,816,0.6360566045945005,0.38757553724189847,0.5877349460494257,0.5634169488047605,0.5798816568047337,0.5955882352941176,0.5909878682842288,0.2312447420523384,0.1783175523689898,0.4558058925476603,0.6377844855379677,0.02342131598894657,0.40203927946952966,0.060703313449874445,0.584947298800128,0.029811540747344236,0.5600976939279164,0.021086801620136167,0.5751596464415055,0.10163453093197548,0.5947349511587503,0.049997283124881144,0.5909075108681578,0.013064291814332885,0.23130216290068178,0.005669084403952776,0.17935228710107948,0.023202114094857892,0.4558538359668298,0.0664571866261159
standard_cv,eeg_oddball_native,eeg,,oddball,demographics_group_device,random_forest,20260707,fixed_0_5,0.5,1827,611,1216,0.6443848791885606,0.43989202617904866,0.6037045611163753,0.5820722969821257,0.6317512274959084,0.5756578947368421,0.5944170771756979,0.23203416942531757,0.14678591583258868,0.49370552818828684,0.647367361880392,0.021340229383288566,0.4511760138331306,0.03614496327007464,0.6037997591475867,0.00832952202248401,0.5811733818212594,0.006664811121037485,0.632124046932951,0.05943030096781809,0.5754754713622224,0.04829457705163718,0.5943877143567701,0.013414445996780374,0.23205401135175502,0.005257391519141058,0.1493774127449884,0.015565874395047708,0.49386959725540747,0.05173684621662534
standard_cv,eeg_oddball_native,eeg,,oddball,demographics_group_device,random_forest,20260707,inner_cv,,1827,611,1216,0.6443848791885606,0.43989202617904866,0.5926106630631407,0.5696655678827088,0.6284779050736498,0.5567434210526315,0.5807334428024084,0.23203416942531757,0.14678591583258868,0.50519978106185,0.647367361880392,0.021340229383288566,0.4511760138331306,0.03614496327007464,0.593253505916514,0.014921734476544329,0.5619618277239383,0.05029331723874308,0.6303053993919674,0.14364216340124025,0.5562016124410606,0.15967608549237478,0.5804497904471443,0.058276634783331595,0.23205401135175502,0.005257391519141058,0.1493774127449884,0.015565874395047708,0.505995845589714,0.15351425129736643
standard_cv,eeg_oddball_native,eeg,,oddball,demographics_group,random_forest,20260707,fixed_0_5,0.5,1827,611,1216,0.6433639848393489,0.44165100885092584,0.600818196011715,0.5780376974546458,0.6350245499181669,0.5666118421052632,0.5894909688013136,0.23219008402917599,0.14625222448337272,0.5008210180623974,0.6467751402474498,0.020260881859361552,0.45217219360185235,0.02985048969117067,0.6008149967012981,0.006157186372897069,0.5770778695025303,0.010105610199468153,0.63527000837596,0.05636275796005436,0.5663599850266363,0.05168223505718578,0.589455862196729,0.01618250023445896,0.2322088861660717,0.00521950315167197,0.1467524536158086,0.01301741360989588,0.501023371774819,0.053186085357838433
standard_cv,eeg_oddball_native,eeg,,oddball,demographics_group,random_forest,20260707,inner_cv,,1827,611,1216,0.6433639848393489,0.44165100885092584,0.5860276778792316,0.5615674380672374,0.630114566284779,0.5419407894736842,0.5714285714285714,0.23219008402917599,0.14625222448337272,0.5155993431855501,0.6467751402474498,0.020260881859361552,0.45217219360185235,0.02985048969117067,0.5856222404704572,0.01938955074984558,0.5519056747220177,0.052514644570575884,0.6303519755890747,0.16016932776745552,0.5408925053518395,0.1667746877339543,0.5711967942169067,0.05960724332506604,0.2322088861660717,0.00521950315167197,0.1467524536158086,0.01301741360989588,0.516327839706599,0.16377234017361136
standard_cv,eeg_oddball_native,eeg,,oddball,demographics_group_device,logistic_regression,20260707,fixed_0_5,0.5,1827,611,1216,0.6424648979240244,0.4307606689634225,0.6049583028253941,0.5850949823481391,0.6235679214402619,0.5863486842105263,0.5987958401751505,0.23500217947475677,0.15425211075845616,0.4838533114395183,0.6435080566550039,0.014611880194131052,0.44174863515146046,0.03071017043751034,0.6047479437174867,0.013404360975456405,0.5846263943978809,0.017987031331339005,0.6231693242243332,0.030950437670469625,0.5863265632106403,0.04064766747498051,0.598755173385181,0.020472254999913484,0.23502740281618872,0.004807152313273753,0.1563560313723305,0.01801020873046389,0.4838967203199003,0.035745061106705174
standard_cv,eeg_rest_native,eeg,,rest,demographics_group_device,logistic_regression,20260707,fixed_0_5,0.5,1022,351,671,0.6412358133669609,0.44225973237474453,0.5985007706319181,0.5825043645121885,0.6068376068376068,0.5901639344262295,0.5958904109589042,0.234979056801172,0.1449452343201433,0.4774951076320939,0.6436766049858448,0.03460774905794659,0.45749351716915737,0.061132687757962545,0.5987907843271036,0.017315640229562758,0.5827592795710892,0.024001466701812194,0.6047855557867,0.03319114434161253,0.5927960128675075,0.043488169510032475,0.5971268017557538,0.023762461286229206,0.23469455209514017,0.009160478082999643,0.15020004655188984,0.025380580470187583,0.47582549166455684,0.03738334252290484
standard_cv,eeg_rest_native,eeg,,rest,demographics_group_device,logistic_regression,20260707,inner_cv,,1022,351,671,0.6412358133669609,0.44225973237474453,0.589272294190327,0.5560896507789425,0.6837606837606838,0.4947839046199702,0.5596868884540117,0.234979056801172,0.1449452343201433,0.5665362035225049,0.6436766049858448,0.03460774905794659,0.45749351716915737,0.061132687757962545,0.592379227381138,0.0239257741469474,0.5526533525055475,0.06912284908536241,0.6806436793564941,0.12097027149430367,0.5041147754057821,0.15869337327268865,0.5630776321408633,0.07357677801965322,0.23469455209514017,0.009160478082999643,0.15020004655188984,0.025380580470187583,0.5602521090564492,0.14480519097655878
standard_cv,eeg_rest_native,eeg,,rest,demographics_group,logistic_regression,20260707,fixed_0_5,0.5,1022,351,671,0.6407602719078129,0.442339998484969,0.5992459271147795,0.5833640073300956,0.6068376068376068,0.5916542473919523,0.5968688845401174,0.2353213544685316,0.14752529834521852,0.4765166340508806,0.6415950127792865,0.03689386069396329,0.4536894536207332,0.06257332130813,0.5988791929057904,0.016090339944306618,0.583040824114714,0.020231435664636244,0.6044238870397337,0.04235443008141035,0.5933344987718471,0.03709608760060746,0.5977434539180602,0.018205905969138157,0.23501688125733403,0.00957680404101483,0.15150787480318573,0.029268480015763407,0.47531771022614666,0.03771776779536394
standard_cv,eeg_rest_native,eeg,,rest,demographics_group,logistic_regression,20260707,inner_cv,,1022,351,671,0.6407602719078129,0.442339998484969,0.5942930778996354,0.5795543650986407,0.5954415954415955,0.5931445603576752,0.5939334637964775,0.2353213544685316,0.14752529834521852,0.47162426614481406,0.6415950127792865,0.03689386069396329,0.4536894536207332,0.06257332130813,0.591094348310933,0.01419963834606091,0.574499556167854,0.011231397766330298,0.5891128822550448,0.12045062023255651,0.5930758143668211,0.09769988393645239,0.59475375796354,0.02271553481026363,0.23501688125733403,0.00957680404101483,0.15150787480318573,0.029268480015763407,0.47014538394829286,0.10878372571092162
standard_cv,eeg_rest_native,eeg,,rest,demographics_group,random_forest,20260707,fixed_0_5,0.5,1022,351,671,0.638325244882622,0.45110284090774116,0.6009994862453879,0.5872473340760782,0.5954415954415955,0.6065573770491803,0.6027397260273972,0.23297168684355768,0.13425622759382727,0.4628180039138943,0.6388882903745071,0.041534689322853376,0.4640382042336901,0.05722067105043974,0.6000786447406007,0.019969698711971677,0.5864190442546218,0.022418021634926844,0.5925291241938839,0.04914582134731088,0.6076281652873176,0.03630844441253738,0.6032115370158907,0.019546500232059186,0.23274641958032438,0.010180350554181173,0.14028054896445502,0.0334586473904433,0.46196186527613037,0.0390994266073065
standard_cv,eeg_rest_v1_features_fixed_split,eeg,,rest_v1_control,demographics,logistic_regression,20260707,fixed_0_5,0.5,999,340,659,0.5944345264661252,0.41148259100322016,0.5766535749352852,0.5544339329263301,0.6176470588235294,0.5356600910470409,0.5635635635635635,0.24275762433898676,0.15557784139737835,0.5165165165165165,0.5980227648887446,0.019576234106123167,0.42388836514350425,0.05309846047667665,0.5756153741898293,0.02230582823456347,0.552888678093151,0.018463618787448642,0.6157061762806351,0.05229010687181359,0.5355245720990236,0.026449852394465862,0.5628863280726634,0.01699114667217833,0.24286854383395498,0.0035670414397948945,0.15571067952128975,0.030209098495509474,0.5160228539576366,0.031436765647284384
standard_cv,eeg_rest_v1_features_fixed_split,eeg,,rest_v1_control,demographics,logistic_regression,20260707,inner_cv,,999,340,659,0.5944345264661252,0.41148259100322016,0.5766535749352852,0.5544339329263301,0.6176470588235294,0.5356600910470409,0.5635635635635635,0.24275762433898676,0.15557784139737835,0.5165165165165165,0.5980227648887446,0.019576234106123167,0.42388836514350425,0.05309846047667665,0.5756153741898293,0.02230582823456347,0.552888678093151,0.018463618787448642,0.6157061762806351,0.05229010687181359,0.5355245720990236,0.026449852394465862,0.5628863280726634,0.01699114667217833,0.24286854383395498,0.0035670414397948945,0.15571067952128975,0.030209098495509474,0.5160228539576366,0.031436765647284384
standard_cv,eeg_rest_v1_features_fixed_split,eeg,,rest_v1_control,demographics,hist_gradient_boosting,20260707,fixed_0_5,0.5,999,340,659,0.5899446576809784,0.4077115386569058,0.5593992680532001,0.5260987347291416,0.6529411764705882,0.4658573596358118,0.5295295295295295,0.24274287450827892,0.15100498343042829,0.5745745745745746,0.5900656984774549,0.032859241255198235,0.419569451833359,0.05669213909936706,0.5565917575667838,0.02426425403804956,0.521668259253334,0.02398121737129742,0.6503810915848035,0.09486457051420932,0.46280242354876433,0.07420308897285634,0.5284639589763813,0.02912036895602459,0.24298278623700495,0.006027905343793729,0.154594111087839,0.021545218647727783,0.5761569808153659,0.08006207455523139
standard_cv,eeg_rest_v1_features_fixed_split,eeg,,rest_v1_control,demographics,hist_gradient_boosting,20260707,inner_cv,,999,340,659,0.5899446576809784,0.4077115386569058,0.5675287869320718,0.5054217543634599,0.7617647058823529,0.37329286798179057,0.5055055055055055,0.24274287450827892,0.15100498343042829,0.6726726726726727,0.5900656984774549,0.032859241255198235,0.419569451833359,0.05669213909936706,0.5654566366170934,0.02145238409332094,0.5021549383514892,0.026998122285543248,0.7584836556873675,0.07668828964834022,0.37242961754681925,0.06701472203632004,0.5051867335562987,0.025745834670503533,0.24298278623700495,0.006027905343793729,0.154594111087839,0.021545218647727783,0.6721936689949113,0.06875973198418779
standard_cv,eeg_rest_v1_features_fixed_split,eeg,,rest_v1_control,demographics,random_forest,20260707,fixed_0_5,0.5,999,340,659,0.5896500937248952,0.40880801991168925,0.5592966169775953,0.5351477663230242,0.611764705882353,0.5068285280728376,0.5425425425425425,0.2422344332159608,0.14670389592327548,0.5335335335335335,0.5887451603258164,0.04059123384647196,0.41629305726399,0.056581705221972284,0.5572059521896034,0.02737705523228893,0.532925834554843,0.02251881007121156,0.6079479701326808,0.07603333840377331,0.5064639342465262,0.030150136523961542,0.542107990353332,0.017303482751958137,0.2425022197261511,0.006976692101669929,0.1507422155849139,0.023541814132422297,0.5331787490172584,0.04503175343503124
standard_cv,face_self_intro_native,face,,self_intro,demographics_group,logistic_regression,20260707,fixed_0_5,0.5,3572,1084,2488,0.7082562721728504,0.49548542865131884,0.6545996428613804,0.6209692384836796,0.6946494464944649,0.6145498392282959,0.6388577827547592,0.2173416402875449,0.1693891450346883,0.47928331466965285,0.7089268467832849,0.011251347511359311,0.49753965072377915,0.03135978611952505,0.6545452906786497,0.00841109418913563,0.6208070247605176,0.00442969825774649,0.6945605919120575,0.030099536014631813,0.614529989445242,0.014536029808123425,0.6388602970063644,0.003164434549849681,0.21734390203943305,0.0027684284342618386,0.1701302404752047,0.0056293763168676885,0.47928773473717295,0.01941046963698183
standard_cv,face_self_intro_native,face,,self_intro,demographics_group,logistic_regression,20260707,inner_cv,,3572,1084,2488,0.7082562721728504,0.49548542865131884,0.6543274878086401,0.6082064755229053,0.7435424354243543,0.565112540192926,0.6192609182530795,0.2173416402875449,0.1693891450346883,0.528555431131019,0.7089268467832849,0.011251347511359311,0.49753965072377915,0.03135978611952505,0.6545404816964044,0.007069156548340516,0.6078101488696228,0.015250254136059991,0.7438505208325016,0.04390130188240322,0.5652304425603074,0.045223350537936836,0.6192409837353657,0.01980403645770203,0.21734390203943305,0.0027684284342618386,0.1701302404752047,0.0056293763168676885,0.5285880411723108,0.04346589420636937
standard_cv,face_self_intro_native,face,,self_intro,demographics_group_device,logistic_regression,20260707,fixed_0_5,0.5,3572,1084,2488,0.7072966846026981,0.4968547137736192,0.6567509284417603,0.6238166954592157,0.6937269372693727,0.6197749196141479,0.6422172452407615,0.21733284836344563,0.16883679037439334,0.4753639417693169,0.7074982890664764,0.011144003829286724,0.4975477525216167,0.03157137719780587,0.6566955191497922,0.007869116614124552,0.6236873153475171,0.005591586791065879,0.6936514264354402,0.025540341476739493,0.6197396118641442,0.01594420074347643,0.6422251905397973,0.006492221974021791,0.2173354059894244,0.003137704773042653,0.16912737832330096,0.005475566883963737,0.47536340064429955,0.018584371983553453
standard_cv,face_self_intro_native,face,,self_intro,demographics_group_device,logistic_regression,20260707,inner_cv,,3572,1084,2488,0.7072966846026981,0.4968547137736192,0.6559159241110095,0.6051303526074532,0.7619926199261993,0.5498392282958199,0.6142217245240762,0.21733284836344563,0.16883679037439334,0.5447928331466966,0.7074982890664764,0.011144003829286724,0.4975477525216167,0.03157137719780587,0.6558425684641186,0.007155597404881427,0.6046155087163191,0.009281520654456473,0.7618701146950403,0.04844017264389665,0.549815022233197,0.039231130926677335,0.6142119116838218,0.013667442386271442,0.2173354059894244,0.003137704773042653,0.16912737832330096,0.005475566883963737,0.544805924412666,0.04192313358998692
standard_cv,face_self_intro_native,face,,self_intro,demographics_group_device,hist_gradient_boosting,20260707,fixed_0_5,0.5,3572,1084,2488,0.7058167024596291,0.47799837650340643,0.6596311742860194,0.6193770944647723,0.7260147601476015,0.5932475884244373,0.633538633818589,0.21732492556132788,0.16803308174901474,0.5036394176931691,0.7061050547280634,0.01280662815557497,0.48064591295904613,0.033189541814593,0.6596840752697538,0.011273491791649408,0.6193279573576037,0.00968765697604671,0.7261510818920643,0.02212977386394889,0.5932170686474434,0.015550014626674573,0.633533825724837,0.010534715082188265,0.21732554746688137,0.002904048424270543,0.16852042518426785,0.003938530047163306,0.5036587569733638,0.014413586110527302
standard_cv,face_task_native,face,,task,demographics_group,logistic_regression,20260707,fixed_0_5,0.5,3567,1082,2485,0.7069660104806287,0.4927728612543947,0.6561565325409016,0.6227427176349998,0.6950092421441775,0.6173038229376258,0.6408746846089151,0.21763149181786332,0.16907147350534799,0.47743201569946736,0.7075963810903974,0.011860346663289606,0.4961353607570917,0.03141202358433564,0.6560569020992153,0.010958195125097915,0.6225518313418353,0.008458071805219618,0.6948434885705452,0.03171852105950001,0.6172703156278854,0.018221926102290616,0.6408777317990644,0.008437970257380606,0.2176343546291351,0.0028460712019843467,0.17007654793906887,0.0048230254030902486,0.4774236515292246,0.021507826487417957
standard_cv,face_task_native,face,,task,demographics_group,logistic_regression,20260707,inner_cv,,3567,1082,2485,0.7069660104806287,0.4927728612543947,0.6523047713266661,0.6150999800165324,0.7070240295748613,0.5975855130784709,0.6307821698906644,0.21763149181786332,0.16907147350534799,0.49481356882534344,0.7075963810903974,0.011860346663289606,0.4961353607570917,0.03141202358433564,0.6522923110246366,0.008086452419389854,0.6146110733421924,0.012316279621332643,0.7069930212808256,0.04704250907060784,0.5975916007684476,0.041414270132012425,0.6307653722485025,0.016545819519585128,0.2176343546291351,0.0028460712019843467,0.17007654793906887,0.0048230254030902486,0.4948393818663034,0.0424289980575819
standard_cv,face_task_native,face,,task,demographics_group_device,logistic_regression,20260707,fixed_0_5,0.5,3567,1082,2485,0.7066366777374042,0.4915630256925473,0.6573637760016662,0.6242174683093514,0.6950092421441775,0.6197183098591549,0.6425567703952901,0.21770837540458488,0.16893131080255705,0.47574992991309223,0.7070527359438856,0.011913650184306243,0.4949276089858056,0.03004237797266824,0.6572492793120108,0.011108411752368812,0.6240344579176484,0.008049511113863811,0.6948145119229019,0.03126561165648915,0.61968404670112,0.015693314815526896,0.6425595859521566,0.007428697441514531,0.21771122268550283,0.0028083854555814984,0.17036802725081443,0.004424938748708698,0.47573944458770584,0.01987823801398316
standard_cv,face_task_native,face,,task,demographics_group_device,logistic_regression,20260707,inner_cv,,3567,1082,2485,0.7066366777374042,0.4915630256925473,0.6555878710339672,0.6058202899223097,0.7578558225508318,0.5533199195171026,0.6153630501822259,0.21770837540458488,0.16893131080255705,0.5410709279506588,0.7070527359438856,0.011913650184306243,0.4949276089858056,0.03004237797266824,0.6552963027193138,0.010530205319863607,0.604876980468695,0.010619681688676124,0.757373246086027,0.06486207386570116,0.5532193593526007,0.05070667393703981,0.6153619400510765,0.017301519235100052,0.21771122268550283,0.0028083854555814984,0.17036802725081443,0.004424938748708698,0.541048903719749,0.055246946780942094
standard_cv,face_task_native,face,,task,demographics_group_device,hist_gradient_boosting,20260707,fixed_0_5,0.5,3567,1082,2485,0.7057011198429022,0.4790868726228197,0.6581639560096253,0.6166981232528437,0.7292051756007394,0.5871227364185111,0.6302214746285394,0.2172677287285554,0.16712619367070308,0.5088309503784693,0.7062102406390192,0.011032752877030254,0.48447660910309115,0.02562208920605835,0.6581856493042769,0.009022795490155241,0.6166240425549002,0.008261285976399016,0.7292564792795334,0.02231907940216922,0.5871148193290205,0.01663489964746097,0.6302224408340036,0.009202594546061078,0.2172683991045389,0.0021119915272795305,0.16759919532456624,0.0034744817320599675,0.5088371223478136,0.016585756028094114
standard_cv,face_two_video_native,face,,two_video,background_qc_demographics,logistic_regression,20260707,fixed_0_5,0.5,3567,1082,2485,0.6977041546878313,0.46762644630547134,0.6501712679031676,0.6189438352016949,0.6802218114602587,0.6201207243460765,0.6383515559293524,0.22117519141384404,0.16898637439049022,0.47098402018502944,0.6977619941034278,0.013529791648038561,0.4718661125479494,0.020541863427688347,0.650165823265294,0.013318343356830629,0.618911731254094,0.012479110892619749,0.6802005290983637,0.02017397736594373,0.6201311174322243,0.012464514006619376,0.6383425659171161,0.012019028637747665,0.2211783899066424,0.004981247283217663,0.1696822463308585,0.007674360355934349,0.47098575696552647,0.00873039528430841
standard_cv,face_two_video_native,face,,two_video,background_qc_demographics,logistic_regression,20260707,inner_cv,,3567,1082,2485,0.6977041546878313,0.46762644630547134,0.6465402395891058,0.5970542231491137,0.7486136783733827,0.544466800804829,0.6063919259882254,0.22117519141384404,0.16898637439049022,0.5444350995234091,0.6977619941034278,0.013529791648038561,0.4718661125479494,0.020541863427688347,0.6462835879031134,0.0225197836056501,0.5957750857243423,0.03532353031306557,0.7481725382911785,0.05912258310150872,0.5443946375150481,0.07922420149200798,0.6063975622536724,0.041622898631488395,0.2211783899066424,0.004981247283217663,0.1696822463308585,0.007674360355934349,0.5443929402206938,0.07124480056616866
standard_cv,face_two_video_native,face,,two_video,background_qc_demographics,random_forest,20260707,fixed_0_5,0.5,3567,1082,2485,0.6966616705779967,0.4580715281563187,0.619282236859233,0.6247724966000282,0.4075785582255083,0.8309859154929577,0.7025511634426689,0.1964136892923795,0.07075884067295257,0.2413793103448276,0.6973519382324567,0.013880305440235162,0.4637608430654307,0.020061933590113438,0.6193101303731758,0.019400085558452386,0.6240002206463761,0.018148630706941345,0.4076231248769332,0.056196819265429764,0.8309971358694185,0.026047810496570383,0.7025444962387719,0.010790012721890584,0.19641538293680674,0.0029479073793795205,0.07119460475808799,0.007978040208493407,0.24139802969456028,0.03320549172899425
standard_cv,face_two_video_native,face,,two_video,background_qc_demographics,random_forest,20260707,inner_cv,,3567,1082,2485,0.6966616705779967,0.4580715281563187,0.6496649025390793,0.6172434737936936,0.6848428835489834,0.6144869215291751,0.6358284272497897,0.1964136892923795,0.07075884067295257,0.4763106251752173,0.6973519382324567,0.013880305440235162,0.4637608430654307,0.020061933590113438,0.6498584776387262,0.013840156313617652,0.6166064511697951,0.026056242362911847,0.6851389529371937,0.04976548518316358,0.6145780023402587,0.06951118736807947,0.6358030961183258,0.03452895594707032,0.19641538293680674,0.0029479073793795205,0.07119460475808799,0.007978040208493407,0.4763593743770872,0.06230667807712732
standard_cv,face_two_video_native,face,,two_video,face_qc_demographics,logistic_regression,20260707,fixed_0_5,0.5,3567,1082,2485,0.6954644688835415,0.46286820537918694,0.6398633947864637,0.6109101987687362,0.6608133086876156,0.6189134808853118,0.631623212783852,0.22154405298419305,0.16636503903746272,0.4659377628259041,0.6957310405965721,0.01113138505974695,0.46786958110053056,0.01850876533084807,0.6399288784923303,0.014161497158914698,0.6108844254110393,0.015599136271152631,0.6609053817126314,0.019395875957698854,0.6189523752720291,0.025019448377714755,0.6316143734253219,0.017164621865860433,0.22154700517618714,0.0045547068667155625,0.16708860637356288,0.011324726657998193,0.46595000731533676,0.018872270915346552
standard_cv,fnirs_bikom_1back_native,fnirs,bikom,1back,demographics_group_device,logistic_regression,20260707,fixed_0_5,0.5,985,311,674,0.6512685221406967,0.43748846558786997,0.6124710181571842,0.580394656468276,0.6655948553054662,0.5593471810089021,0.5928934010152285,0.23125641238834807,0.1685797951570146,0.5116751269035533,0.6533738611831716,0.03167466186463964,0.45695362098727166,0.058980764965032115,0.6116947402579328,0.02710458701872854,0.5795668878778788,0.02692851380532657,0.6642015596175189,0.048053234381971996,0.5591879208983469,0.03911358795461022,0.5927491757491654,0.027869936602510952,0.23124514476553698,0.006726792757869118,0.1701729426004916,0.014689172444889773,0.5115119244120683,0.035440166599814714
standard_cv,fnirs_bikom_1back_native,fnirs,bikom,1back,demographics_group_device,logistic_regression,20260707,inner_cv,,985,311,674,0.6512685221406967,0.43748846558786997,0.5869932351846727,0.5639269995186026,0.6012861736334405,0.5727002967359051,0.581725888324873,0.23125641238834807,0.1685797951570146,0.48223350253807107,0.6533738611831716,0.03167466186463964,0.45695362098727166,0.058980764965032115,0.5852071872553795,0.017088327025587588,0.5522254187659822,0.02209500529830016,0.5988539285653037,0.19894401422436747,0.5715604459454552,0.1703874919248734,0.5816716757647203,0.0559075429834042,0.23124514476553698,0.006726792757869118,0.1701729426004916,0.014689172444889773,0.48241969065985496,0.17979810209910874
standard_cv,fnirs_bikom_1back_native,fnirs,bikom,1back,demographics_group,logistic_regression,20260707,fixed_0_5,0.5,985,311,674,0.6512351274246949,0.43745610588850825,0.6124710181571842,0.580394656468276,0.6655948553054662,0.5593471810089021,0.5928934010152285,0.23125766968855235,0.16858049765159358,0.5116751269035533,0.6531945808655893,0.03161208184700474,0.45674997638222353,0.059056298524331474,0.6116947402579328,0.02710458701872854,0.5795668878778788,0.02692851380532657,0.6642015596175189,0.048053234381971996,0.5591879208983469,0.03911358795461022,0.5927491757491654,0.027869936602510952,0.23124640334116192,0.006727278352350187,0.17017366787065313,0.014687921975725549,0.5115119244120683,0.035440166599814714
standard_cv,fnirs_bikom_1back_native,fnirs,bikom,1back,demographics_group,logistic_regression,20260707,inner_cv,,985,311,674,0.6512351274246949,0.43745610588850825,0.5869932351846727,0.5639269995186026,0.6012861736334405,0.5727002967359051,0.581725888324873,0.23125766968855235,0.16858049765159358,0.48223350253807107,0.6531945808655893,0.03161208184700474,0.45674997638222353,0.059056298524331474,0.5852071872553795,0.017088327025587588,0.5522254187659822,0.02209500529830016,0.5988539285653037,0.19894401422436747,0.5715604459454552,0.1703874919248734,0.5816716757647203,0.0559075429834042,0.23124640334116192,0.006727278352350187,0.17017366787065313,0.014687921975725549,0.48241969065985496,0.17979810209910874
standard_cv,fnirs_bikom_1back_native,fnirs,bikom,1back,demographics_group,hist_gradient_boosting,20260707,fixed_0_5,0.5,985,311,674,0.6291659908212237,0.41895659017928844,0.5987457898804469,0.5660719429336316,0.6559485530546624,0.5415430267062314,0.5776649746192893,0.2336157556389051,0.16399969556629163,0.5208121827411167,0.6351285473429823,0.021389070509370983,0.4367443424693976,0.04463062942505959,0.5977775203625011,0.023575623851875803,0.5647707927372447,0.027477285348207356,0.6543092824926442,0.05425151671227607,0.5412457582323581,0.060876683437493286,0.5777423128169898,0.03270671868633299,0.23360339886048404,0.00605491338053333,0.16498069957653178,0.013530698684524842,0.5205649830733893,0.056154675195548696
standard_cv,fnirs_bikom_rest_native,fnirs,bikom,rest,demographics_group_device,logistic_regression,20260707,fixed_0_5,0.5,1017,321,696,0.6406143696064739,0.43435437256462345,0.5986478139434955,0.5705339630949045,0.6355140186915887,0.5617816091954023,0.5850540806293019,0.23350650337594947,0.16918043592870788,0.5004916420845624,0.6429818279427514,0.028301554376226692,0.44980947819389483,0.05445231366457604,0.5977928279408649,0.02981987146091046,0.5697198123934626,0.02782357043917625,0.6339716910112282,0.05162489288204869,0.5616139648705016,0.03331577336343774,0.5847562693239581,0.027599232947367984,0.23340985025469077,0.007509700035121345,0.17019924592308555,0.012258540654331147,0.5003036853944067,0.029985001728523822
standard_cv,fnirs_bikom_rest_native,fnirs,bikom,rest,demographics_group_device,logistic_regression,20260707,inner_cv,,1017,321,696,0.6406143696064739,0.43435437256462345,0.5921890106348695,0.5585307549593264,0.6542056074766355,0.5301724137931034,0.5693215339233039,0.23350650337594947,0.16918043592870788,0.528023598820059,0.6429818279427514,0.028301554376226692,0.44980947819389483,0.05445231366457604,0.5911570238112744,0.04035382325303943,0.5511921133246312,0.05551239560025138,0.6521535091930464,0.1498044063721785,0.5301605384295026,0.15623658812641927,0.569454342867119,0.07079632196401621,0.23340985025469077,0.007509700035121345,0.17019924592308555,0.012258540654331147,0.5275797493062355,0.1500532211356792
standard_cv,fnirs_bikom_rest_native,fnirs,bikom,rest,demographics_group,logistic_regression,20260707,fixed_0_5,0.5,1017,321,696,0.6406031797185519,0.4344329800605901,0.5986478139434955,0.5705339630949045,0.6355140186915887,0.5617816091954023,0.5850540806293019,0.23350884365226138,0.16917938579708655,0.5004916420845624,0.6429701566075507,0.028286645778662023,0.4496738113915614,0.054161084625240774,0.5977928279408649,0.02981987146091046,0.5697198123934626,0.02782357043917625,0.6339716910112282,0.05162489288204869,0.5616139648705016,0.03331577336343774,0.5847562693239581,0.027599232947367984,0.2334121802789501,0.0075129837803930965,0.17019805291089388,0.012260197775587544,0.5003036853944067,0.029985001728523822
standard_cv,fnirs_bikom_rest_native,fnirs,bikom,rest,demographics_group,logistic_regression,20260707,inner_cv,,1017,321,696,0.6406031797185519,0.4344329800605901,0.5921890106348695,0.5585307549593264,0.6542056074766355,0.5301724137931034,0.5693215339233039,0.23350884365226138,0.16917938579708655,0.528023598820059,0.6429701566075507,0.028286645778662023,0.4496738113915614,0.054161084625240774,0.5911570238112744,0.04035382325303943,0.5511921133246312,0.05551239560025138,0.6521535091930464,0.1498044063721785,0.5301605384295026,0.15623658812641927,0.569454342867119,0.07079632196401621,0.2334121802789501,0.0075129837803930965,0.17019805291089388,0.012260197775587544,0.5275797493062355,0.1500532211356792
standard_cv,fnirs_bikom_rest_native,fnirs,bikom,rest,demographics_group,hist_gradient_boosting,20260707,fixed_0_5,0.5,1017,321,696,0.6258795251906757,0.4161476544508967,0.5925448490707916,0.561135814057081,0.6448598130841121,0.5402298850574713,0.5732546705998034,0.23361220119142243,0.16343331399401562,0.5181907571288102,0.6291393647522396,0.013132992996407746,0.43515433983051455,0.033107020560100196,0.5922000777522024,0.023946728024791756,0.5591020310003204,0.018205610829516803,0.6443055016343348,0.09483329632776528,0.54009465387007,0.06415620521615009,0.5732672189510601,0.021824683862176168,0.23357283500608422,0.005993936126396412,0.1657696937853191,0.009648883395285236,0.5180724186407093,0.07221508864984942
standard_cv,fnirs_bikom_vft_native,fnirs,bikom,vft,demographics_group_device,logistic_regression,20260707,fixed_0_5,0.5,1022,323,699,0.6417061968225284,0.4288767955457784,0.59667060860938,0.570468344959904,0.6253869969040248,0.5679542203147353,0.586105675146771,0.2336403348645839,0.1688970970108288,0.4931506849315068,0.6443814897144525,0.02951457691525398,0.4476887298320505,0.05103949586793516,0.596527813315473,0.014243799533366875,0.5697481611428283,0.021038776871789483,0.6254555013185679,0.03656924572040376,0.567600125312378,0.04928282572409047,0.5858295914611704,0.025249943030195437,0.23356161815344295,0.00806044661184477,0.17062952419822083,0.014708511774180111,0.49351161162329327,0.04338569774064212
standard_cv,fnirs_bikom_vft_native,fnirs,bikom,vft,demographics_group_device,logistic_regression,20260707,inner_cv,,1022,323,699,0.6417061968225284,0.4288767955457784,0.5815207040575434,0.5489053672316384,0.6408668730650154,0.5221745350500715,0.5596868884540117,0.2336403348645839,0.1688970970108288,0.5293542074363993,0.6443814897144525,0.02951457691525398,0.4476887298320505,0.05103949586793516,0.5831681248733113,0.028300142384530356,0.5427063970903601,0.04054226038802605,0.6444443288416287,0.1504156666574876,0.5218919209049939,0.14393939469023662,0.5596372837688628,0.05626164798788947,0.23356161815344295,0.00806044661184477,0.17062952419822083,0.014708511774180111,0.5304573238058475,0.14304575585840293
standard_cv,fnirs_bikom_vft_native,fnirs,bikom,vft,demographics_group,logistic_regression,20260707,fixed_0_5,0.5,1022,323,699,0.6415976826691825,0.42882736493334644,0.59667060860938,0.570468344959904,0.6253869969040248,0.5679542203147353,0.586105675146771,0.23365055816957914,0.16893080297919316,0.4931506849315068,0.6444570963439813,0.029400106100245363,0.4479625775907368,0.05130104052703805,0.596527813315473,0.014243799533366875,0.5697481611428283,0.021038776871789483,0.6254555013185679,0.03656924572040376,0.567600125312378,0.04928282572409047,0.5858295914611704,0.025249943030195437,0.23357132035496003,0.008105189821520089,0.17152585436158793,0.014975811720437182,0.49351161162329327,0.04338569774064212
standard_cv,fnirs_bikom_vft_native,fnirs,bikom,vft,demographics_group,logistic_regression,20260707,inner_cv,,1022,323,699,0.6415976826691825,0.42882736493334644,0.5815207040575434,0.5489053672316384,0.6408668730650154,0.5221745350500715,0.5596868884540117,0.23365055816957914,0.16893080297919316,0.5293542074363993,0.6444570963439813,0.029400106100245363,0.4479625775907368,0.05130104052703805,0.5831681248733113,0.028300142384530356,0.5427063970903601,0.04054226038802605,0.6444443288416287,0.1504156666574876,0.5218919209049939,0.14393939469023662,0.5596372837688628,0.05626164798788947,0.23357132035496003,0.008105189821520089,0.17152585436158793,0.014975811720437182,0.5304573238058475,0.14304575585840293
standard_cv,fnirs_bikom_vft_native,fnirs,bikom,vft,qc_demographics,logistic_regression,20260707,fixed_0_5,0.5,1022,323,699,0.6295503970732182,0.45032605860360914,0.5787037652196636,0.5609328105334496,0.56656346749226,0.5908440629470673,0.5831702544031311,0.23596680931596578,0.17339957925504293,0.4589041095890411,0.6321598031258264,0.03176204920249532,0.455144349678244,0.03196405135856263,0.5790370725171098,0.02706576647883194,0.5604786367518618,0.02058048282503567,0.56727295205598,0.06789007949013108,0.5908011929782394,0.03510514265343818,0.5834628401123909,0.02034355827004562,0.23592259823814082,0.003219031945957411,0.17387215849747278,0.011529751199249521,0.4589960232322235,0.04123767570054614
standard_cv,fnirs_yiruid_1back_native,fnirs,yiruid,1back,demographics_group_device,logistic_regression,20260707,fixed_0_5,0.5,1422,553,869,0.6645434360544118,0.5407906303684334,0.6291303633075784,0.6199236334405145,0.64376130198915,0.6144994246260069,0.6258790436005626,0.2268691079521254,0.10215918991636314,0.4859353023909986,0.6648373195957974,0.028782211599277928,0.5444022255878803,0.04372553270338656,0.6290430607382105,0.02763989653602072,0.6194354560782269,0.02508920622635952,0.6433609429249602,0.06142537015301398,0.614725178551461,0.03518276529810395,0.6259912561571773,0.023778267841201278,0.22684080763254494,0.005927525534096978,0.10725492622689195,0.005922056949724876,0.48573659975171984,0.03920690656136917
standard_cv,fnirs_yiruid_1back_native,fnirs,yiruid,1back,demographics_group_device,logistic_regression,20260707,inner_cv,,1422,553,869,0.6645434360544118,0.5407906303684334,0.6077593292783167,0.5881956235421063,0.6907775768535263,0.5247410817031071,0.5893108298171589,0.2268691079521254,0.10215918991636314,0.5590717299578059,0.6648373195957974,0.028782211599277928,0.5444022255878803,0.04372553270338656,0.6080964453606056,0.02706980915771847,0.5848089532593519,0.0430957992901069,0.6920683383864353,0.08182683548006205,0.5241245523347758,0.12221643544310151,0.5889781588181905,0.046491246481124654,0.22684080763254494,0.005927525534096978,0.10725492622689195,0.005922056949724876,0.5601315828403546,0.10430792097996414
standard_cv,fnirs_yiruid_1back_native,fnirs,yiruid,1back,demographics_group,logistic_regression,20260707,fixed_0_5,0.5,1422,553,869,0.6644664420661857,0.5407074421692709,0.6291303633075784,0.6199236334405145,0.64376130198915,0.6144994246260069,0.6258790436005626,0.22688655342023265,0.10213493269946981,0.4859353023909986,0.6648376326185158,0.0287807951866363,0.5444103581074339,0.04369850254160821,0.6290430607382105,0.02763989653602072,0.6194354560782269,0.02508920622635952,0.6433609429249602,0.06142537015301398,0.614725178551461,0.03518276529810395,0.6259912561571773,0.023778267841201278,0.22685810076219357,0.005906606183070855,0.10727000955075768,0.005924750315047717,0.48573659975171984,0.03920690656136917
standard_cv,fnirs_yiruid_1back_native,fnirs,yiruid,1back,demographics_group,logistic_regression,20260707,inner_cv,,1422,553,869,0.6644664420661857,0.5407074421692709,0.6077593292783167,0.5881956235421063,0.6907775768535263,0.5247410817031071,0.5893108298171589,0.22688655342023265,0.10213493269946981,0.5590717299578059,0.6648376326185158,0.0287807951866363,0.5444103581074339,0.04369850254160821,0.6080964453606056,0.02706980915771847,0.5848089532593519,0.0430957992901069,0.6920683383864353,0.08182683548006205,0.5241245523347758,0.12221643544310151,0.5889781588181905,0.046491246481124654,0.22685810076219357,0.005906606183070855,0.10727000955075768,0.005924750315047717,0.5601315828403546,0.10430792097996414
standard_cv,fnirs_yiruid_1back_native,fnirs,yiruid,1back,demographics_group,hist_gradient_boosting,20260707,fixed_0_5,0.5,1422,553,869,0.661118244037648,0.5458125649433667,0.6157323688969258,0.5959223569633699,0.6998191681735986,0.5316455696202531,0.5970464135021097,0.22791069956697324,0.10305182967906326,0.5583684950773559,0.6635287741962022,0.026424974564172296,0.5465910812164647,0.029848255082402506,0.6158024881210586,0.028379715494107272,0.5957623794827339,0.03192904259315132,0.6995782675883351,0.028976302524227743,0.5320267086537823,0.05257786234968026,0.597292826253993,0.03291833441051094,0.22789365169116108,0.00439943759473075,0.11047154819082235,0.006393212343701468,0.5581228854149817,0.03583412028693261
standard_cv,fnirs_yiruid_rest_native,fnirs,yiruid,rest,demographics_group,logistic_regression,20260707,fixed_0_5,0.5,1514,585,929,0.6616231036037279,0.5406945226457505,0.6318217364503693,0.6231420240381196,0.6393162393162393,0.6243272335844995,0.6301188903566711,0.2283586150479321,0.10562883373270683,0.4775429326287979,0.6617862456172058,0.02553468677321242,0.542228435074845,0.0340415844947123,0.6321747200456352,0.026218185019405253,0.6231409767640103,0.02374627911977331,0.6400541193083319,0.04852011693691873,0.6242953207829384,0.02721237499888736,0.6303315327447647,0.023434003057821007,0.22833455731247057,0.005091340075799827,0.11166148741546231,0.011596399474071824,0.47768682640453547,0.02661755902727731
standard_cv,fnirs_yiruid_rest_native,fnirs,yiruid,rest,demographics_group,logistic_regression,20260707,inner_cv,,1514,585,929,0.6616231036037279,0.5406945226457505,0.6318217364503693,0.6231420240381196,0.6393162393162393,0.6243272335844995,0.6301188903566711,0.2283586150479321,0.10562883373270683,0.4775429326287979,0.6617862456172058,0.02553468677321242,0.542228435074845,0.0340415844947123,0.6321747200456352,0.026218185019405253,0.6231409767640103,0.02374627911977331,0.6400541193083319,0.04852011693691873,0.6242953207829384,0.02721237499888736,0.6303315327447647,0.023434003057821007,0.22833455731247057,0.005091340075799827,0.11166148741546231,0.011596399474071824,0.47768682640453547,0.02661755902727731
standard_cv,fnirs_yiruid_rest_native,fnirs,yiruid,rest,demographics_group_device,logistic_regression,20260707,fixed_0_5,0.5,1514,585,929,0.6616212635588308,0.5406607245616971,0.6318217364503693,0.6231420240381196,0.6393162393162393,0.6243272335844995,0.6301188903566711,0.22832460931345663,0.10546554667821469,0.4775429326287979,0.6616584308410788,0.025637260362796687,0.5419663352818601,0.033847080292118414,0.6321747200456352,0.026218185019405253,0.6231409767640103,0.02374627911977331,0.6400541193083319,0.04852011693691873,0.6242953207829384,0.02721237499888736,0.6303315327447647,0.023434003057821007,0.22830054009313008,0.005086677029989504,0.11150203488645975,0.011609282190295053,0.47768682640453547,0.02661755902727731
standard_cv,fnirs_yiruid_rest_native,fnirs,yiruid,rest,demographics_group_device,logistic_regression,20260707,inner_cv,,1514,585,929,0.6616212635588308,0.5406607245616971,0.6318217364503693,0.6231420240381196,0.6393162393162393,0.6243272335844995,0.6301188903566711,0.22832460931345663,0.10546554667821469,0.4775429326287979,0.6616584308410788,0.025637260362796687,0.5419663352818601,0.033847080292118414,0.6321747200456352,0.026218185019405253,0.6231409767640103,0.02374627911977331,0.6400541193083319,0.04852011693691873,0.6242953207829384,0.02721237499888736,0.6303315327447647,0.023434003057821007,0.22830054009313008,0.005086677029989504,0.11150203488645975,0.011609282190295053,0.47768682640453547,0.02661755902727731
standard_cv,fnirs_yiruid_rest_native,fnirs,yiruid,rest,demographics_group,random_forest,20260707,fixed_0_5,0.5,1514,585,929,0.6589853992437416,0.5448479339308849,0.6228597977790657,0.6078463621567733,0.6752136752136753,0.5705059203444564,0.6109643328929987,0.22754352907617098,0.10569907546275947,0.52443857331572,0.6612121010017022,0.027668234249323378,0.5457242379887678,0.02589844911314659,0.6232582604339238,0.025464735849636617,0.60789471990866,0.02122334686731897,0.6759774886371517,0.05007446081668098,0.5705390322306959,0.012198034045161801,0.6111332559326281,0.02023657599461218,0.22752436167385234,0.004867391296827435,0.10942872385609592,0.00687983800265489,0.5246420303656978,0.020157117315212202
standard_cv,fnirs_yiruid_vft_native,fnirs,yiruid,vft,demographics_group,logistic_regression,20260707,fixed_0_5,0.5,1480,568,912,0.659152420002471,0.5354585241434221,0.6288531628366691,0.6201272732947349,0.6338028169014085,0.6239035087719298,0.6277027027027027,0.2289469449417665,0.10947206615302528,0.475,0.6597962609519795,0.029196618885029443,0.5399393601133557,0.045471816170331726,0.6289031040363671,0.0313782647023166,0.6199612944083042,0.029661975887624165,0.6337486445835812,0.05144202661660961,0.6240575634891531,0.02940023764341474,0.6277879753316874,0.028599139088697618,0.22894565800268726,0.005662033275654297,0.11607385377850557,0.01341099689776036,0.4749657795892689,0.02495920711819987
standard_cv,fnirs_yiruid_vft_native,fnirs,yiruid,vft,demographics_group,logistic_regression,20260707,inner_cv,,1480,568,912,0.659152420002471,0.5354585241434221,0.6144288979490982,0.5997454986572335,0.6619718309859155,0.5668859649122807,0.6033783783783784,0.2289469449417665,0.10947206615302528,0.5209459459459459,0.6597962609519795,0.029196618885029443,0.5399393601133557,0.045471816170331726,0.613410849197359,0.02936953106791587,0.5957019589618162,0.03567819476143988,0.6609423204729092,0.10815006944825911,0.565879377921809,0.11625821541863655,0.603345994868254,0.040985241892993365,0.22894565800268726,0.005662033275654297,0.11607385377850557,0.01341099689776036,0.5210803660012712,0.1109334495256481
standard_cv,fnirs_yiruid_vft_native,fnirs,yiruid,vft,demographics_group_device,logistic_regression,20260707,fixed_0_5,0.5,1480,568,912,0.658598383061527,0.5370046625840605,0.628953545836422,0.6209042924708547,0.6285211267605634,0.6293859649122807,0.629054054054054,0.22886519697455843,0.10777247206248364,0.46959459459459457,0.6598138574757522,0.028963086335480406,0.5413257010708915,0.04303822911828544,0.6289509394824326,0.03127570998790241,0.6205746233904483,0.028313762693887003,0.6284389100703068,0.06067646143488012,0.6294629688945585,0.021592261233701674,0.6291302572108821,0.025633922702662165,0.22886422997443434,0.005557490190316432,0.11474811646419306,0.015058074363372144,0.46959665207249035,0.028132081257850553
standard_cv,fnirs_yiruid_vft_native,fnirs,yiruid,vft,demographics_group_device,logistic_regression,20260707,inner_cv,,1480,568,912,0.658598383061527,0.5370046625840605,0.6132474672596986,0.5960810043391245,0.676056338028169,0.5504385964912281,0.5986486486486486,0.22886519697455843,0.10777247206248364,0.5364864864864864,0.6598138574757522,0.028963086335480406,0.5413257010708915,0.04303822911828544,0.6123943327542548,0.032257342188151614,0.5925318806673684,0.03984100972540878,0.6751016125083075,0.09670176852274567,0.5496870530002023,0.11771910170278484,0.5986525430271511,0.046232693678189524,0.22886422997443434,0.005557490190316432,0.11474811646419306,0.015058074363372144,0.536512072875931,0.10688682388488012
standard_cv,fnirs_yiruid_vft_native,fnirs,yiruid,vft,demographics_group,random_forest,20260707,fixed_0_5,0.5,1480,568,912,0.6550994563874475,0.5418159856686199,0.6261891524586114,0.6107557578512803,0.6778169014084507,0.5745614035087719,0.6141891891891892,0.22740483391650274,0.101028852039852,0.5222972972972973,0.6596120395304507,0.03083277350786034,0.5477852519000171,0.03872011501469169,0.626257891984325,0.023850242800029425,0.6100730971186843,0.02062961908225835,0.6776795270908391,0.0676546362084883,0.5748362568778107,0.04479449567534924,0.6142873904535961,0.02063271705762718,0.2273916393346158,0.005606735952715071,0.10954520470414364,0.014360594173558935,0.5222012371413398,0.04949653181989798
