cohort_name,modality,device,task,feature_set,n_subjects,feature_count,numeric_count,categorical_count
eeg_rest_native,eeg,,rest,no_information,1022,0,0,0
eeg_rest_native,eeg,,rest,demographics,1022,4,1,3
eeg_rest_native,eeg,,rest,qc,1022,16,16,0
eeg_rest_native,eeg,,rest,signal,1022,217,217,0
eeg_rest_native,eeg,,rest,signal_qc,1022,233,233,0
eeg_rest_native,eeg,,rest,signal_demographics,1022,221,218,3
eeg_rest_native,eeg,,rest,signal_qc_demographics,1022,237,234,3
eeg_oddball_native,eeg,,oddball,no_information,1827,0,0,0
eeg_oddball_native,eeg,,oddball,demographics,1827,4,1,3
eeg_oddball_native,eeg,,oddball,qc,1827,16,16,0
eeg_oddball_native,eeg,,oddball,signal,1827,231,231,0
eeg_oddball_native,eeg,,oddball,signal_qc,1827,247,247,0
eeg_oddball_native,eeg,,oddball,signal_demographics,1827,235,232,3
eeg_oddball_native,eeg,,oddball,signal_qc_demographics,1827,251,248,3
eeg_1back_native,eeg,,1back,no_information,1154,0,0,0
eeg_1back_native,eeg,,1back,demographics,1154,4,1,3
eeg_1back_native,eeg,,1back,qc,1154,16,16,0
eeg_1back_native,eeg,,1back,signal,1154,246,246,0
eeg_1back_native,eeg,,1back,signal_qc,1154,262,262,0
eeg_1back_native,eeg,,1back,signal_demographics,1154,250,247,3
eeg_1back_native,eeg,,1back,signal_qc_demographics,1154,266,263,3
eeg_rest_v1_features_fixed_split,eeg,,rest_v1_control,signal,999,527,527,0
eeg_rest_v1_features_fixed_split,eeg,,rest_v1_control,demographics,999,4,1,3
fnirs_yiruid_rest_native,fnirs,yiruid,rest,no_information,1514,0,0,0
fnirs_yiruid_rest_native,fnirs,yiruid,rest,demographics,1514,4,1,3
fnirs_yiruid_rest_native,fnirs,yiruid,rest,qc,1514,17,17,0
fnirs_yiruid_rest_native,fnirs,yiruid,rest,signal,1514,281,281,0
fnirs_yiruid_rest_native,fnirs,yiruid,rest,signal_qc,1514,298,298,0
fnirs_yiruid_rest_native,fnirs,yiruid,rest,signal_demographics,1514,285,282,3
fnirs_yiruid_rest_native,fnirs,yiruid,rest,signal_qc_demographics,1514,302,299,3
fnirs_yiruid_vft_native,fnirs,yiruid,vft,no_information,1480,0,0,0
fnirs_yiruid_vft_native,fnirs,yiruid,vft,demographics,1480,4,1,3
fnirs_yiruid_vft_native,fnirs,yiruid,vft,qc,1480,17,17,0
fnirs_yiruid_vft_native,fnirs,yiruid,vft,signal,1480,289,289,0
fnirs_yiruid_vft_native,fnirs,yiruid,vft,signal_qc,1480,306,306,0
fnirs_yiruid_vft_native,fnirs,yiruid,vft,signal_demographics,1480,293,290,3
fnirs_yiruid_vft_native,fnirs,yiruid,vft,signal_qc_demographics,1480,310,307,3
fnirs_yiruid_1back_native,fnirs,yiruid,1back,no_information,1422,0,0,0
fnirs_yiruid_1back_native,fnirs,yiruid,1back,demographics,1422,4,1,3
fnirs_yiruid_1back_native,fnirs,yiruid,1back,qc,1422,16,16,0
fnirs_yiruid_1back_native,fnirs,yiruid,1back,signal,1422,289,289,0
fnirs_yiruid_1back_native,fnirs,yiruid,1back,signal_qc,1422,305,305,0
fnirs_yiruid_1back_native,fnirs,yiruid,1back,signal_demographics,1422,293,290,3
fnirs_yiruid_1back_native,fnirs,yiruid,1back,signal_qc_demographics,1422,309,306,3
fnirs_bikom_rest_native,fnirs,bikom,rest,no_information,1017,0,0,0
fnirs_bikom_rest_native,fnirs,bikom,rest,demographics,1017,4,1,3
fnirs_bikom_rest_native,fnirs,bikom,rest,qc,1017,18,18,0
fnirs_bikom_rest_native,fnirs,bikom,rest,signal,1017,380,380,0
fnirs_bikom_rest_native,fnirs,bikom,rest,signal_qc,1017,398,398,0
fnirs_bikom_rest_native,fnirs,bikom,rest,signal_demographics,1017,384,381,3
fnirs_bikom_rest_native,fnirs,bikom,rest,signal_qc_demographics,1017,402,399,3
fnirs_bikom_vft_native,fnirs,bikom,vft,no_information,1022,0,0,0
fnirs_bikom_vft_native,fnirs,bikom,vft,demographics,1022,4,1,3
fnirs_bikom_vft_native,fnirs,bikom,vft,qc,1022,18,18,0
fnirs_bikom_vft_native,fnirs,bikom,vft,signal,1022,396,396,0
fnirs_bikom_vft_native,fnirs,bikom,vft,signal_qc,1022,414,414,0
fnirs_bikom_vft_native,fnirs,bikom,vft,signal_demographics,1022,400,397,3
fnirs_bikom_vft_native,fnirs,bikom,vft,signal_qc_demographics,1022,418,415,3
fnirs_bikom_1back_native,fnirs,bikom,1back,no_information,985,0,0,0
fnirs_bikom_1back_native,fnirs,bikom,1back,demographics,985,4,1,3
fnirs_bikom_1back_native,fnirs,bikom,1back,qc,985,17,17,0
fnirs_bikom_1back_native,fnirs,bikom,1back,signal,985,396,396,0
fnirs_bikom_1back_native,fnirs,bikom,1back,signal_qc,985,413,413,0
fnirs_bikom_1back_native,fnirs,bikom,1back,signal_demographics,985,400,397,3
fnirs_bikom_1back_native,fnirs,bikom,1back,signal_qc_demographics,985,417,414,3
face_self_intro_native,face,,self_intro,no_information,3572,0,0,0
face_self_intro_native,face,,self_intro,demographics,3572,4,1,3
face_self_intro_native,face,,self_intro,qc,3572,20,19,1
face_self_intro_native,face,,self_intro,metadata,3572,6,5,1
face_self_intro_native,face,,self_intro,full_frame,3572,1024,1024,0
face_self_intro_native,face,,self_intro,face_crop,3572,1024,1024,0
face_self_intro_native,face,,self_intro,background,3572,1024,1024,0
face_self_intro_native,face,,self_intro,face_qc,3572,1044,1043,1
face_self_intro_native,face,,self_intro,face_demographics,3572,1028,1025,3
face_self_intro_native,face,,self_intro,face_qc_demographics,3572,1048,1044,4
face_task_native,face,,task,no_information,3567,0,0,0
face_task_native,face,,task,demographics,3567,4,1,3
face_task_native,face,,task,qc,3567,20,19,1
face_task_native,face,,task,metadata,3567,6,5,1
face_task_native,face,,task,full_frame,3567,1024,1024,0
face_task_native,face,,task,face_crop,3567,1024,1024,0
face_task_native,face,,task,background,3567,1024,1024,0
face_task_native,face,,task,face_qc,3567,1044,1043,1
face_task_native,face,,task,face_demographics,3567,1028,1025,3
face_task_native,face,,task,face_qc_demographics,3567,1048,1044,4
face_two_video_native,face,,two_video,no_information,3567,0,0,0
face_two_video_native,face,,two_video,demographics,3567,4,1,3
face_two_video_native,face,,two_video,qc,3567,40,38,2
face_two_video_native,face,,two_video,metadata,3567,12,10,2
face_two_video_native,face,,two_video,full_frame,3567,2048,2048,0
face_two_video_native,face,,two_video,face_crop,3567,2048,2048,0
face_two_video_native,face,,two_video,background,3567,2048,2048,0
face_two_video_native,face,,two_video,face_qc,3567,2088,2086,2
face_two_video_native,face,,two_video,face_demographics,3567,2052,2049,3
face_two_video_native,face,,two_video,face_qc_demographics,3567,2092,2087,5
core3_same_cohort,eeg,,rest,demographics,661,4,1,3
core3_same_cohort,eeg,,rest,modality,661,217,217,0
core3_same_cohort,eeg,,rest,modality_demographics,661,221,218,3
core3_same_cohort,fnirs,yiruid,vft,demographics,661,4,1,3
core3_same_cohort,fnirs,yiruid,vft,modality,661,289,289,0
core3_same_cohort,fnirs,yiruid,vft,modality_demographics,661,293,290,3
core3_same_cohort,face,,self_intro,demographics,661,4,1,3
core3_same_cohort,face,,self_intro,modality,661,1024,1024,0
core3_same_cohort,face,,self_intro,modality_demographics,661,1028,1025,3
shortcut_a_prefix_group_cv,shortcut,,a_prefix_group,group_device,3597,5,0,5
