cohort_name,modality,device,task,model,seed,model_a,model_b,n_subjects,auroc_diff,auroc_diff_ci_low,auroc_diff_ci_high,auprc_diff,auprc_diff_ci_low,auprc_diff_ci_high,fold_direction_consistency,folds_compared,n_bootstrap
core3_same_cohort,eeg,,rest,hist_gradient_boosting,20260707,modality,demographics,661,-0.0636978408539543,-0.12985489439747228,0.00036266176608779576,-0.03510653750048193,-0.08524444076072674,0.012812035411888913,0,5,1000
core3_same_cohort,eeg,,rest,hist_gradient_boosting,20260707,modality_demographics,modality,661,0.004230349344978179,-0.019446356741137438,0.027284525545966477,0.005595561043741426,-0.013091295395980343,0.02489825972553489,3,5,1000
core3_same_cohort,eeg,,rest,logistic_regression,20260707,modality,demographics,661,-0.061084829370855465,-0.1251348319728918,-0.0006328626217790077,-0.036680903903600626,-0.09008005932815973,0.022014350166454415,1,5,1000
core3_same_cohort,eeg,,rest,logistic_regression,20260707,modality_demographics,modality,661,0.03897784247129221,0.012607477882890055,0.06421330884291222,0.025002431206319398,0.0012656551901394685,0.04859511873294484,4,5,1000
core3_same_cohort,eeg,,rest,random_forest,20260707,modality,demographics,661,-0.057804666019731554,-0.12117551964570468,0.0072536224695396246,-0.019260285781311837,-0.07200424257687416,0.03751713617996614,1,5,1000
core3_same_cohort,eeg,,rest,random_forest,20260707,modality_demographics,modality,661,0.01175602458353553,-0.01735148485467682,0.03989609925899933,0.004535737578838628,-0.020769109185124472,0.031041370101603138,4,5,1000
core3_same_cohort,face,,self_intro,hist_gradient_boosting,20260707,modality,demographics,661,-0.000550905709202576,-0.06023858392744282,0.054839178492992136,0.04401286452814851,-0.00915747718695304,0.10130630941888523,2,5,1000
core3_same_cohort,face,,self_intro,hist_gradient_boosting,20260707,modality_demographics,modality,661,-0.011220281416787992,-0.04591648039871908,0.022244345802100773,-0.019054033802548775,-0.05966416948977364,0.01671670708761891,2,5,1000
core3_same_cohort,face,,self_intro,logistic_regression,20260707,modality,demographics,661,-0.00842026524340922,-0.06380079053468694,0.049304842550683244,0.028721253285258375,-0.029875742363180927,0.08885807098330249,1,5,1000
core3_same_cohort,face,,self_intro,logistic_regression,20260707,modality_demographics,modality,661,0.003265000808668872,-0.0003295396476856532,0.00686299021647663,0.0025263575329281807,-0.0021251634687538185,0.007996696053345229,4,5,1000
core3_same_cohort,fnirs,yiruid,vft,hist_gradient_boosting,20260707,modality,demographics,661,-0.0022642730066310124,-0.06131249333971446,0.05124221211384089,0.02075187472456208,-0.03161979229529507,0.07336711584503577,2,5,1000
core3_same_cohort,fnirs,yiruid,vft,hist_gradient_boosting,20260707,modality_demographics,modality,661,0.0,0.0,0.0,0.0,0.0,0.0,0,5,1000
core3_same_cohort,fnirs,yiruid,vft,logistic_regression,20260707,modality,demographics,661,-0.045528060811903526,-0.10692203061055515,0.011893742517923751,-0.013086459574866705,-0.06952924194207574,0.041096151603107936,1,5,1000
core3_same_cohort,fnirs,yiruid,vft,logistic_regression,20260707,modality_demographics,modality,661,0.003649118550865249,-0.005521674197085272,0.013712083658795428,-0.0030685550589896193,-0.011883591771488868,0.006643307597682708,3,5,1000
core3_same_cohort,fnirs,yiruid,vft,random_forest,20260707,modality,demographics,661,0.02514454957140544,-0.029939927201683543,0.08446226022592467,0.05663044947034024,0.0008788670652786521,0.1180100424163168,3,5,1000
core3_same_cohort,fnirs,yiruid,vft,random_forest,20260707,modality_demographics,modality,661,-0.005640465793304128,-0.026490982628643446,0.014876501628792234,0.00018789499116989017,-0.02123799970201897,0.022733666993539643,2,5,1000
eeg_1back_native,eeg,,1back,hist_gradient_boosting,20260707,signal,demographics,1154,-0.06513407877944077,-0.11161439804302734,-0.019054547890346725,-0.02851882330090738,-0.06714886896440511,0.013567990652225831,0,5,1000
eeg_1back_native,eeg,,1back,hist_gradient_boosting,20260707,signal,qc,1154,0.028104696020419984,-0.016289836850315577,0.07321851935502498,0.023215106097601468,-0.011494991144438155,0.05995458300713122,4,5,1000
eeg_1back_native,eeg,,1back,hist_gradient_boosting,20260707,signal_qc_demographics,signal,1154,0.024223372781065122,-0.0005187812859859001,0.049489976310891394,0.00715221749358852,-0.015883361143289306,0.02910379809232213,4,5,1000
eeg_1back_native,eeg,,1back,logistic_regression,20260707,signal,demographics,1154,-0.10602303051398065,-0.15360929525600048,-0.059615131900090636,-0.061662713387170554,-0.1013759446052879,-0.019596703937600022,0,5,1000
eeg_1back_native,eeg,,1back,logistic_regression,20260707,signal,qc,1154,-0.0475620721661445,-0.09468946527104903,-0.0012436330906933045,-0.031990708286010916,-0.06970074501675651,0.005211168641024322,1,5,1000
eeg_1back_native,eeg,,1back,logistic_regression,20260707,signal_qc_demographics,signal,1154,0.03906340642765982,0.019659984426201784,0.06193064826550012,0.023933575346509195,0.008550547063598085,0.042251724135850835,5,5,1000
eeg_1back_native,eeg,,1back,random_forest,20260707,signal,demographics,1154,-0.061568192365703656,-0.11202783270871294,-0.013937698976133218,-0.028993902120287962,-0.07648907474472368,0.02035802881322496,0,5,1000
eeg_1back_native,eeg,,1back,random_forest,20260707,signal,qc,1154,0.015082956259426794,-0.03121997844520271,0.05873474249820743,0.029320995471118383,-0.007694920114910119,0.0682740975947142,3,5,1000
eeg_1back_native,eeg,,1back,random_forest,20260707,signal_qc_demographics,signal,1154,0.014535473952894784,-0.011721528711715662,0.04113672987021153,0.0011802747225744814,-0.021339924524825096,0.02256207630898326,3,5,1000
eeg_oddball_native,eeg,,oddball,hist_gradient_boosting,20260707,signal,demographics,1827,-0.07569490804548196,-0.11538468080753471,-0.03574729349743262,-0.06493757599094024,-0.1005044463408601,-0.02715784237837561,0,5,1000
eeg_oddball_native,eeg,,oddball,hist_gradient_boosting,20260707,signal,qc,1827,0.04575248729434067,0.010268799948693282,0.08604888410549771,0.02666515137733494,4.143480287036734e-05,0.056452962672678374,5,5,1000
eeg_oddball_native,eeg,,oddball,hist_gradient_boosting,20260707,signal_qc_demographics,signal,1827,0.06327256869670084,0.030848878263171536,0.0950681236870446,0.04764513810932958,0.017725187810072714,0.07822379097064436,5,5,1000
eeg_oddball_native,eeg,,oddball,logistic_regression,20260707,signal,demographics,1827,-0.057825555603411294,-0.090756991647612,-0.021543912424183447,-0.05502126553562309,-0.08954001044087376,-0.01773879996786817,0,5,1000
eeg_oddball_native,eeg,,oddball,logistic_regression,20260707,signal,qc,1827,0.04383587087604446,0.005137191126479141,0.08199072622734568,0.03289875527211017,0.0012452705071431122,0.06477449600923409,4,5,1000
eeg_oddball_native,eeg,,oddball,logistic_regression,20260707,signal_qc_demographics,signal,1827,0.03936197131535879,0.022473584962826025,0.05583730845323884,0.03792986472123616,0.022269836737492887,0.05374083828670889,5,5,1000
eeg_oddball_native,eeg,,oddball,random_forest,20260707,signal,demographics,1827,-0.08742812688431378,-0.1225207427955949,-0.05105702856150181,-0.08015610086134622,-0.11153108790803604,-0.04770067863892501,0,5,1000
eeg_oddball_native,eeg,,oddball,random_forest,20260707,signal,qc,1827,0.03371374041691799,-0.0022263342949446164,0.07218018654001657,0.014073471695858819,-0.011270260221886553,0.0398361612173176,4,5,1000
eeg_oddball_native,eeg,,oddball,random_forest,20260707,signal_qc_demographics,signal,1827,0.04132569558101473,0.019461779183010376,0.06505873930599608,0.02669979230508257,0.010197617129427272,0.044797809379360766,3,5,1000
eeg_rest_native,eeg,,rest,hist_gradient_boosting,20260707,signal,demographics,1022,-0.09682363780724434,-0.1530751506382172,-0.041403259074470934,-0.058295688447436766,-0.1101397768935718,-0.0062850672319843355,0,5,1000
eeg_rest_native,eeg,,rest,hist_gradient_boosting,20260707,signal,qc,1022,-0.005071734579931264,-0.05700829635893269,0.04763317490286423,-0.00864806625134451,-0.05068144588672469,0.0376493983588436,2,5,1000
eeg_rest_native,eeg,,rest,hist_gradient_boosting,20260707,signal_qc_demographics,signal,1022,0.05081075572878846,0.004758761799287221,0.0958443448248776,0.020977871239017842,-0.01485081287054743,0.05867334595750022,4,5,1000
eeg_rest_native,eeg,,rest,logistic_regression,20260707,signal,demographics,1022,-0.10612217169594229,-0.15149084124830398,-0.058543794127050165,-0.06504618303089427,-0.1090239630716495,-0.021516523635568923,1,5,1000
eeg_rest_native,eeg,,rest,logistic_regression,20260707,signal,qc,1022,-0.014007243515440249,-0.05962696707472156,0.03843207173081207,-0.010425967594782537,-0.05135884538458162,0.029873276904632876,2,5,1000
eeg_rest_native,eeg,,rest,logistic_regression,20260707,signal_qc_demographics,signal,1022,0.06458447442054005,0.036410254891430245,0.09100828054403302,0.03669025907475154,0.012706746785625772,0.06087446801699838,5,5,1000
eeg_rest_native,eeg,,rest,random_forest,20260707,signal,demographics,1022,-0.10030528063314936,-0.1537155560141585,-0.0519345160946389,-0.07491019796356863,-0.12319666863146313,-0.026614075083599576,0,5,1000
eeg_rest_native,eeg,,rest,random_forest,20260707,signal,qc,1022,-0.0034200771905689153,-0.05263662372843878,0.047816241611917186,-0.014897322532951562,-0.0511557472388139,0.026352918079786573,2,5,1000
eeg_rest_native,eeg,,rest,random_forest,20260707,signal_qc_demographics,signal,1022,0.029105684843389712,-0.0041264363858611345,0.05960464049888502,0.020172420968666505,-0.004106675482626138,0.04522682926068429,5,5,1000
eeg_rest_v1_features_fixed_split,eeg,,rest_v1_control,hist_gradient_boosting,20260707,signal,demographics,999,-0.04686914219405525,-0.09797580438344253,0.0034344141922185117,-0.037057264113895594,-0.08448795526951028,0.01602029103701537,0,5,1000
eeg_rest_v1_features_fixed_split,eeg,,rest_v1_control,logistic_regression,20260707,signal,demographics,999,-0.11546683923948942,-0.1629701403351658,-0.07106311432370609,-0.09198632382665739,-0.1373167031305261,-0.051959731595722744,0,5,1000
eeg_rest_v1_features_fixed_split,eeg,,rest_v1_control,random_forest,20260707,signal,demographics,999,-0.04580023208069273,-0.09120571158078683,0.005697061147423204,-0.04440062852058413,-0.09011287475406547,0.002934143458217458,0,5,1000
face_self_intro_native,face,,self_intro,hist_gradient_boosting,20260707,face_crop,demographics,3572,-0.03956667279695325,-0.06047914761597175,-0.020649224462408862,-0.016929489146623622,-0.0426006685319589,0.008250061059043492,0,5,1000
face_self_intro_native,face,,self_intro,hist_gradient_boosting,20260707,face_crop,qc,3572,0.08582302060962732,0.058998655571363565,0.11100853013174193,0.06078508321241921,0.03593929512797564,0.08765573921250558,5,5,1000
face_self_intro_native,face,,self_intro,hist_gradient_boosting,20260707,face_crop,metadata,3572,0.12777364560221166,0.10060821543245223,0.15487751946978823,0.1017095010665593,0.07793596738744378,0.12833601070421807,5,5,1000
face_self_intro_native,face,,self_intro,hist_gradient_boosting,20260707,face_crop,background,3572,0.04090835271294835,0.016970318017927085,0.0637821264924158,0.041872819717621856,0.01597118775800322,0.0655617719857025,4,5,1000
face_self_intro_native,face,,self_intro,hist_gradient_boosting,20260707,face_crop,full_frame,3572,0.033393128344466616,0.011386147426046966,0.05582940816919235,0.031197437121146754,0.006168729243522297,0.05532665479323783,4,5,1000
face_self_intro_native,face,,self_intro,logistic_regression,20260707,face_crop,demographics,3572,-0.033546261909564445,-0.05247269561297929,-0.01335805043582818,-0.024419777585494074,-0.049340674746071844,0.002715016530455267,0,5,1000
face_self_intro_native,face,,self_intro,logistic_regression,20260707,face_crop,qc,3572,0.09838330999869493,0.0730092514501091,0.12447210794517888,0.0804377677727432,0.05544722817597968,0.10628658875934635,5,5,1000
face_self_intro_native,face,,self_intro,logistic_regression,20260707,face_crop,metadata,3572,0.13451059550788436,0.10665654460171403,0.16269259432915195,0.10016839218730833,0.07434030294296733,0.12808271398831578,5,5,1000
face_self_intro_native,face,,self_intro,logistic_regression,20260707,face_crop,background,3572,0.03382768654856971,0.012807136200636355,0.05499063584771662,0.025885460842524355,0.0012962564993494296,0.05229490426474177,5,5,1000
face_self_intro_native,face,,self_intro,logistic_regression,20260707,face_crop,full_frame,3572,-0.0032725347349936706,-0.019699487862913905,0.013060809785268395,0.0012215550160049604,-0.018373341266998883,0.022516839932821827,1,5,1000
face_task_native,face,,task,hist_gradient_boosting,20260707,face_crop,demographics,3567,-0.04061076254198026,-0.06315133790872088,-0.017422949422281446,-0.023166464862014124,-0.04906373441917765,0.0046810862621363735,0,5,1000
face_task_native,face,,task,hist_gradient_boosting,20260707,face_crop,qc,3567,0.08420857864376652,0.05825650671576658,0.11231452018199886,0.05706638580773821,0.03204202305565061,0.08273877286996961,5,5,1000
face_task_native,face,,task,hist_gradient_boosting,20260707,face_crop,metadata,3567,0.09024126273351751,0.061701321995697285,0.12003656422478173,0.07446310511433518,0.04922344194256494,0.10127316892584948,5,5,1000
face_task_native,face,,task,hist_gradient_boosting,20260707,face_crop,background,3567,0.03806517478252136,0.015051446839236536,0.0602607011401751,0.041228794476393826,0.019132691897096567,0.06201862232573866,5,5,1000
face_task_native,face,,task,hist_gradient_boosting,20260707,face_crop,full_frame,3567,0.027399889168653324,0.0032122244487063772,0.0500419402107692,0.013252871202146244,-0.014474016107541223,0.03793437628642172,5,5,1000
face_task_native,face,,task,logistic_regression,20260707,face_crop,demographics,3567,-0.027869062805669476,-0.0475459638402945,-0.00843391847429647,-0.014918760414710519,-0.04049440261043255,0.01167135477441966,0,5,1000
face_task_native,face,,task,logistic_regression,20260707,face_crop,qc,3567,0.07911089457261122,0.05331699626402299,0.10546719360696802,0.06708309036231419,0.03873281613496654,0.09696146049410463,5,5,1000
face_task_native,face,,task,logistic_regression,20260707,face_crop,metadata,3567,0.08781747788022032,0.05663348446079398,0.11510154421204866,0.07927610711305594,0.048644904154405255,0.10712149360207096,5,5,1000
face_task_native,face,,task,logistic_regression,20260707,face_crop,background,3567,0.01842329392249986,-2.1079774491913693e-05,0.037076462077211825,0.022451282497573,-0.002247050047689487,0.04765902211644323,5,5,1000
face_task_native,face,,task,logistic_regression,20260707,face_crop,full_frame,3567,0.003469988135838986,-0.01209352838501088,0.017534579576283203,0.012724246778314519,-0.008765454525146871,0.03169491250090791,4,5,1000
face_two_video_native,face,,two_video,hist_gradient_boosting,20260707,face_crop,demographics,3567,-0.03891240232522686,-0.059789562353932145,-0.01781596274844183,-0.024890670656225578,-0.04917142624799194,0.0013038020234202709,0,5,1000
face_two_video_native,face,,two_video,hist_gradient_boosting,20260707,face_crop,qc,3567,0.0747553714151824,0.04911222327224829,0.1010492954111563,0.05288104167296098,0.029277167138682395,0.07828744813772288,5,5,1000
face_two_video_native,face,,two_video,hist_gradient_boosting,20260707,face_crop,metadata,3567,0.07452255120371032,0.04739736888038597,0.1024918545576855,0.057024013000009144,0.031009951459436722,0.08334996189469611,5,5,1000
face_two_video_native,face,,two_video,hist_gradient_boosting,20260707,face_crop,background,3567,0.02477805836869651,0.000657764038684228,0.04800472284126867,0.01762300422741042,-0.0073339371865502765,0.042969228359479146,4,5,1000
face_two_video_native,face,,two_video,hist_gradient_boosting,20260707,face_crop,full_frame,3567,0.029044321381151983,0.008478183551287035,0.049525984264437856,0.022686651098614508,-0.0002542688315296123,0.0445847453633586,4,5,1000
face_two_video_native,face,,two_video,logistic_regression,20260707,face_crop,demographics,3567,-0.025349509255161218,-0.04492868469613464,-0.006233045543969512,-0.012350869145794585,-0.03812991923125277,0.015384161500998876,0,5,1000
face_two_video_native,face,,two_video,logistic_regression,20260707,face_crop,qc,3567,0.07832763680047017,0.05259397456985504,0.1041180949057567,0.06329923871038778,0.036121769723271614,0.09068523174148858,5,5,1000
face_two_video_native,face,,two_video,logistic_regression,20260707,face_crop,metadata,3567,0.08878855387407625,0.059989098705782326,0.11655966487520601,0.08065965588302226,0.050837151268116824,0.11288573189325285,5,5,1000
face_two_video_native,face,,two_video,logistic_regression,20260707,face_crop,background,3567,0.02612793210278319,0.006905559758073873,0.04552345728089459,0.02546750578909568,-0.00017565531794316007,0.05030386224328345,5,5,1000
face_two_video_native,face,,two_video,logistic_regression,20260707,face_crop,full_frame,3567,-7.959029593451739e-05,-0.0152395091054508,0.01522032837896729,0.008559656769800583,-0.010708525011948102,0.028512309266707087,2,5,1000
fnirs_bikom_1back_native,fnirs,bikom,1back,hist_gradient_boosting,20260707,signal,demographics,985,-0.08157374984495314,-0.12737147248779543,-0.036885036804261605,-0.06942526607938926,-0.10952619451234752,-0.02287481215622192,0,5,1000
fnirs_bikom_1back_native,fnirs,bikom,1back,hist_gradient_boosting,20260707,signal,qc,985,0.010669611762573195,-0.04345533293092967,0.06665896099549698,-0.0005878347380372517,-0.04844664091362572,0.04333183157190535,2,5,1000
fnirs_bikom_1back_native,fnirs,bikom,1back,hist_gradient_boosting,20260707,signal_qc_demographics,signal,985,0.027548255364622465,0.004882311446252288,0.05247576834965856,0.021072369083263542,-0.005459988300326476,0.044986878214137084,4,5,1000
fnirs_bikom_1back_native,fnirs,bikom,1back,logistic_regression,20260707,signal,demographics,985,-0.05829047678113097,-0.11010200125455502,-0.005749123269878747,-0.04319171063712801,-0.09996957119245613,0.019647481882284823,1,5,1000
fnirs_bikom_1back_native,fnirs,bikom,1back,logistic_regression,20260707,signal,qc,985,0.061832702014178564,0.010599571407034127,0.11319775010354355,0.06857377737776249,0.022435804432045833,0.11173139105315688,4,5,1000
fnirs_bikom_1back_native,fnirs,bikom,1back,logistic_regression,20260707,signal_qc_demographics,signal,985,0.010385756676557834,-0.006765151865545044,0.026466184754816918,0.019298139643923795,-0.00011987656338259218,0.03814953292541237,4,5,1000
fnirs_bikom_1back_native,fnirs,bikom,1back,random_forest,20260707,signal,demographics,985,-0.06004369937122511,-0.11076305059535087,-0.009918081951210408,-0.050626827513064576,-0.10069277184181527,0.0003567256511109923,0,5,1000
fnirs_bikom_1back_native,fnirs,bikom,1back,random_forest,20260707,signal,qc,985,0.040407606362170445,-0.011649453645552579,0.09402766118820455,0.030288112069246198,-0.013835944442474577,0.07703787024995608,3,5,1000
fnirs_bikom_1back_native,fnirs,bikom,1back,random_forest,20260707,signal_qc_demographics,signal,985,-0.009841899873100135,-0.03314242988385287,0.013731302363276935,0.008931723854177231,-0.013411951988551229,0.032875778708746146,2,5,1000
fnirs_bikom_rest_native,fnirs,bikom,rest,hist_gradient_boosting,20260707,signal,demographics,1017,-0.09780409639417054,-0.14634179895576618,-0.048213423478078526,-0.07051665005933705,-0.1151807796719943,-0.022404978397631274,0,5,1000
fnirs_bikom_rest_native,fnirs,bikom,rest,hist_gradient_boosting,20260707,signal,qc,1017,0.002056701400078631,-0.04964288077606098,0.05759110941219358,0.006972394999798348,-0.03721173761730553,0.052532425106249024,3,5,1000
fnirs_bikom_rest_native,fnirs,bikom,rest,hist_gradient_boosting,20260707,signal_qc_demographics,signal,1017,0.029156371969778383,-0.002681451390851583,0.06171978475462884,0.021090799151724904,-0.0055625951004884475,0.05279839244577533,4,5,1000
fnirs_bikom_rest_native,fnirs,bikom,rest,logistic_regression,20260707,signal,demographics,1017,-0.10063066208328864,-0.1524705222414595,-0.051565326192736065,-0.1013520837994707,-0.15324105738642024,-0.04831709485282371,0,5,1000
fnirs_bikom_rest_native,fnirs,bikom,rest,logistic_regression,20260707,signal,qc,1017,0.025298098614244258,-0.026289799443470485,0.07638236715132468,0.00862293954119242,-0.03131319637492569,0.053944183298887026,3,5,1000
fnirs_bikom_rest_native,fnirs,bikom,rest,logistic_regression,20260707,signal_qc_demographics,signal,1017,0.03000680345185658,0.005096127300221631,0.05493733370727952,0.014679852183577147,-0.00680134920715964,0.035743309887945295,4,5,1000
fnirs_bikom_rest_native,fnirs,bikom,rest,random_forest,20260707,signal,demographics,1017,-0.082579134887385,-0.13113513134549504,-0.0332414155032717,-0.08087795444213175,-0.12685585692398557,-0.03492921873846169,0,5,1000
fnirs_bikom_rest_native,fnirs,bikom,rest,random_forest,20260707,signal,qc,1017,0.04487145056755115,-0.007173903134892126,0.10136001203357664,0.027177788333609842,-0.009516196664029116,0.07063410390872171,3,5,1000
fnirs_bikom_rest_native,fnirs,bikom,rest,random_forest,20260707,signal_qc_demographics,signal,1017,0.008714684713717946,-0.016833341803707585,0.03561583974551354,0.01181607715113775,-0.008712736978183302,0.03195610925774485,3,5,1000
fnirs_bikom_vft_native,fnirs,bikom,vft,hist_gradient_boosting,20260707,signal,demographics,1022,-0.06520371871359787,-0.11089680970573941,-0.011917809512833217,-0.04681628402452853,-0.09952991320874217,0.004796636287766122,0,5,1000
fnirs_bikom_vft_native,fnirs,bikom,vft,hist_gradient_boosting,20260707,signal,qc,1022,0.059673926042068115,0.012765072388012064,0.11079934876145398,0.04463360621045637,0.0032377043159238133,0.08705219933608414,5,5,1000
fnirs_bikom_vft_native,fnirs,bikom,vft,hist_gradient_boosting,20260707,signal_qc_demographics,signal,1022,0.020447166894767888,-0.004652858958224984,0.044001212314612355,0.008454270606066128,-0.016171651642135357,0.03567059425558919,5,5,1000
fnirs_bikom_vft_native,fnirs,bikom,vft,logistic_regression,20260707,signal,demographics,1022,-0.06622242301031545,-0.11118025422488405,-0.021578404743199154,-0.04720977535609516,-0.09711203285710944,0.003777392727547779,0,5,1000
fnirs_bikom_vft_native,fnirs,bikom,vft,logistic_regression,20260707,signal,qc,1022,0.03619943572640261,-0.016851139421367022,0.0877369946845523,0.037059410887256505,-0.009262710792398085,0.08150308055913694,5,5,1000
fnirs_bikom_vft_native,fnirs,bikom,vft,logistic_regression,20260707,signal_qc_demographics,signal,1022,0.012264313902656143,-0.00293283476705993,0.024648140480040198,0.011437081033803642,-0.004887640313220407,0.02600036496017688,5,5,1000
fnirs_bikom_vft_native,fnirs,bikom,vft,random_forest,20260707,signal,demographics,1022,-0.05927308804705522,-0.10764091234782973,-0.009216637143290827,-0.06115477695942351,-0.10930860457109429,-0.011441715886740875,0,5,1000
fnirs_bikom_vft_native,fnirs,bikom,vft,random_forest,20260707,signal,qc,1022,0.02773533176541465,-0.023152919633338317,0.08014916196227997,0.02325687118968467,-0.0186457681538168,0.06721374070650431,2,5,1000
fnirs_bikom_vft_native,fnirs,bikom,vft,random_forest,20260707,signal_qc_demographics,signal,1022,0.0012091577087125494,-0.023612806987827487,0.026690072517920462,0.00980220394530118,-0.015266349869451044,0.035981940863502725,2,5,1000
fnirs_yiruid_1back_native,fnirs,yiruid,1back,hist_gradient_boosting,20260707,signal,demographics,1422,-0.08261767074457349,-0.1200700100402681,-0.04382819440356474,-0.030718474341926927,-0.06608093937670223,0.003639938217067823,0,5,1000
fnirs_yiruid_1back_native,fnirs,yiruid,1back,hist_gradient_boosting,20260707,signal,qc,1422,-0.00855049453030543,-0.05037772079149321,0.02886429438049359,0.005852368986943635,-0.028452438968197002,0.040194416724292505,1,5,1000
fnirs_yiruid_1back_native,fnirs,yiruid,1back,hist_gradient_boosting,20260707,signal_qc_demographics,signal,1422,0.04886933287830575,0.018548091009857545,0.07920641763656056,0.02595207863572152,-0.00043830181442693484,0.05193064811464224,5,5,1000
fnirs_yiruid_1back_native,fnirs,yiruid,1back,logistic_regression,20260707,signal,demographics,1422,-0.043344493993428546,-0.08144398797135925,-0.0040916608331815615,-0.01711053772089921,-0.053716847053830244,0.01944018582686236,0,5,1000
fnirs_yiruid_1back_native,fnirs,yiruid,1back,logistic_regression,20260707,signal,qc,1422,0.018391158593049295,-0.025225824755240468,0.05833406213082071,0.0032534172749467127,-0.03336715167433387,0.04335824668080574,4,5,1000
fnirs_yiruid_1back_native,fnirs,yiruid,1back,logistic_regression,20260707,signal_qc_demographics,signal,1422,0.01616249477169196,0.0011001193890268323,0.03181331591313791,0.009296098966386057,-0.0044587645708935395,0.023887762073225904,4,5,1000
fnirs_yiruid_1back_native,fnirs,yiruid,1back,random_forest,20260707,signal,demographics,1422,-0.041302072386834476,-0.07780803773265554,-0.00492271290723683,-0.022935014949914456,-0.060261784753858245,0.011048691704615256,1,5,1000
fnirs_yiruid_1back_native,fnirs,yiruid,1back,random_forest,20260707,signal,qc,1422,0.009274654203351496,-0.03375066576632498,0.049426851607771244,0.0015481971383241033,-0.034727946501164515,0.03832079526468844,3,5,1000
fnirs_yiruid_1back_native,fnirs,yiruid,1back,random_forest,20260707,signal_qc_demographics,signal,1422,0.013307474451521917,-0.006778037426773211,0.03284894363586957,0.026932041365010373,0.006662275424268194,0.04855845024400879,3,5,1000
fnirs_yiruid_rest_native,fnirs,yiruid,rest,hist_gradient_boosting,20260707,signal,demographics,1514,-0.04081679592982057,-0.0774435935934315,-0.001137106062124069,-0.00688118484954009,-0.04246550689954669,0.032444820653692336,0,5,1000
fnirs_yiruid_rest_native,fnirs,yiruid,rest,hist_gradient_boosting,20260707,signal,qc,1514,0.043586983522397926,0.0023288051792213884,0.08431324222859943,0.032584384333065874,-0.0021674697273819377,0.06903044831518494,4,5,1000
fnirs_yiruid_rest_native,fnirs,yiruid,rest,hist_gradient_boosting,20260707,signal_qc_demographics,signal,1514,0.04538930749910297,0.01553739059564882,0.07437306529073684,0.038180491578794495,0.007679581135910778,0.06866718545398649,5,5,1000
fnirs_yiruid_rest_native,fnirs,yiruid,rest,logistic_regression,20260707,signal,demographics,1514,-0.03892890986540065,-0.07729103032618392,0.0028001607234416177,-0.014562581580919054,-0.0506793980017082,0.0291726382203908,0,5,1000
fnirs_yiruid_rest_native,fnirs,yiruid,rest,logistic_regression,20260707,signal,qc,1514,0.07933445576072073,0.03887317718284064,0.11848138956303576,0.05802475424873488,0.02204075001726633,0.09307045299025062,5,5,1000
fnirs_yiruid_rest_native,fnirs,yiruid,rest,logistic_regression,20260707,signal_qc_demographics,signal,1514,0.01343784788348823,-0.0019524262453769065,0.027558270581858207,0.00805917425168734,-0.006239622488420332,0.02151514941144773,5,5,1000
fnirs_yiruid_rest_native,fnirs,yiruid,rest,random_forest,20260707,signal,demographics,1514,-0.02971580506564364,-0.06731346303890569,0.010149149254619698,-0.01323756621584038,-0.04952683380987608,0.02707298285997335,0,5,1000
fnirs_yiruid_rest_native,fnirs,yiruid,rest,random_forest,20260707,signal,qc,1514,0.062210077925901386,0.021582827551650703,0.10287864441413642,0.04583459675755652,0.010557732219802236,0.08189663064404637,5,5,1000
fnirs_yiruid_rest_native,fnirs,yiruid,rest,random_forest,20260707,signal_qc_demographics,signal,1514,0.009938082489212796,-0.010354401481951539,0.030486113226080427,0.01574419017845552,-0.0034659386179004656,0.03739427195001603,5,5,1000
fnirs_yiruid_vft_native,fnirs,yiruid,vft,hist_gradient_boosting,20260707,signal,demographics,1480,-0.004297164566345435,-0.04220016189564278,0.03037587078136777,0.03015279386388725,-0.005999018772661579,0.06553741927624691,1,5,1000
fnirs_yiruid_vft_native,fnirs,yiruid,vft,hist_gradient_boosting,20260707,signal,qc,1480,0.03541396404744257,-0.0016118204856912894,0.07411037497805377,0.025381214267527208,-0.014696921098382627,0.0652638199672344,5,5,1000
fnirs_yiruid_vft_native,fnirs,yiruid,vft,hist_gradient_boosting,20260707,signal_qc_demographics,signal,1480,0.00216885192735361,-0.014230029730066734,0.016364420958997067,-0.008196169622357974,-0.022903570985398948,0.004983636649191459,2,5,1000
fnirs_yiruid_vft_native,fnirs,yiruid,vft,logistic_regression,20260707,signal,demographics,1480,-0.011500610019767765,-0.04995138066890938,0.02624633544945094,0.01451946701805179,-0.02530209894668557,0.05713352777170876,2,5,1000
fnirs_yiruid_vft_native,fnirs,yiruid,vft,logistic_regression,20260707,signal,qc,1480,0.03733282369656532,-0.0027718846669439207,0.07545102274728989,0.025550133706081835,-0.01438401978623008,0.06772234875486706,4,5,1000
fnirs_yiruid_vft_native,fnirs,yiruid,vft,logistic_regression,20260707,signal_qc_demographics,signal,1480,0.007704395231035388,-0.004643672860873882,0.019390304847576284,0.00322762429948098,-0.010880211058233419,0.015284145273982107,3,5,1000
fnirs_yiruid_vft_native,fnirs,yiruid,vft,random_forest,20260707,signal,demographics,1480,-0.007834700086483792,-0.04489029593014672,0.025681496566949676,0.019230413341478236,-0.022176756228155292,0.055476311695946155,1,5,1000
fnirs_yiruid_vft_native,fnirs,yiruid,vft,random_forest,20260707,signal,qc,1480,0.026344746108228345,-0.010910108093578839,0.06423151883881596,0.02559387263952434,-0.014293806389594356,0.06387151089584257,3,5,1000
fnirs_yiruid_vft_native,fnirs,yiruid,vft,random_forest,20260707,signal_qc_demographics,signal,1480,0.0037508493946132315,-0.011564979420954191,0.020578193760299457,-0.000283356664629808,-0.017906207153902946,0.018395521857974585,3,5,1000
