cohort_name,modality,device,task,feature_set,model,seed,threshold_type,threshold,n_subjects,n_positive,n_negative,auroc,auprc,balanced_accuracy,macro_f1,sensitivity,specificity,accuracy,brier_score,ece,positive_prediction_rate,auroc_fold_mean,auroc_fold_std,auprc_fold_mean,auprc_fold_std,balanced_accuracy_fold_mean,balanced_accuracy_fold_std,macro_f1_fold_mean,macro_f1_fold_std,sensitivity_fold_mean,sensitivity_fold_std,specificity_fold_mean,specificity_fold_std,accuracy_fold_mean,accuracy_fold_std,brier_score_fold_mean,brier_score_fold_std,ece_fold_mean,ece_fold_std,positive_prediction_rate_fold_mean,positive_prediction_rate_fold_std
eeg_1back_native,eeg,,1back,qc,hist_gradient_boosting,20260707,fixed_0_5,0.5,1154,338,816,0.4820291652163824,0.28372949876044984,0.48214337510151994,0.46299423037620463,0.47041420118343197,0.49387254901960786,0.48700173310225303,0.25061355096123317,0.20307567199457566,0.49566724436741766,0.4837859959183189,0.036784696370480874,0.29356401116308267,0.036360443139045524,0.4816453611044305,0.037625857547202116,0.45412430954883715,0.05226911630798426,0.4686955569339378,0.1549952369579484,0.49459516527492314,0.14326869521590227,0.4869356042236556,0.06318269975985162,0.2506197309035011,0.001190628436603284,0.20548844641893238,0.023574548982224722,0.49519708079952773,0.1423113019079089
eeg_1back_native,eeg,,1back,qc,hist_gradient_boosting,20260707,inner_cv,0.5,1154,338,816,0.4820291652163824,0.28372949876044984,0.48214337510151994,0.46299423037620463,0.47041420118343197,0.49387254901960786,0.48700173310225303,0.25061355096123317,0.20307567199457566,0.49566724436741766,0.4837859959183189,0.036784696370480874,0.29356401116308267,0.036360443139045524,0.4816453611044305,0.037625857547202116,0.45412430954883715,0.05226911630798426,0.4686955569339378,0.1549952369579484,0.49459516527492314,0.14326869521590227,0.4869356042236556,0.06318269975985162,0.2506197309035011,0.001190628436603284,0.20548844641893238,0.023574548982224722,0.49519708079952773,0.1423113019079089
eeg_1back_native,eeg,,1back,qc,logistic_regression,20260707,fixed_0_5,0.5,1154,338,816,0.5396471458405847,0.32602243101280304,0.5330882352941176,0.515564663001749,0.5,0.5661764705882353,0.5467937608318891,0.24970020688825947,0.2064566913911339,0.4532062391681109,0.5431880783925276,0.02691842293768044,0.34265509645391296,0.034984589577573,0.5334152666036228,0.023033493193567595,0.5149027286040747,0.015562716609396897,0.5009876160325935,0.048115126394952974,0.5658429171746523,0.020717820040809725,0.5467526235078507,0.01768765373252917,0.24970082587066117,0.0021918884153054197,0.20662493657591724,0.026516960037582256,0.45320849702749266,0.02355921798370031
eeg_1back_native,eeg,,1back,qc,logistic_regression,20260707,inner_cv,0.5,1154,338,816,0.5396471458405847,0.32602243101280304,0.5330882352941176,0.515564663001749,0.5,0.5661764705882353,0.5467937608318891,0.24970020688825947,0.2064566913911339,0.4532062391681109,0.5431880783925276,0.02691842293768044,0.34265509645391296,0.034984589577573,0.5334152666036228,0.023033493193567595,0.5149027286040747,0.015562716609396897,0.5009876160325935,0.048115126394952974,0.5658429171746523,0.020717820040809725,0.5467526235078507,0.01768765373252917,0.24970082587066117,0.0021918884153054197,0.20662493657591724,0.026516960037582256,0.45320849702749266,0.02355921798370031
eeg_1back_native,eeg,,1back,qc,random_forest,20260707,fixed_0_5,0.5,1154,338,816,0.49395594036431145,0.28786724695273197,0.4863564508643694,0.48570356296765416,0.31952662721893493,0.6531862745098039,0.5554592720970537,0.24327102035108122,0.17018913171683941,0.33882149046793764,0.4924233848495626,0.050712661564252984,0.2972502119259527,0.054151907441949615,0.4843267276869012,0.046738519206711536,0.483628739286185,0.04509960964861903,0.315079210221639,0.08018719307811488,0.6535742451521634,0.03772623529945813,0.5551820103210365,0.03259061559337213,0.24331773119089212,0.004778411621667545,0.17200633421543926,0.02805713385542481,0.3386303166168839,0.03352922700194004
eeg_1back_native,eeg,,1back,qc,random_forest,20260707,inner_cv,0.45,1154,338,816,0.49395594036431145,0.28786724695273197,0.5013378872258962,0.4597984750079228,0.5798816568047337,0.4227941176470588,0.46880415944540726,0.24327102035108122,0.17018913171683941,0.5779896013864818,0.4924233848495626,0.050712661564252984,0.2972502119259527,0.054151907441949615,0.5010895119829677,0.03134798550778639,0.4581003383161161,0.04103870335591206,0.5781993722473483,0.0694696789398278,0.4239796517185871,0.07292940726724637,0.46880344200131263,0.044388178921646426,0.24331773119089212,0.004778411621667545,0.17200633421543926,0.02805713385542481,0.5774511000629128,0.06610654845659274
eeg_oddball_native,eeg,,oddball,qc,hist_gradient_boosting,20260707,fixed_0_5,0.5,1827,611,1216,0.47831491192178477,0.3201063400884826,0.4884693449048152,0.4883918301230824,0.3404255319148936,0.6365131578947368,0.5374931581828134,0.25049982393203074,0.16448950288641456,0.35577449370552816,0.48023014818678844,0.01882204530418718,0.3281151135680943,0.009452639131329722,0.4881337307952399,0.02208617413894848,0.4849703794436788,0.024143441370788346,0.3403853113926843,0.08405022787733217,0.6358821501977955,0.10191571717760704,0.5375479137021463,0.04619126313967478,0.25049860379447375,0.0009961637850763258,0.16450373645557598,0.010667185411332027,0.35589598678768386,0.09410107948788224
eeg_oddball_native,eeg,,oddball,qc,hist_gradient_boosting,20260707,inner_cv,0.45,1827,611,1216,0.47831491192178477,0.3201063400884826,0.505361545998794,0.26847591928357445,0.9934533551554828,0.017269736842105265,0.3437328954570334,0.25049982393203074,0.16448950288641456,0.9863163656267104,0.48023014818678844,0.01882204530418718,0.3281151135680943,0.009452639131329722,0.5054285110338457,0.005922639256611121,0.26843646124483156,0.014438248535698056,0.9935194672131147,0.0068370284395068695,0.017337554854576692,0.009893014707263942,0.34372566442401153,0.014330840434615135,0.25049860379447375,0.0009961637850763258,0.16450373645557598,0.010667185411332027,0.9863080188498502,0.007001225599076316
eeg_oddball_native,eeg,,oddball,qc,logistic_regression,20260707,fixed_0_5,0.5,1827,611,1216,0.500728152726333,0.3362320377236232,0.49841381148247055,0.48779915335931934,0.4762684124386252,0.5205592105263158,0.5057471264367817,0.25054051397863314,0.16543565903016225,0.4783798576902025,0.5023719649860154,0.02537445153213818,0.3447049903446121,0.013939582966677865,0.4987570752778566,0.013423148025203247,0.4872669768098854,0.013679089189929456,0.4769178822723784,0.04090750266033183,0.5205962682833347,0.04502439700741329,0.505780313853655,0.020438489181192024,0.2505374408544281,0.001192474294677462,0.1655806666091336,0.010187183576452851,0.47837318422655456,0.04166176925396862
eeg_oddball_native,eeg,,oddball,qc,logistic_regression,20260707,inner_cv,0.5,1827,611,1216,0.500728152726333,0.3362320377236232,0.49841381148247055,0.48779915335931934,0.4762684124386252,0.5205592105263158,0.5057471264367817,0.25054051397863314,0.16543565903016225,0.4783798576902025,0.5023719649860154,0.02537445153213818,0.3447049903446121,0.013939582966677865,0.4987570752778566,0.013423148025203247,0.4872669768098854,0.013679089189929456,0.4769178822723784,0.04090750266033183,0.5205962682833347,0.04502439700741329,0.505780313853655,0.020438489181192024,0.2505374408544281,0.001192474294677462,0.1655806666091336,0.010187183576452851,0.47837318422655456,0.04166176925396862
eeg_oddball_native,eeg,,oddball,qc,random_forest,20260707,fixed_0_5,0.5,1827,611,1216,0.4748894984494788,0.3157995031581895,0.4834786049616676,0.4826306129979826,0.36333878887070375,0.6036184210526315,0.5232621784345922,0.25086373561488945,0.15371706967262383,0.3853311439518336,0.4749800706302012,0.015396918267925781,0.32878269838456786,0.028169916275157095,0.48357007527424384,0.01679433214595158,0.48242827351303913,0.017030952962246028,0.3633106599314297,0.02503679550586958,0.6038294906170578,0.034647555842770836,0.5232445391189906,0.018990796540102408,0.25086182182621763,0.0019401974083031058,0.1577906968748342,0.0040749630107875506,0.3853993770582999,0.02761307869066157
eeg_oddball_native,eeg,,oddball,qc,random_forest,20260707,inner_cv,0.4,1827,611,1216,0.4748894984494788,0.3157995031581895,0.4924176554828151,0.31178915135608054,0.9067103109656302,0.078125,0.3552271483305966,0.25086373561488945,0.15371706967262383,0.9168035030103996,0.4749800706302012,0.015396918267925781,0.32878269838456786,0.028169916275157095,0.49059087130838847,0.013750874469996451,0.3029175326740049,0.04866914114348462,0.9042335795566829,0.11480790085600111,0.07694816306009382,0.09150639418293709,0.3552354111396797,0.01665874618333205,0.25086182182621763,0.0019401974083031058,0.1577906968748342,0.0040749630107875506,0.9168945146929927,0.09862900065033467
eeg_rest_native,eeg,,rest,qc,hist_gradient_boosting,20260707,fixed_0_5,0.5,1022,351,671,0.5094513865005668,0.36770768553253286,0.4949919540083475,0.4805936073059361,0.5071225071225072,0.4828614008941878,0.4911937377690802,0.24762341093825727,0.15196657807529712,0.5136986301369864,0.5060940753741774,0.03813433695394472,0.37491052268587477,0.04929125886017339,0.49417721324026065,0.02462781811943543,0.475607595125864,0.02808245561200613,0.50013261909715,0.1280633438029064,0.48822180738337134,0.11367171251353143,0.4932276730335978,0.03983646643609244,0.247577780631489,0.002554423725038985,0.1522533519401322,0.02596676679370577,0.5084411194776228,0.11678672658741712
eeg_rest_native,eeg,,rest,qc,hist_gradient_boosting,20260707,inner_cv,0.5,1022,351,671,0.5094513865005668,0.36770768553253286,0.4949919540083475,0.4805936073059361,0.5071225071225072,0.4828614008941878,0.4911937377690802,0.24762341093825727,0.15196657807529712,0.5136986301369864,0.5060940753741774,0.03813433695394472,0.37491052268587477,0.04929125886017339,0.49417721324026065,0.02462781811943543,0.475607595125864,0.02808245561200613,0.50013261909715,0.1280633438029064,0.48822180738337134,0.11367171251353143,0.4932276730335978,0.03983646643609244,0.247577780631489,0.002554423725038985,0.1522533519401322,0.02596676679370577,0.5084411194776228,0.11678672658741712
eeg_rest_native,eeg,,rest,qc,logistic_regression,20260707,fixed_0_5,0.5,1022,351,671,0.5082646558056394,0.358547317244547,0.5034731510141346,0.4868652598431338,0.5270655270655271,0.4798807749627422,0.49608610567514677,0.25062740236789,0.1577105973062325,0.5225048923679061,0.5075816884515566,0.019472696240470537,0.3827035558584183,0.03716408510884986,0.5022413154464008,0.011307996342939572,0.48511980691947354,0.013948034864899926,0.5274111972123985,0.01690031451937443,0.477071433680403,0.0388012550952511,0.4950053000847177,0.020000775893981953,0.2506251327791059,0.0016252987051244905,0.1570451957254554,0.028440558413718585,0.5242142532979112,0.031603832244599214
eeg_rest_native,eeg,,rest,qc,logistic_regression,20260707,inner_cv,0.55,1022,351,671,0.5082646558056394,0.358547317244547,0.5032651016257573,0.41382610376970685,0.019943019943019943,0.9865871833084948,0.6545988258317026,0.25062740236789,0.1577105973062325,0.015655577299412915,0.5075816884515566,0.019472696240470537,0.3827035558584183,0.03716408510884986,0.5027404591422455,0.005941808573031381,0.4105256407151163,0.027340095809393616,0.018688024408848206,0.03426556437103921,0.9867928938756428,0.025266265458187085,0.6539187442684978,0.029488234785950487,0.2506251327791059,0.0016252987051244905,0.1570451957254554,0.028440558413718585,0.015044802923313838,0.028268894697471323
eeg_rest_native,eeg,,rest,qc,random_forest,20260707,fixed_0_5,0.5,1022,351,671,0.49779637484555517,0.3575600771732965,0.48476144377783725,0.48436200666334606,0.30484330484330485,0.6646795827123696,0.541095890410959,0.2496356606558381,0.12391872746331192,0.324853228962818,0.502250496636103,0.02907809469607518,0.36613549837010134,0.023902948629508054,0.4865821159944983,0.018051069403685716,0.48392627735709726,0.017093611051097034,0.30556220095693776,0.04148381100901101,0.6676020310320588,0.06434429091045378,0.5414133034114215,0.025312116939635275,0.24975693385167172,0.005371745684011164,0.12922087255192982,0.03293431704405626,0.32353344117457056,0.055551033118622625
eeg_rest_native,eeg,,rest,qc,random_forest,20260707,inner_cv,0.4,1022,351,671,0.49779637484555517,0.3575600771732965,0.49821035066936703,0.4481324463746137,0.6581196581196581,0.338301043219076,0.4481409001956947,0.2496356606558381,0.12391872746331192,0.6604696673189824,0.502250496636103,0.02907809469607518,0.36613549837010134,0.023902948629508054,0.5000204884707399,0.024736390661266847,0.4460897362256224,0.0457388265705071,0.6602101535954511,0.06444848823297297,0.33983082334602877,0.08754083486997924,0.44756822284148556,0.0454535832550803,0.24975693385167172,0.005371745684011164,0.12922087255192982,0.03293431704405626,0.6606747869924788,0.07644852291136264
face_self_intro_native,face,,self_intro,background,hist_gradient_boosting,20260707,fixed_0_5,0.5,3572,1084,2488,0.5862794550373156,0.35782512428376473,0.5700765890295558,0.541913799404793,0.5959409594095941,0.5442122186495176,0.5599104143337066,0.24449939728226025,0.1909378777501945,0.49832026875699886,0.5906518168808701,0.04659054163675343,0.36565499866182716,0.030545183433845415,0.5699907891988556,0.043755753656573436,0.541403249375216,0.04222090382250254,0.5958854737187482,0.06406806309048457,0.5440961046789627,0.06192171066795469,0.5599614991749824,0.046582103544611786,0.2444980666830546,0.002159342396629356,0.191620572888722,0.003160818037675528,0.49825567690736233,0.04834644206717405
face_self_intro_native,face,,self_intro,background,hist_gradient_boosting,20260707,inner_cv,0.5,3572,1084,2488,0.5862794550373156,0.35782512428376473,0.5700765890295558,0.541913799404793,0.5959409594095941,0.5442122186495176,0.5599104143337066,0.24449939728226025,0.1909378777501945,0.49832026875699886,0.5906518168808701,0.04659054163675343,0.36565499866182716,0.030545183433845415,0.5699907891988556,0.043755753656573436,0.541403249375216,0.04222090382250254,0.5958854737187482,0.06406806309048457,0.5440961046789627,0.06192171066795469,0.5599614991749824,0.046582103544611786,0.2444980666830546,0.002159342396629356,0.191620572888722,0.003160818037675528,0.49825567690736233,0.04834644206717405
face_self_intro_native,face,,self_intro,background,logistic_regression,20260707,fixed_0_5,0.5,3572,1084,2488,0.6028130598830104,0.3802378618894203,0.5736635481306582,0.5520799098860323,0.5673431734317343,0.579983922829582,0.5761478163493841,0.24247006507609478,0.18289992693563684,0.46472564389697646,0.6037525471133833,0.01568706615649763,0.3844931867800551,0.01784392088452925,0.5735959063185838,0.010166601683862587,0.5519627944215042,0.009565689287787966,0.5672141128618492,0.022548031600234938,0.5799776997753185,0.01548447572126647,0.5761393101280742,0.009646813860297003,0.24247127442051447,0.0035033794908849013,0.18448401448612914,0.006071303955134569,0.4647281370315078,0.01542241238699938
face_self_intro_native,face,,self_intro,background,logistic_regression,20260707,inner_cv,0.5,3572,1084,2488,0.6028130598830104,0.3802378618894203,0.5736635481306582,0.5520799098860323,0.5673431734317343,0.579983922829582,0.5761478163493841,0.24247006507609478,0.18289992693563684,0.46472564389697646,0.6037525471133833,0.01568706615649763,0.3844931867800551,0.01784392088452925,0.5735959063185838,0.010166601683862587,0.5519627944215042,0.009565689287787966,0.5672141128618492,0.022548031600234938,0.5799776997753185,0.01548447572126647,0.5761393101280742,0.009646813860297003,0.24247127442051447,0.0035033794908849013,0.18448401448612914,0.006071303955134569,0.4647281370315078,0.01542241238699938
face_self_intro_native,face,,self_intro,metadata,hist_gradient_boosting,20260707,fixed_0_5,0.5,3572,1084,2488,0.4994141621480523,0.2979884429348273,0.49974267628528374,0.45184883462083136,0.6116236162361623,0.3878617363344051,0.45576707726763716,0.25015717701956,0.19568558709963954,0.6119820828667413,0.5012991234084593,0.013988253472823009,0.3038013833128663,0.008947012010458855,0.49981032338103193,0.013539321615111717,0.44780616724670563,0.03763308663909894,0.6117753648130799,0.09595286220447545,0.387845281948984,0.10239117955603201,0.4557134438595113,0.04426492336159841,0.25015775474356505,0.0005870575729813815,0.19568785697182747,0.0031562818417756777,0.612075508760902,0.09975325366076779
face_self_intro_native,face,,self_intro,metadata,hist_gradient_boosting,20260707,inner_cv,0.45,3572,1084,2488,0.4994141621480523,0.2979884429348273,0.49864515727150843,0.25742704873139655,0.9695571955719557,0.027733118971061094,0.3135498320268757,0.25015717701956,0.19568558709963954,0.971444568868981,0.5012991234084593,0.013988253472823009,0.3038013833128663,0.008947012010458855,0.49858857932228373,0.005570647218520669,0.25704462207827694,0.014036048158574618,0.9694441655542765,0.024495006206412036,0.027732993090291026,0.017693174623057507,0.31355307613734584,0.00665381615088561,0.25015775474356505,0.0005870575729813815,0.19568785697182747,0.0031562818417756777,0.9714190304077943,0.01931475617476944
face_self_intro_native,face,,self_intro,metadata,logistic_regression,20260707,fixed_0_5,0.5,3572,1084,2488,0.5021301509236957,0.30595493054463635,0.5074838931669059,0.43028575060723495,0.7038745387453874,0.31109324758842444,0.43029115341545354,0.2500523705835748,0.19662646609523898,0.6934490481522956,0.5029110206246155,0.015414403517307142,0.30832471173968556,0.009464980697614771,0.5074824534443835,0.010933218254855182,0.42955298074319154,0.01692733604347592,0.7038700542369798,0.04549565046683663,0.31109485265178727,0.03855423537586015,0.43030250648228174,0.01615247403758405,0.25005231984750054,0.00016173432348762543,0.1966289350115967,0.003411119531490291,0.6934422880490296,0.039509875851045234
face_self_intro_native,face,,self_intro,metadata,logistic_regression,20260707,inner_cv,0.5,3572,1084,2488,0.5021301509236957,0.30595493054463635,0.5074838931669059,0.43028575060723495,0.7038745387453874,0.31109324758842444,0.43029115341545354,0.2500523705835748,0.19662646609523898,0.6934490481522956,0.5029110206246155,0.015414403517307142,0.30832471173968556,0.009464980697614771,0.5074824534443835,0.010933218254855182,0.42955298074319154,0.01692733604347592,0.7038700542369798,0.04549565046683663,0.31109485265178727,0.03855423537586015,0.43030250648228174,0.01615247403758405,0.25005231984750054,0.00016173432348762543,0.1966289350115967,0.003411119531490291,0.6934422880490296,0.039509875851045234
face_self_intro_native,face,,self_intro,qc,hist_gradient_boosting,20260707,fixed_0_5,0.5,3572,1084,2488,0.5413647871406366,0.3389128607889674,0.5382537285983793,0.5146605499984762,0.5479704797047971,0.5285369774919614,0.5344344904815229,0.24822381960526843,0.1939626966896983,0.4946808510638298,0.5427243496610469,0.03059518360427,0.34742409682041925,0.033807398672513325,0.538309660627388,0.019719166214720512,0.5143188570347413,0.02378248429798826,0.5480613486393155,0.028204140541579867,0.5285579726154606,0.04846266202009031,0.5344103087923313,0.029656499603175887,0.24822544146099138,0.0011715149095371297,0.19396564689273088,0.003668392476635529,0.4946971006521569,0.03933505417785381
face_self_intro_native,face,,self_intro,qc,hist_gradient_boosting,20260707,inner_cv,0.5,3572,1084,2488,0.5413647871406366,0.3389128607889674,0.5382537285983793,0.5146605499984762,0.5479704797047971,0.5285369774919614,0.5344344904815229,0.24822381960526843,0.1939626966896983,0.4946808510638298,0.5427243496610469,0.03059518360427,0.34742409682041925,0.033807398672513325,0.538309660627388,0.019719166214720512,0.5143188570347413,0.02378248429798826,0.5480613486393155,0.028204140541579867,0.5285579726154606,0.04846266202009031,0.5344103087923313,0.029656499603175887,0.24822544146099138,0.0011715149095371297,0.19396564689273088,0.003668392476635529,0.4946971006521569,0.03933505417785381
face_self_intro_native,face,,self_intro,qc,logistic_regression,20260707,fixed_0_5,0.5,3572,1084,2488,0.5382574364328852,0.3256855549592015,0.5308291607835692,0.4950621663712462,0.5950184501845018,0.46663987138263663,0.5055991041433371,0.24938385905232377,0.1951694356794217,0.5520716685330347,0.5397484732340319,0.019630531292956572,0.33199735439969325,0.012571316247659852,0.5308709406045881,0.019223429917300694,0.49464731680611074,0.016818984672524625,0.5950740877221752,0.04839922364017605,0.4666677934870009,0.030686529782359574,0.5055767266441423,0.01744618435731771,0.24938650647013483,0.0020665090141253075,0.19613184247819976,0.006508265744330069,0.5521022236190776,0.03242941349860308
face_self_intro_native,face,,self_intro,qc,logistic_regression,20260707,inner_cv,0.5,3572,1084,2488,0.5382574364328852,0.3256855549592015,0.5308291607835692,0.4950621663712462,0.5950184501845018,0.46663987138263663,0.5055991041433371,0.24938385905232377,0.1951694356794217,0.5520716685330347,0.5397484732340319,0.019630531292956572,0.33199735439969325,0.012571316247659852,0.5308709406045881,0.019223429917300694,0.49464731680611074,0.016818984672524625,0.5950740877221752,0.04839922364017605,0.4666677934870009,0.030686529782359574,0.5055767266441423,0.01744618435731771,0.24938650647013483,0.0020665090141253075,0.19613184247819976,0.006508265744330069,0.5521022236190776,0.03242941349860308
face_task_native,face,,task,background,hist_gradient_boosting,20260707,fixed_0_5,0.5,3567,1082,2485,0.5876891664218211,0.35114779763610227,0.5641832510776303,0.5307667782560179,0.6136783733826248,0.5146881287726358,0.5447154471544715,0.24460331305088015,0.19171017405471538,0.5242500700869077,0.5889637917318484,0.028137179086776386,0.3587686510008245,0.02370900928722661,0.5643182439660445,0.01797962323566052,0.5291984142035744,0.014791997996339028,0.6138999738739936,0.08512068253234277,0.5147365140580952,0.060087275344955914,0.5447245142291904,0.020296110030114594,0.24460299819806303,0.0013990783012101124,0.19171477587401825,0.004192604985592072,0.5242471902043321,0.06651402779796764
face_task_native,face,,task,background,hist_gradient_boosting,20260707,inner_cv,0.5,3567,1082,2485,0.5876891664218211,0.35114779763610227,0.5641832510776303,0.5307667782560179,0.6136783733826248,0.5146881287726358,0.5447154471544715,0.24460331305088015,0.19171017405471538,0.5242500700869077,0.5889637917318484,0.028137179086776386,0.3587686510008245,0.02370900928722661,0.5643182439660445,0.01797962323566052,0.5291984142035744,0.014791997996339028,0.6138999738739936,0.08512068253234277,0.5147365140580952,0.060087275344955914,0.5447245142291904,0.020296110030114594,0.24460299819806303,0.0013990783012101124,0.19171477587401825,0.004192604985592072,0.5242471902043321,0.06651402779796764
face_task_native,face,,task,background,logistic_regression,20260707,fixed_0_5,0.5,3567,1082,2485,0.6230142407122959,0.39167507559729053,0.5929404523257846,0.5665487379069087,0.6072088724584104,0.578672032193159,0.5873282870759742,0.23897734164645865,0.18130509423126337,0.47771236333052985,0.6238303028003985,0.022713930756916214,0.3962115443198674,0.018508826050162068,0.5928008947856733,0.017747961441021847,0.5664005518609574,0.01758279833701656,0.6069814866313297,0.026506035550896312,0.5786203029400168,0.02639936513072297,0.587334989088942,0.01934440602552705,0.23897506665939777,0.006061739520565734,0.1816603644161571,0.0032510372023806184,0.47769001440918224,0.02146736693014529
face_task_native,face,,task,background,logistic_regression,20260707,inner_cv,0.5,3567,1082,2485,0.6230142407122959,0.39167507559729053,0.5929404523257846,0.5665487379069087,0.6072088724584104,0.578672032193159,0.5873282870759742,0.23897734164645865,0.18130509423126337,0.47771236333052985,0.6238303028003985,0.022713930756916214,0.3962115443198674,0.018508826050162068,0.5928008947856733,0.017747961441021847,0.5664005518609574,0.01758279833701656,0.6069814866313297,0.026506035550896312,0.5786203029400168,0.02639936513072297,0.587334989088942,0.01934440602552705,0.23897506665939777,0.006061739520565734,0.1816603644161571,0.0032510372023806184,0.47769001440918224,0.02146736693014529
face_task_native,face,,task,metadata,hist_gradient_boosting,20260707,fixed_0_5,0.5,3567,1082,2485,0.535513078470825,0.3179134869981609,0.5278707364333878,0.4807750996728595,0.634011090573013,0.4217303822937626,0.4861227922624054,0.2483430547014601,0.1947540838347617,0.5951780207457247,0.5387054755835226,0.023474483136100146,0.3244817239482939,0.015325260575857742,0.5273738022626456,0.024096396936802336,0.4776978035011508,0.007922762318215199,0.6331376856559072,0.11575933013482084,0.4216099188693837,0.06972118063306795,0.4861275594300922,0.014657045054546389,0.24834402224358332,0.0011626835157559762,0.1947578754624039,0.003706398551766166,0.5951093792122595,0.08360289927103468
face_task_native,face,,task,metadata,hist_gradient_boosting,20260707,inner_cv,0.5,3567,1082,2485,0.535513078470825,0.3179134869981609,0.5278707364333878,0.4807750996728595,0.634011090573013,0.4217303822937626,0.4861227922624054,0.2483430547014601,0.1947540838347617,0.5951780207457247,0.5387054755835226,0.023474483136100146,0.3244817239482939,0.015325260575857742,0.5273738022626456,0.024096396936802336,0.4776978035011508,0.007922762318215199,0.6331376856559072,0.11575933013482084,0.4216099188693837,0.06972118063306795,0.4861275594300922,0.014657045054546389,0.24834402224358332,0.0011626835157559762,0.1947578754624039,0.003706398551766166,0.5951093792122595,0.08360289927103468
face_task_native,face,,task,metadata,logistic_regression,20260707,fixed_0_5,0.5,3567,1082,2485,0.5536200567545755,0.3348502509818076,0.5365901508868367,0.5279617763552216,0.45748613678373384,0.6156941649899397,0.567703952901598,0.2489565450873233,0.1966430251173062,0.4065040650406504,0.555882838532417,0.023424301386278566,0.34041147149861306,0.02139990288990956,0.5365828360492382,0.019182532455295328,0.5277971418328977,0.018980527817678457,0.45739560786733113,0.032727265066410105,0.6157700642311454,0.027364110692075092,0.5676807625927502,0.019170789632648524,0.24895795429172898,0.0012375428655419048,0.19693325863414884,0.005094290261038644,0.4065154928364104,0.0229179935800943
face_task_native,face,,task,metadata,logistic_regression,20260707,inner_cv,0.5,3567,1082,2485,0.5536200567545755,0.3348502509818076,0.5365901508868367,0.5279617763552216,0.45748613678373384,0.6156941649899397,0.567703952901598,0.2489565450873233,0.1966430251173062,0.4065040650406504,0.555882838532417,0.023424301386278566,0.34041147149861306,0.02139990288990956,0.5365828360492382,0.019182532455295328,0.5277971418328977,0.018980527817678457,0.45739560786733113,0.032727265066410105,0.6157700642311454,0.027364110692075092,0.5676807625927502,0.019170789632648524,0.24895795429172898,0.0012375428655419048,0.19693325863414884,0.005094290261038644,0.4065154928364104,0.0229179935800943
face_task_native,face,,task,qc,hist_gradient_boosting,20260707,fixed_0_5,0.5,3567,1082,2485,0.541545762560576,0.3353102063047579,0.5252669436210609,0.5076465133563406,0.5064695009242144,0.5440643863179074,0.5326604990187833,0.24784322009229226,0.19372779933210035,0.47126436781609193,0.5403973360573208,0.025229096388592633,0.342079606173289,0.022289154135005634,0.5254151409951279,0.012204749499281176,0.5066013582042226,0.017975559984481762,0.5066792425093689,0.05544718412379703,0.5441510394808866,0.06053107529825366,0.5326281979350617,0.02750334473548497,0.2478442305683406,0.0010971067741039585,0.19373301629163697,0.004469526035200967,0.4713244411645089,0.057823786912528714
face_task_native,face,,task,qc,hist_gradient_boosting,20260707,inner_cv,0.5,3567,1082,2485,0.541545762560576,0.3353102063047579,0.5252669436210609,0.5076465133563406,0.5064695009242144,0.5440643863179074,0.5326604990187833,0.24784322009229226,0.19372779933210035,0.47126436781609193,0.5403973360573208,0.025229096388592633,0.342079606173289,0.022289154135005634,0.5254151409951279,0.012204749499281176,0.5066013582042226,0.017975559984481762,0.5066792425093689,0.05544718412379703,0.5441510394808866,0.06053107529825366,0.5326281979350617,0.02750334473548497,0.2478442305683406,0.0010971067741039585,0.19373301629163697,0.004469526035200967,0.4713244411645089,0.057823786912528714
face_task_native,face,,task,qc,logistic_regression,20260707,fixed_0_5,0.5,3567,1082,2485,0.5623266400621846,0.34704326773254934,0.546541355340918,0.5173922063341707,0.5804066543438078,0.5126760563380282,0.5332211942809083,0.2481609351493872,0.19651504778656242,0.5155592935239697,0.5629001883441299,0.028400293417323166,0.35184852336332506,0.022050701702330266,0.5465958022596161,0.020139690709143017,0.516947730027959,0.022483626118304016,0.5804125229425376,0.04313147723914335,0.5127790815766945,0.043175278721738194,0.5331927468302864,0.0254586747282767,0.2481653499895901,0.0035059784381402067,0.19657131270215406,0.0072873772373051315,0.5155865196016656,0.038770274788024854
face_task_native,face,,task,qc,logistic_regression,20260707,inner_cv,0.5,3567,1082,2485,0.5623266400621846,0.34704326773254934,0.546541355340918,0.5173922063341707,0.5804066543438078,0.5126760563380282,0.5332211942809083,0.2481609351493872,0.19651504778656242,0.5155592935239697,0.5629001883441299,0.028400293417323166,0.35184852336332506,0.022050701702330266,0.5465958022596161,0.020139690709143017,0.516947730027959,0.022483626118304016,0.5804125229425376,0.04313147723914335,0.5127790815766945,0.043175278721738194,0.5331927468302864,0.0254586747282767,0.2481653499895901,0.0035059784381402067,0.19657131270215406,0.0072873772373051315,0.5155865196016656,0.038770274788024854
face_two_video_native,face,,two_video,background,hist_gradient_boosting,20260707,fixed_0_5,0.5,3567,1082,2485,0.6026746430523994,0.3730293820908742,0.5844830535895595,0.5544551831390834,0.6164510166358595,0.5525150905432595,0.5719091673675357,0.243619857901824,0.19164431832785941,0.4987384356602187,0.6066428411071914,0.035301450314951945,0.38040999111592383,0.026386858361000944,0.5844547725897348,0.027709137163600607,0.5537496409750867,0.021183414880235143,0.6164596485430336,0.0691289870130487,0.5524498966364362,0.034659604968190365,0.5719307789161159,0.019981183284777684,0.2436181514785456,0.0017590841037956992,0.19164809837157837,0.0035636948276979753,0.4987310662135254,0.040714457103224015
face_two_video_native,face,,two_video,background,hist_gradient_boosting,20260707,inner_cv,0.5,3567,1082,2485,0.6026746430523994,0.3730293820908742,0.5844830535895595,0.5544551831390834,0.6164510166358595,0.5525150905432595,0.5719091673675357,0.243619857901824,0.19164431832785941,0.4987384356602187,0.6066428411071914,0.035301450314951945,0.38040999111592383,0.026386858361000944,0.5844547725897348,0.027709137163600607,0.5537496409750867,0.021183414880235143,0.6164596485430336,0.0691289870130487,0.5524498966364362,0.034659604968190365,0.5719307789161159,0.019981183284777684,0.2436181514785456,0.0017590841037956992,0.19164809837157837,0.0035636948276979753,0.4987310662135254,0.040714457103224015
face_two_video_native,face,,two_video,background,logistic_regression,20260707,fixed_0_5,0.5,3567,1082,2485,0.6179152549306931,0.3913072815871474,0.5917023397315502,0.5677959687447922,0.5942698706099815,0.5891348088531188,0.5906924586487244,0.2398249231339961,0.1807621114044036,0.46649845808802914,0.6181835407777181,0.019219014037405037,0.395090094693809,0.02193654730867764,0.5916057478094359,0.017708692060679737,0.5676696260316034,0.015401844993296032,0.5941056004920411,0.03127993291707247,0.5891058951268306,0.015417948648236394,0.5906943759048195,0.01464836014877603,0.23982365498313044,0.0046949427372692575,0.18162180888763454,0.004190397563399105,0.4664851111295856,0.01463584033468853
face_two_video_native,face,,two_video,background,logistic_regression,20260707,inner_cv,0.5,3567,1082,2485,0.6179152549306931,0.3913072815871474,0.5917023397315502,0.5677959687447922,0.5942698706099815,0.5891348088531188,0.5906924586487244,0.2398249231339961,0.1807621114044036,0.46649845808802914,0.6181835407777181,0.019219014037405037,0.395090094693809,0.02193654730867764,0.5916057478094359,0.017708692060679737,0.5676696260316034,0.015401844993296032,0.5941056004920411,0.03127993291707247,0.5891058951268306,0.015417948648236394,0.5906943759048195,0.01464836014877603,0.23982365498313044,0.0046949427372692575,0.18162180888763454,0.004190397563399105,0.4664851111295856,0.01463584033468853
face_two_video_native,face,,two_video,metadata,hist_gradient_boosting,20260707,fixed_0_5,0.5,3567,1082,2485,0.5529301502173856,0.3336283733182755,0.5424616088397297,0.5002816274134815,0.6293900184842883,0.45553319919517105,0.5082702551163443,0.24741254322833248,0.19416325847484295,0.5702270815811606,0.5559732137468766,0.01685539934106723,0.3374881077777525,0.014954244719266978,0.54198463590873,0.018941050872404858,0.49703216347046697,0.01814023896348993,0.6286143161247348,0.10899842671875869,0.4553549556927252,0.08321178915062347,0.5082705573489652,0.02756147215011726,0.24741319158640876,0.0005523534976795241,0.19416779988272106,0.004018303110714547,0.5701865130414199,0.09039960440067456
face_two_video_native,face,,two_video,metadata,hist_gradient_boosting,20260707,inner_cv,0.5,3567,1082,2485,0.5529301502173856,0.3336283733182755,0.5424616088397297,0.5002816274134815,0.6293900184842883,0.45553319919517105,0.5082702551163443,0.24741254322833248,0.19416325847484295,0.5702270815811606,0.5559732137468766,0.01685539934106723,0.3374881077777525,0.014954244719266978,0.54198463590873,0.018941050872404858,0.49703216347046697,0.01814023896348993,0.6286143161247348,0.10899842671875869,0.4553549556927252,0.08321178915062347,0.5082705573489652,0.02756147215011726,0.24741319158640876,0.0005523534976795241,0.19416779988272106,0.004018303110714547,0.5701865130414199,0.09039960440067456
face_two_video_native,face,,two_video,metadata,logistic_regression,20260707,fixed_0_5,0.5,3567,1082,2485,0.5552546331594,0.3361151314932208,0.5393849232176795,0.5306888510858154,0.4602587800369686,0.6185110663983904,0.5705074292122232,0.24886407940396674,0.19626540845544133,0.4053826745164003,0.556624642170462,0.02133539810125808,0.3414369702713945,0.019971911457451207,0.539361624268621,0.02364918629384014,0.5307153755269954,0.024497284050894033,0.46012158419897514,0.02068583198776141,0.6186016643382669,0.032139377451724585,0.5704763840158165,0.025990729785128654,0.24886579187234373,0.0014391815378773406,0.19688233570585106,0.0051192266129849165,0.405402117345425,0.019085774186525017
face_two_video_native,face,,two_video,metadata,logistic_regression,20260707,inner_cv,0.5,3567,1082,2485,0.5552546331594,0.3361151314932208,0.5393849232176795,0.5306888510858154,0.4602587800369686,0.6185110663983904,0.5705074292122232,0.24886407940396674,0.19626540845544133,0.4053826745164003,0.556624642170462,0.02133539810125808,0.3414369702713945,0.019971911457451207,0.539361624268621,0.02364918629384014,0.5307153755269954,0.024497284050894033,0.46012158419897514,0.02068583198776141,0.6186016643382669,0.032139377451724585,0.5704763840158165,0.025990729785128654,0.24886579187234373,0.0014391815378773406,0.19688233570585106,0.0051192266129849165,0.405402117345425,0.019085774186525017
face_two_video_native,face,,two_video,qc,hist_gradient_boosting,20260707,fixed_0_5,0.5,3567,1082,2485,0.5526973300059135,0.33777134464532366,0.5457988225099208,0.5283031256840581,0.522181146025878,0.5694164989939637,0.5550883095037847,0.24747896394746982,0.19324249349943,0.45836837678721615,0.5555105610326603,0.02571439316192841,0.3440694040794993,0.024248132441591193,0.5458217426059919,0.02183653429594921,0.5272595833357766,0.022758988793629035,0.5221654649042969,0.06345451508786067,0.569478020307687,0.0554853766070042,0.555058390481952,0.02770418208616056,0.24748032812949572,0.0013272183685268484,0.19324743623337629,0.004559997144791575,0.4584102272166352,0.05437162698549438
face_two_video_native,face,,two_video,qc,hist_gradient_boosting,20260707,inner_cv,0.5,3567,1082,2485,0.5526973300059135,0.33777134464532366,0.5457988225099208,0.5283031256840581,0.522181146025878,0.5694164989939637,0.5550883095037847,0.24747896394746982,0.19324249349943,0.45836837678721615,0.5555105610326603,0.02571439316192841,0.3440694040794993,0.024248132441591193,0.5458217426059919,0.02183653429594921,0.5272595833357766,0.022758988793629035,0.5221654649042969,0.06345451508786067,0.569478020307687,0.0554853766070042,0.555058390481952,0.02770418208616056,0.24748032812949572,0.0013272183685268484,0.19324743623337629,0.004559997144791575,0.4584102272166352,0.05437162698549438
face_two_video_native,face,,two_video,qc,logistic_regression,20260707,fixed_0_5,0.5,3567,1082,2485,0.5657155502330061,0.3534755486658553,0.5427029831484285,0.5142890543191283,0.5739371534195934,0.5114688128772635,0.5304177179702831,0.2476324752560408,0.19429751766615125,0.5144379029997197,0.5665286860482036,0.029928327948717665,0.3614753060749144,0.02201971018648183,0.5427204559021209,0.026049189758572452,0.5138183581957958,0.0252951356068101,0.5738845185191103,0.05245693678334665,0.5115563932851316,0.04066163513202441,0.5303947637903887,0.026734548981531867,0.24763756764211395,0.004083640469797224,0.1956167704556444,0.006821073876651745,0.5144566481713035,0.03745438487697434
face_two_video_native,face,,two_video,qc,logistic_regression,20260707,inner_cv,0.5,3567,1082,2485,0.5657155502330061,0.3534755486658553,0.5427029831484285,0.5142890543191283,0.5739371534195934,0.5114688128772635,0.5304177179702831,0.2476324752560408,0.19429751766615125,0.5144379029997197,0.5665286860482036,0.029928327948717665,0.3614753060749144,0.02201971018648183,0.5427204559021209,0.026049189758572452,0.5138183581957958,0.0252951356068101,0.5738845185191103,0.05245693678334665,0.5115563932851316,0.04066163513202441,0.5303947637903887,0.026734548981531867,0.24763756764211395,0.004083640469797224,0.1956167704556444,0.006821073876651745,0.5144566481713035,0.03745438487697434
fnirs_bikom_1back_native,fnirs,bikom,1back,qc,hist_gradient_boosting,20260707,fixed_0_5,0.5,985,311,674,0.5097154770196647,0.33005786394836906,0.5108222733214385,0.489041222316635,0.5305466237942122,0.4910979228486647,0.5035532994923858,0.2502090473973916,0.1878658435252298,0.515736040609137,0.5133536465969814,0.04595209556174277,0.3400733704406401,0.022423696542066336,0.5130088292595593,0.045224044498153856,0.48459192407103513,0.04235943221770078,0.5348005889601815,0.1433932341623291,0.4912170695589369,0.10569380503625365,0.5035544277860968,0.04637190023978708,0.2502004556344834,0.002526160452891241,0.18876083697012383,0.018964715878710382,0.5164783895942234,0.11113213353748028
fnirs_bikom_1back_native,fnirs,bikom,1back,qc,hist_gradient_boosting,20260707,inner_cv,0.5,985,311,674,0.5097154770196647,0.33005786394836906,0.5108222733214385,0.489041222316635,0.5305466237942122,0.4910979228486647,0.5035532994923858,0.2502090473973916,0.1878658435252298,0.515736040609137,0.5133536465969814,0.04595209556174277,0.3400733704406401,0.022423696542066336,0.5130088292595593,0.045224044498153856,0.48459192407103513,0.04235943221770078,0.5348005889601815,0.1433932341623291,0.4912170695589369,0.10569380503625365,0.5035544277860968,0.04637190023978708,0.2502004556344834,0.002526160452891241,0.18876083697012383,0.018964715878710382,0.5164783895942234,0.11113213353748028
fnirs_bikom_1back_native,fnirs,bikom,1back,qc,logistic_regression,20260707,fixed_0_5,0.5,985,311,674,0.5057009550888776,0.327697005969401,0.5111991565448872,0.4786855273287144,0.5787781350482315,0.443620178041543,0.4862944162436548,0.2504896565765539,0.18479519744049974,0.5634517766497462,0.5179642335694032,0.05865062655287469,0.35674518880394884,0.043527422885414634,0.51319196331072,0.053092390559860904,0.47706526260770776,0.043396367862972095,0.5829054552314314,0.11373605194251964,0.4434784713900086,0.07299727363381632,0.4863013650664253,0.04620489144860111,0.2504795905539833,0.0044341210793078685,0.19018139120100078,0.014252866425198853,0.5641219039449213,0.0723823329912458
fnirs_bikom_1back_native,fnirs,bikom,1back,qc,logistic_regression,20260707,inner_cv,0.55,985,311,674,0.5057009550888776,0.327697005969401,0.4993869684276814,0.43571402292567807,0.04180064308681672,0.956973293768546,0.6680203045685279,0.2504896565765539,0.18479519744049974,0.04263959390862944,0.5179642335694032,0.05865062655287469,0.35674518880394884,0.043527422885414634,0.49906130202002286,0.017425539192828386,0.4344124005527572,0.01787036854874017,0.041273516146181674,0.02347123835193833,0.956849087893864,0.04082439116479603,0.6683456197797055,0.03461537333057638,0.2504795905539833,0.0044341210793078685,0.19018139120100078,0.014252866425198853,0.042362599529413056,0.032401415734101414
fnirs_bikom_1back_native,fnirs,bikom,1back,qc,random_forest,20260707,fixed_0_5,0.5,985,311,674,0.5041314034367934,0.3255734267930331,0.5177230528495234,0.5176527080480755,0.3440514469453376,0.6913946587537092,0.581725888324873,0.24328361211143637,0.1459551381397447,0.3197969543147208,0.5114281484671833,0.06764116148271092,0.34186328183690795,0.05094591330110739,0.5171078601074304,0.04626901884848405,0.5150297105271194,0.04449960208878156,0.34301099767992804,0.107442255391869,0.6912047225349328,0.033535750854932364,0.5819715808557457,0.03074228063680719,0.2432194684136432,0.007905933217261242,0.15110225573758881,0.008677056420963175,0.3196109117792222,0.050684151421324236
fnirs_bikom_1back_native,fnirs,bikom,1back,qc,random_forest,20260707,inner_cv,0.45,985,311,674,0.5041314034367934,0.3255734267930331,0.5088448290667608,0.48540360584447995,0.5369774919614148,0.4807121661721068,0.4984771573604061,0.24328361211143637,0.1459551381397447,0.5248730964467005,0.5114281484671833,0.06764116148271092,0.34186328183690795,0.05094591330110739,0.5085798549435263,0.05283506929888355,0.47699379335011943,0.041861317941400245,0.5368465151147663,0.19180468428124223,0.48031319477228607,0.11899923564953915,0.49847805585094784,0.041690269291014166,0.2432194684136432,0.007905933217261242,0.15110225573758881,0.008677056420963175,0.5251010723487273,0.13755450340158606
fnirs_bikom_rest_native,fnirs,bikom,rest,qc,hist_gradient_boosting,20260707,fixed_0_5,0.5,1017,321,696,0.5035516704264691,0.3243428494284525,0.49082205392630784,0.48050999226667757,0.4485981308411215,0.5330459770114943,0.5063913470993117,0.24929386704345508,0.18225043418443798,0.4611602753195674,0.5047995611807631,0.045378776665363316,0.336699609296529,0.024685256559495005,0.489331875716013,0.051392525290403446,0.475231204407738,0.04953132903989462,0.4452225798416734,0.1344596090280484,0.5334411715903526,0.09169075843818168,0.506127418322582,0.04836713835620662,0.24932617688825176,0.002995185862471398,0.18398696385407143,0.01084741111893545,0.4603772636152092,0.09575506392321548
fnirs_bikom_rest_native,fnirs,bikom,rest,qc,hist_gradient_boosting,20260707,inner_cv,0.55,1017,321,696,0.5035516704264691,0.3243428494284525,0.5179933397787088,0.47599597143893413,0.09345794392523364,0.9425287356321839,0.6745329400196657,0.24929386704345508,0.18225043418443798,0.0688298918387414,0.5047995611807631,0.045378776665363316,0.336699609296529,0.024685256559495005,0.51843142823279,0.012112529535396415,0.47447979275823576,0.026355311279907104,0.09467891478498999,0.04519733540485297,0.94218394168059,0.040284942959791785,0.6745179344464336,0.019060726150104897,0.24932617688825176,0.002995185862471398,0.18398696385407143,0.01084741111893545,0.06933103037536274,0.040209764830765105
fnirs_bikom_rest_native,fnirs,bikom,rest,qc,logistic_regression,20260707,fixed_0_5,0.5,1017,321,696,0.4983841801840513,0.32604457919816565,0.48700854012246214,0.46774482412780294,0.4984423676012461,0.4755747126436782,0.48279252704031467,0.25085782281597285,0.18598854615524466,0.5162241887905604,0.501536802591962,0.01611672481525122,0.3408056842234533,0.027541983802409763,0.4876834589681424,0.020591784228511156,0.4649236717848284,0.024206333829530448,0.5004053484284922,0.09646320766407487,0.4749615695077928,0.08425840742171507,0.48251199156827573,0.03377288447038348,0.25086863506688084,0.002727364462709447,0.188347954806935,0.011696260700826666,0.5171418634246614,0.08622764091802552
fnirs_bikom_rest_native,fnirs,bikom,rest,qc,logistic_regression,20260707,inner_cv,0.6,1017,321,696,0.4983841801840513,0.32604457919816565,0.5032361155870663,0.4155256389994397,0.009345794392523364,0.9971264367816092,0.6853490658800393,0.25085782281597285,0.18598854615524466,0.004916420845624385,0.501536802591962,0.01611672481525122,0.3408056842234533,0.027541983802409763,0.5032996969279515,0.008582573097881683,0.4156000618234895,0.0164298827756833,0.009498553519768563,0.014492500000577288,0.9971008403361346,0.003970532657118457,0.6854518741742976,0.009602117740608419,0.25086863506688084,0.002727364462709447,0.188347954806935,0.011696260700826666,0.0049673866197500706,0.0035730741661088375
fnirs_bikom_rest_native,fnirs,bikom,rest,qc,random_forest,20260707,fixed_0_5,0.5,1017,321,696,0.4742140222723529,0.3010009925984245,0.4737552368675475,0.4734025234025234,0.26791277258566976,0.6795977011494253,0.5496558505408063,0.2444923096523568,0.14424348830080908,0.30383480825958703,0.47356427988855554,0.07370291129101514,0.3127002499916006,0.043466528261934034,0.47370069275309507,0.020720595538698525,0.47195615306501465,0.020138904886321512,0.26825118522321995,0.05925028901676279,0.6791502002829704,0.056080186210797515,0.5494254858600407,0.02564516871624591,0.2445904147954824,0.007336362721073585,0.15839990657068423,0.022764235423952728,0.3044238539916795,0.05378268622896394
fnirs_bikom_rest_native,fnirs,bikom,rest,qc,random_forest,20260707,inner_cv,0.4,1017,321,696,0.4742140222723529,0.3010009925984245,0.4903386507680739,0.38143336499757396,0.7694704049844237,0.21120689655172414,0.38741396263520156,0.2444923096523568,0.14424348830080908,0.7826941986234022,0.47356427988855554,0.07370291129101514,0.3127002499916006,0.043466528261934034,0.48917695170266323,0.052864580108140706,0.3706334079932615,0.07360894431997778,0.7679963987582117,0.1661944374882208,0.21035750464711475,0.12140480152980912,0.38660115196631717,0.05684300721428304,0.2445904147954824,0.007336362721073585,0.15839990657068423,0.022764235423952728,0.7833617173025192,0.12771013589290287
fnirs_bikom_vft_native,fnirs,bikom,vft,qc,hist_gradient_boosting,20260707,fixed_0_5,0.5,1022,323,699,0.47639042063629156,0.30936315590502467,0.48841777506123296,0.4804101741870342,0.43034055727554177,0.5464949928469242,0.5097847358121331,0.2507540945493592,0.18012225491296294,0.4461839530332681,0.4798968627300916,0.03802823350610082,0.31541895909434503,0.02718314531039853,0.4890918664680428,0.021577030227280365,0.47876989693806954,0.01722211893978891,0.4323186777863731,0.08037522035313384,0.5458650551497126,0.06057425128195489,0.5095621381186208,0.02380762870507477,0.2507503899858129,0.001005062754548715,0.18071225667270965,0.009873702607565716,0.447080491395639,0.06432499808965164
fnirs_bikom_vft_native,fnirs,bikom,vft,qc,hist_gradient_boosting,20260707,inner_cv,0.5,1022,323,699,0.47639042063629156,0.30936315590502467,0.48841777506123296,0.4804101741870342,0.43034055727554177,0.5464949928469242,0.5097847358121331,0.2507540945493592,0.18012225491296294,0.4461839530332681,0.4798968627300916,0.03802823350610082,0.31541895909434503,0.02718314531039853,0.4890918664680428,0.021577030227280365,0.47876989693806954,0.01722211893978891,0.4323186777863731,0.08037522035313384,0.5458650551497126,0.06057425128195489,0.5095621381186208,0.02380762870507477,0.2507503899858129,0.001005062754548715,0.18071225667270965,0.009873702607565716,0.447080491395639,0.06432499808965164
fnirs_bikom_vft_native,fnirs,bikom,vft,qc,logistic_regression,20260707,fixed_0_5,0.5,1022,323,699,0.518768519379742,0.34179090865681827,0.5145719005921772,0.488537081017555,0.5541795665634675,0.474964234620887,0.5,0.24890812086424055,0.1865344956574246,0.5342465753424658,0.5222281149963803,0.025510388223850714,0.34975586060172137,0.0206296528850535,0.5132470127158524,0.023304150269258785,0.4838269563732367,0.020322995314200076,0.5506183262788855,0.12604352955671352,0.47587569915281913,0.09934851402621044,0.5005079490471018,0.03249638524153593,0.24890991281633626,0.000871115804297812,0.18659288333281973,0.006766497559411346,0.5326378717559719,0.10669537168118039
fnirs_bikom_vft_native,fnirs,bikom,vft,qc,logistic_regression,20260707,inner_cv,0.6,1022,323,699,0.518768519379742,0.34179090865681827,0.5061919504643962,0.41933783232613603,0.01238390092879257,1.0,0.687866927592955,0.24890812086424055,0.1865344956574246,0.003913894324853229,0.5222281149963803,0.025510388223850714,0.34975586060172137,0.0206296528850535,0.5060881928528987,0.006350036466175739,0.4190303303742122,0.012397101066186262,0.01217638570579747,0.012700072932351496,1.0,0.0,0.6879320717793118,0.006534264853987618,0.24890991281633626,0.000871115804297812,0.18659288333281973,0.006766497559411346,0.0038800147221199855,0.004033494107575047
fnirs_bikom_vft_native,fnirs,bikom,vft,qc,random_forest,20260707,fixed_0_5,0.5,1022,323,699,0.5176169406095394,0.3260734289047954,0.5038910074985494,0.5026233824020172,0.2724458204334365,0.7353361945636624,0.589041095890411,0.23840131421192606,0.13653022490333155,0.2671232876712329,0.5205565231638465,0.051136716570672765,0.3376645161350339,0.03256449394292989,0.5040322703182372,0.026983067539739006,0.5025203888720411,0.02682406072055779,0.27308482153226604,0.03225811951185473,0.7349797191042082,0.042886044792063795,0.5887750029174932,0.03034443898743897,0.23841961514222124,0.008232930198040547,0.14301775053374138,0.02048102184528472,0.2675617117157554,0.030711804609576628
fnirs_bikom_vft_native,fnirs,bikom,vft,qc,random_forest,20260707,inner_cv,0.4,1022,323,699,0.5176169406095394,0.3260734289047954,0.512476913060232,0.4544213840396015,0.6687306501547987,0.3562231759656652,0.45499021526418787,0.23840131421192606,0.13653022490333155,0.6516634050880626,0.5205565231638465,0.051136716570672765,0.3376645161350339,0.03256449394292989,0.5121805860066324,0.04410002044928392,0.45264033836771367,0.03338092660981857,0.6675156366188189,0.10753202333404635,0.3568455353944458,0.05735116565449952,0.4552124518613607,0.033975483948267264,0.23841961514222124,0.008232930198040547,0.14301775053374138,0.02048102184528472,0.6508564458647899,0.06518162937880341
fnirs_yiruid_1back_native,fnirs,yiruid,1back,qc,hist_gradient_boosting,20260707,fixed_0_5,0.5,1422,553,869,0.5103692173873234,0.3999332963909088,0.5104389281604471,0.5066085693536674,0.484629294755877,0.5362485615650172,0.5161744022503516,0.25063604044911375,0.11269397569389189,0.47187060478199716,0.5066548796628514,0.0331987302087877,0.4082322712318998,0.031005526567317192,0.5103676903511503,0.007830968022573381,0.49490686935813544,0.025003223791338944,0.48313518940863265,0.1684874320752081,0.537600191293668,0.17542814347268817,0.5165184467729154,0.04117454197654016,0.25064152370687987,0.0025504864564205487,0.11269976573856821,0.0036733997150162076,0.470470254830028,0.1725903837267085
fnirs_yiruid_1back_native,fnirs,yiruid,1back,qc,hist_gradient_boosting,20260707,inner_cv,0.5,1422,553,869,0.5103692173873234,0.3999332963909088,0.5104389281604471,0.5066085693536674,0.484629294755877,0.5362485615650172,0.5161744022503516,0.25063604044911375,0.11269397569389189,0.47187060478199716,0.5066548796628514,0.0331987302087877,0.4082322712318998,0.031005526567317192,0.5103676903511503,0.007830968022573381,0.49490686935813544,0.025003223791338944,0.48313518940863265,0.1684874320752081,0.537600191293668,0.17542814347268817,0.5165184467729154,0.04117454197654016,0.25064152370687987,0.0025504864564205487,0.11269976573856821,0.0036733997150162076,0.470470254830028,0.1725903837267085
fnirs_yiruid_1back_native,fnirs,yiruid,1back,qc,logistic_regression,20260707,fixed_0_5,0.5,1422,553,869,0.5242000428669232,0.4195121930490416,0.5228505671543646,0.5227630995391204,0.4231464737793852,0.622554660529344,0.5450070323488045,0.24947591208244868,0.11143679379685478,0.3952180028129395,0.5288997205286082,0.027580427656910947,0.43006278464763714,0.025530659095594925,0.5232146813054005,0.03266162536879626,0.5221054362328568,0.032786269210356156,0.4237234431949054,0.07027323824552396,0.6227059194158955,0.038700604861872094,0.5452935629095521,0.028671812473023663,0.24947308426392442,0.001667343944498105,0.1142795477703675,0.009001987027466922,0.39522391901820364,0.04268303315870673
fnirs_yiruid_1back_native,fnirs,yiruid,1back,qc,logistic_regression,20260707,inner_cv,0.5,1422,553,869,0.5242000428669232,0.4195121930490416,0.5228505671543646,0.5227630995391204,0.4231464737793852,0.622554660529344,0.5450070323488045,0.24947591208244868,0.11143679379685478,0.3952180028129395,0.5288997205286082,0.027580427656910947,0.43006278464763714,0.025530659095594925,0.5232146813054005,0.03266162536879626,0.5221054362328568,0.032786269210356156,0.4237234431949054,0.07027323824552396,0.6227059194158955,0.038700604861872094,0.5452935629095521,0.028671812473023663,0.24947308426392442,0.001667343944498105,0.1142795477703675,0.009001987027466922,0.39522391901820364,0.04268303315870673
fnirs_yiruid_1back_native,fnirs,yiruid,1back,qc,random_forest,20260707,fixed_0_5,0.5,1422,553,869,0.5317808293292992,0.4177597938787543,0.5134801906953805,0.5128986088355802,0.36528028933092227,0.6616800920598389,0.5464135021097046,0.24723228523418966,0.09141867730983787,0.3488045007032349,0.5337542379887669,0.03040018337862942,0.4273302627154843,0.039734769298443016,0.5135181195060454,0.020293932383869912,0.5126440581149369,0.01991977675058112,0.36558900689939094,0.023830754244355996,0.6614472321127,0.04563009334982125,0.546370678061501,0.025498342251159607,0.2472608025693011,0.00532760171808834,0.09604709929748549,0.012552736634789174,0.348979312167803,0.03311414521314051
fnirs_yiruid_1back_native,fnirs,yiruid,1back,qc,random_forest,20260707,inner_cv,0.5,1422,553,869,0.5317808293292992,0.4177597938787543,0.5134801906953805,0.5128986088355802,0.36528028933092227,0.6616800920598389,0.5464135021097046,0.24723228523418966,0.09141867730983787,0.3488045007032349,0.5337542379887669,0.03040018337862942,0.4273302627154843,0.039734769298443016,0.5135181195060454,0.020293932383869912,0.5126440581149369,0.01991977675058112,0.36558900689939094,0.023830754244355996,0.6614472321127,0.04563009334982125,0.546370678061501,0.025498342251159607,0.2472608025693011,0.00532760171808834,0.09604709929748549,0.012552736634789174,0.348979312167803,0.03311414521314051
fnirs_yiruid_rest_native,fnirs,yiruid,rest,qc,hist_gradient_boosting,20260707,fixed_0_5,0.5,1514,585,929,0.4992032605595577,0.3922517722287999,0.5034896451473416,0.503490409434515,0.38803418803418804,0.6189451022604952,0.5297225891677675,0.24979148617853827,0.11080098738701769,0.38375165125495375,0.5041171515337859,0.03730861460226931,0.39933380806671426,0.023391720914283442,0.5040891393095756,0.026744340623835447,0.5017560821585049,0.02530146313289406,0.389180361972124,0.08071429342233155,0.6189979166470272,0.0631976026774622,0.5296394330716429,0.02515293305705893,0.2497899576845028,0.0011547289228419125,0.11144012093238323,0.006672599728889714,0.3840411634563637,0.06531245250257042
fnirs_yiruid_rest_native,fnirs,yiruid,rest,qc,hist_gradient_boosting,20260707,inner_cv,0.55,1514,585,929,0.4992032605595577,0.3922517722287999,0.5008528608098037,0.40471821756225423,0.03076923076923077,0.9709364908503767,0.607661822985469,0.24979148617853827,0.11080098738701769,0.029722589167767502,0.5041171515337859,0.03730861460226931,0.39933380806671426,0.023391720914283442,0.5007266041918742,0.005684226692631827,0.40398254970339165,0.014925197846066683,0.030568898891137296,0.02011816677087671,0.9708843094926107,0.016465102630830876,0.6076971735265733,0.008172037442486069,0.2497899576845028,0.0011547289228419125,0.11144012093238323,0.006672599728889714,0.029699439974237758,0.017135352711003166
fnirs_yiruid_rest_native,fnirs,yiruid,rest,qc,logistic_regression,20260707,fixed_0_5,0.5,1514,585,929,0.471568546272529,0.3700144139787046,0.4959868620794347,0.49598095945873144,0.37948717948717947,0.61248654467169,0.5224570673712021,0.2517858164794493,0.11231898166476882,0.3844121532364597,0.4768198998299168,0.03385442755271958,0.3815146069603424,0.024704905246779166,0.4956433468565793,0.028222763188993825,0.4945077288785066,0.029250040991398187,0.3787523560968537,0.06639887695253952,0.6125343376163049,0.0504754539095069,0.522474994456844,0.02766076766715035,0.25177843677089734,0.0022344829252614307,0.11322700330307722,0.00680730114131544,0.38400316067470713,0.050087039986873166
fnirs_yiruid_rest_native,fnirs,yiruid,rest,qc,logistic_regression,20260707,inner_cv,0.55,1514,585,929,0.471568546272529,0.3700144139787046,0.49721233198090037,0.39900369191985796,0.02564102564102564,0.9687836383207751,0.6043593130779392,0.2517858164794493,0.11231898166476882,0.02906208718626156,0.4768198998299168,0.03385442755271958,0.3815146069603424,0.024704905246779166,0.49709950246983964,0.008902550798833297,0.39838286336130346,0.012010721058505943,0.025455112808971763,0.016507904336236147,0.9687438921307077,0.022436626623786184,0.6043088300872105,0.008696422780363934,0.25177843677089734,0.0022344829252614307,0.11322700330307722,0.00680730114131544,0.02908056817671793,0.018392187125543462
fnirs_yiruid_rest_native,fnirs,yiruid,rest,qc,random_forest,20260707,fixed_0_5,0.5,1514,585,929,0.500490371965076,0.3907061811843552,0.4980789931274323,0.4969096829932877,0.3384615384615385,0.6576964477933261,0.5343461030383091,0.25026175153754954,0.09926995187770306,0.34081902245706736,0.5015170275793789,0.015175059553168764,0.39673513952712003,0.023695740934802166,0.4982039933744621,0.01591476384845943,0.4959684098237709,0.01705852941917465,0.3383574143767612,0.05231413442711963,0.6580505723721629,0.0421034376279519,0.5344064431059797,0.015362185902532648,0.2502433463721839,0.002358902480887096,0.10137798142072967,0.011470464246984204,0.34054599738715446,0.04349667667533169
fnirs_yiruid_rest_native,fnirs,yiruid,rest,qc,random_forest,20260707,inner_cv,0.4,1514,585,929,0.500490371965076,0.3907061811843552,0.49852336397008085,0.3991899066750595,0.8205128205128205,0.17653390742734124,0.42536327608982827,0.25026175153754954,0.09926995187770306,0.8223249669749009,0.5015170275793789,0.015175059553168764,0.39673513952712003,0.023695740934802166,0.4989261914518231,0.012934028772284471,0.3921152922863753,0.05573772452897144,0.8214654134437783,0.10084226567656582,0.17638696945986795,0.10075065921870503,0.42537747250240965,0.025644271795332733,0.2502433463721839,0.002358902480887096,0.10137798142072967,0.011470464246984204,0.8226744033945016,0.10004140328625809
fnirs_yiruid_vft_native,fnirs,yiruid,vft,qc,hist_gradient_boosting,20260707,fixed_0_5,0.5,1480,568,912,0.5381773922041018,0.42785673482699643,0.5351572152211514,0.5331097992916175,0.477112676056338,0.5932017543859649,0.5486486486486486,0.24873632018179437,0.11503659036647268,0.4337837837837838,0.5357268530120394,0.010116213077693498,0.42604322950342643,0.010125777184402444,0.5353754963597337,0.02247005700338389,0.5315251980573006,0.019269171456543242,0.4773409353247753,0.08155606180922192,0.5934100573946919,0.04920430198305888,0.548582851823572,0.015743216823224337,0.2487340816020367,0.0004691977547127003,0.11502089516688799,0.007371533910442478,0.43358042998065366,0.05961948706503458
fnirs_yiruid_vft_native,fnirs,yiruid,vft,qc,hist_gradient_boosting,20260707,inner_cv,0.5,1480,568,912,0.5381773922041018,0.42785673482699643,0.5351572152211514,0.5331097992916175,0.477112676056338,0.5932017543859649,0.5486486486486486,0.24873632018179437,0.11503659036647268,0.4337837837837838,0.5357268530120394,0.010116213077693498,0.42604322950342643,0.010125777184402444,0.5353754963597337,0.02247005700338389,0.5315251980573006,0.019269171456543242,0.4773409353247753,0.08155606180922192,0.5934100573946919,0.04920430198305888,0.548582851823572,0.015743216823224337,0.2487340816020367,0.0004691977547127003,0.11502089516688799,0.007371533910442478,0.43358042998065366,0.05961948706503458
fnirs_yiruid_vft_native,fnirs,yiruid,vft,qc,logistic_regression,20260707,fixed_0_5,0.5,1480,568,912,0.5384273844823326,0.42793510566679926,0.5355896342970101,0.533786391602782,0.4735915492957746,0.5975877192982456,0.55,0.24895275817532242,0.1182387771553935,0.4297297297297297,0.5422111602442782,0.029820008480020106,0.4385706142671588,0.019937381627267034,0.5357061255694575,0.01804804813836751,0.5329670112255546,0.0191807609227314,0.47362971772359996,0.049369243728311696,0.5977825334153151,0.055977107894530885,0.5500826152180756,0.024054394677547934,0.24893798770218295,0.003057713711248623,0.11952999522570931,0.011249198251637216,0.4294271217816096,0.05070901860008238
fnirs_yiruid_vft_native,fnirs,yiruid,vft,qc,logistic_regression,20260707,inner_cv,0.5,1480,568,912,0.5384273844823326,0.42793510566679926,0.5355896342970101,0.533786391602782,0.4735915492957746,0.5975877192982456,0.55,0.24895275817532242,0.1182387771553935,0.4297297297297297,0.5422111602442782,0.029820008480020106,0.4385706142671588,0.019937381627267034,0.5357061255694575,0.01804804813836751,0.5329670112255546,0.0191807609227314,0.47362971772359996,0.049369243728311696,0.5977825334153151,0.055977107894530885,0.5500826152180756,0.024054394677547934,0.24893798770218295,0.003057713711248623,0.11952999522570931,0.011249198251637216,0.4294271217816096,0.05070901860008238
fnirs_yiruid_vft_native,fnirs,yiruid,vft,qc,random_forest,20260707,fixed_0_5,0.5,1480,568,912,0.5521798554484804,0.4344641862467386,0.53274030145787,0.5328636719440446,0.4119718309859155,0.6535087719298246,0.5608108108108109,0.24516940647506935,0.09647920360517398,0.3716216216216216,0.5546764660630938,0.024323052265974896,0.446527954019259,0.02262788672938227,0.5327008217918383,0.023276821402697156,0.532412996650223,0.02365020101219572,0.41149952779040894,0.04270299835988699,0.6539021157932676,0.03815995110039528,0.560887512857909,0.021829841606048866,0.2451662068674399,0.0035852222593087866,0.0976865272006043,0.008025251916275778,0.3714593463821815,0.032715755661278455
fnirs_yiruid_vft_native,fnirs,yiruid,vft,qc,random_forest,20260707,inner_cv,0.45,1480,568,912,0.5521798554484804,0.4344641862467386,0.5369795527551273,0.5126240100774674,0.6408450704225352,0.4331140350877193,0.5128378378378379,0.24516940647506935,0.09647920360517398,0.5952702702702702,0.5546764660630938,0.024323052265974896,0.446527954019259,0.02262788672938227,0.5365683320518165,0.027414288921133526,0.5118972645513551,0.023012052191160624,0.6401567036272693,0.06215705789945589,0.43297996047636406,0.028479228591666374,0.5128014743379585,0.022183644259249544,0.2451662068674399,0.0035852222593087866,0.0976865272006043,0.008025251916275778,0.595225767682555,0.03576567571367059
shortcut_a_prefix_group_cv,shortcut,,a_prefix_group,group_device,hist_gradient_boosting,20260707,fixed_0_5,0.5,3597,1098,2499,0.6458005788836482,0.4110960226827424,0.6299082474519863,0.5847038681803207,0.7204007285974499,0.5394157663065227,0.5946622185154296,0.23711040101639055,0.19050189160628006,0.5398943564081179,0.6481055226781287,0.009137530504878897,0.4050949540893695,0.01765524881638094,0.6298827988985152,0.00739077242556287,0.5846202966827007,0.009444325718227904,0.7203257278176388,0.01852122121179423,0.5394398699793916,0.018348752882441328,0.5946654303817029,0.010266842128608684,0.23711018861083089,0.0013051040338357097,0.19055467774014456,0.0034117924269058504,0.5398941430999846,0.0170482564296338
shortcut_a_prefix_group_cv,shortcut,,a_prefix_group,group_device,hist_gradient_boosting,20260707,inner_cv,0.5,3597,1098,2499,0.6458005788836482,0.4110960226827424,0.6299082474519863,0.5847038681803207,0.7204007285974499,0.5394157663065227,0.5946622185154296,0.23711040101639055,0.19050189160628006,0.5398943564081179,0.6481055226781287,0.009137530504878897,0.4050949540893695,0.01765524881638094,0.6298827988985152,0.00739077242556287,0.5846202966827007,0.009444325718227904,0.7203257278176388,0.01852122121179423,0.5394398699793916,0.018348752882441328,0.5946654303817029,0.010266842128608684,0.23711018861083089,0.0013051040338357097,0.19055467774014456,0.0034117924269058504,0.5398941430999846,0.0170482564296338
shortcut_a_prefix_group_cv,shortcut,,a_prefix_group,group_device,logistic_regression,20260707,fixed_0_5,0.5,3597,1098,2499,0.6778184862287355,0.46711021421066223,0.6321561411449825,0.6026940577262814,0.6584699453551912,0.605842336934774,0.6219071448429246,0.22437204885858322,0.1726287700692515,0.4748401445649152,0.6802946566426211,0.015804053114355083,0.4660515693080642,0.03033925903191456,0.6319743652748435,0.018131664451786426,0.601551368902733,0.009484820002222383,0.6581613549306227,0.07787758964647322,0.6057873756190646,0.04602373265118996,0.6219061968783804,0.011626810167412474,0.22437063092253334,0.003958541238168409,0.17335273616805472,0.006984103263248978,0.4748570545510741,0.055508463554999256
shortcut_a_prefix_group_cv,shortcut,,a_prefix_group,group_device,logistic_regression,20260707,inner_cv,0.5,3597,1098,2499,0.6778184862287355,0.46711021421066223,0.6321561411449825,0.6026940577262814,0.6584699453551912,0.605842336934774,0.6219071448429246,0.22437204885858322,0.1726287700692515,0.4748401445649152,0.6802946566426211,0.015804053114355083,0.4660515693080642,0.03033925903191456,0.6319743652748435,0.018131664451786426,0.601551368902733,0.009484820002222383,0.6581613549306227,0.07787758964647322,0.6057873756190646,0.04602373265118996,0.6219061968783804,0.011626810167412474,0.22437063092253334,0.003958541238168409,0.17335273616805472,0.006984103263248978,0.4748570545510741,0.055508463554999256
shortcut_a_prefix_group_cv,shortcut,,a_prefix_group,group_device,random_forest,20260707,fixed_0_5,0.5,3597,1098,2499,0.6730522810216982,0.45554928417695156,0.6346265282069112,0.6008301617650911,0.6794171220400729,0.5898359343737495,0.6171809841534612,0.2258659447993159,0.17399518419202967,0.4923547400611621,0.6765321810538618,0.013075205650738482,0.45684211619398035,0.019354489909881117,0.6345384120761898,0.014774676616758822,0.6005526355551837,0.013334516889662218,0.6792806086993914,0.038422269283559296,0.5897962154529879,0.026849166963729403,0.6171770205532374,0.014228246926511147,0.22586539996144617,0.0030768300845953915,0.17481046868466826,0.007704319110215325,0.49236400865399477,0.02798972646891844
shortcut_a_prefix_group_cv,shortcut,,a_prefix_group,group_device,random_forest,20260707,inner_cv,0.5,3597,1098,2499,0.6730522810216982,0.45554928417695156,0.6346265282069112,0.6008301617650911,0.6794171220400729,0.5898359343737495,0.6171809841534612,0.2258659447993159,0.17399518419202967,0.4923547400611621,0.6765321810538618,0.013075205650738482,0.45684211619398035,0.019354489909881117,0.6345384120761898,0.014774676616758822,0.6005526355551837,0.013334516889662218,0.6792806086993914,0.038422269283559296,0.5897962154529879,0.026849166963729403,0.6171770205532374,0.014228246926511147,0.22586539996144617,0.0030768300845953915,0.17481046868466826,0.007704319110215325,0.49236400865399477,0.02798972646891844
