cv_protocol,cohort_name,modality,device,task,model,comparison,auroc_diff,auroc_diff_ci_low,auroc_diff_ci_high,significant_positive,significant_negative
group_cv,eeg_1back_native,eeg,,1back,hist_gradient_boosting,signal_vs_demographics,-0.0666932723890024,-0.1149851801213573,-0.0162088135847584,0,1
group_cv,eeg_1back_native,eeg,,1back,hist_gradient_boosting,signal_demographics_vs_demographics,-0.0260812642120494,-0.064666027221604,0.0111566160463006,0,0
group_cv,eeg_1back_native,eeg,,1back,hist_gradient_boosting,signal_qc_demographics_vs_qc_demographics,-0.0384658451432116,-0.0752315811528179,-0.001354591349982,0,1
group_cv,eeg_1back_native,eeg,,1back,hist_gradient_boosting,signal_qc_demographics_vs_demographics,-0.033887842524749,-0.0722068252723886,0.0037037073470398,0,0
group_cv,eeg_1back_native,eeg,,1back,logistic_regression,signal_vs_demographics,-0.0763833061533866,-0.1228089447963551,-0.0317673083963165,0,1
group_cv,eeg_1back_native,eeg,,1back,logistic_regression,signal_demographics_vs_demographics,-0.0355329949238577,-0.0683345010838111,-0.0043228663121733,0,1
group_cv,eeg_1back_native,eeg,,1back,logistic_regression,signal_qc_demographics_vs_qc_demographics,-0.0256663872108779,-0.0589301667433143,0.008522140354684,0,0
group_cv,eeg_1back_native,eeg,,1back,logistic_regression,signal_qc_demographics_vs_demographics,-0.0413584996669498,-0.0764878310620268,-0.0088159977434484,0,1
group_cv,eeg_1back_native,eeg,,1back,random_forest,signal_vs_demographics,-0.0941699014631231,-0.1426716921148247,-0.0421233666226925,0,1
group_cv,eeg_1back_native,eeg,,1back,random_forest,signal_demographics_vs_demographics,-0.0702735604198726,-0.1144673454478261,-0.0274747217045502,0,1
group_cv,eeg_1back_native,eeg,,1back,random_forest,signal_qc_demographics_vs_qc_demographics,-0.0553753129522015,-0.0943437559391633,-0.0138473338573812,0,1
group_cv,eeg_1back_native,eeg,,1back,random_forest,signal_qc_demographics_vs_demographics,-0.0598485196499527,-0.1030834935945649,-0.0198308926637428,0,1
group_cv,eeg_oddball_native,eeg,,oddball,hist_gradient_boosting,signal_vs_demographics,-0.0721575667253759,-0.1106336050726251,-0.035766363083421,0,1
group_cv,eeg_oddball_native,eeg,,oddball,hist_gradient_boosting,signal_demographics_vs_demographics,-0.0516156347378404,-0.0824493916063082,-0.0220178895255647,0,1
group_cv,eeg_oddball_native,eeg,,oddball,hist_gradient_boosting,signal_qc_demographics_vs_qc_demographics,-0.0170891478119494,-0.0475499679648947,0.0125459300909805,0,0
group_cv,eeg_oddball_native,eeg,,oddball,hist_gradient_boosting,signal_qc_demographics_vs_demographics,-0.0440191031025606,-0.0723874507994424,-0.0140802212714262,0,1
group_cv,eeg_oddball_native,eeg,,oddball,logistic_regression,signal_vs_demographics,-0.0701320959219616,-0.1062523594183612,-0.0328454679729683,0,1
group_cv,eeg_oddball_native,eeg,,oddball,logistic_regression,signal_demographics_vs_demographics,-0.0391877794336809,-0.0652457070244423,-0.0129507323314558,0,1
group_cv,eeg_oddball_native,eeg,,oddball,logistic_regression,signal_qc_demographics_vs_qc_demographics,-0.0339750711285734,-0.0601870086527679,-0.007516931062593,0,1
group_cv,eeg_oddball_native,eeg,,oddball,logistic_regression,signal_qc_demographics_vs_demographics,-0.0421047283565911,-0.0695527496587953,-0.0147859109592392,0,1
group_cv,eeg_oddball_native,eeg,,oddball,random_forest,signal_vs_demographics,-0.0970322449532582,-0.1338151845913846,-0.0575426121831412,0,1
group_cv,eeg_oddball_native,eeg,,oddball,random_forest,signal_demographics_vs_demographics,-0.0485198482590433,-0.0820781792142984,-0.018229941422594,0,1
group_cv,eeg_oddball_native,eeg,,oddball,random_forest,signal_qc_demographics_vs_qc_demographics,-0.0456916406990922,-0.0784709370640159,-0.0141371577492107,0,1
group_cv,eeg_oddball_native,eeg,,oddball,random_forest,signal_qc_demographics_vs_demographics,-0.0601402249017747,-0.0911345006147037,-0.0274731431027135,0,1
group_cv,eeg_rest_native,eeg,,rest,hist_gradient_boosting,signal_vs_demographics,-0.0443633765042169,-0.1003762033845282,0.0062510990363414,0,0
group_cv,eeg_rest_native,eeg,,rest,hist_gradient_boosting,signal_demographics_vs_demographics,0.0009704626460104,-0.04544114619891,0.0472667282197994,0,0
group_cv,eeg_rest_native,eeg,,rest,hist_gradient_boosting,signal_qc_demographics_vs_qc_demographics,-0.0056573561068566,-0.0487926730069713,0.036159432467891,0,0
group_cv,eeg_rest_native,eeg,,rest,hist_gradient_boosting,signal_qc_demographics_vs_demographics,-0.0072123019373963,-0.0496149796077684,0.038040413722973,0,0
group_cv,eeg_rest_native,eeg,,rest,logistic_regression,signal_vs_demographics,-0.1235641564032888,-0.1756668574511193,-0.071072790781153,0,1
group_cv,eeg_rest_native,eeg,,rest,logistic_regression,signal_demographics_vs_demographics,-0.0454816141440518,-0.0813692873495225,-0.0143986833654463,0,1
group_cv,eeg_rest_native,eeg,,rest,logistic_regression,signal_qc_demographics_vs_qc_demographics,-0.0303181353001377,-0.0632748297229865,0.0027722589227954,0,0
group_cv,eeg_rest_native,eeg,,rest,logistic_regression,signal_qc_demographics_vs_demographics,-0.0459800790485936,-0.0782131808359267,-0.013703966137534,0,1
group_cv,eeg_rest_native,eeg,,rest,random_forest,signal_vs_demographics,-0.0599040124219218,-0.1111260465845724,-0.003644812499885,0,1
group_cv,eeg_rest_native,eeg,,rest,random_forest,signal_demographics_vs_demographics,-0.0307460211031512,-0.0714609650078562,0.0125988855754382,0,0
group_cv,eeg_rest_native,eeg,,rest,random_forest,signal_qc_demographics_vs_qc_demographics,-0.0645666443166177,-0.1103492276946683,-0.0220738827426656,0,1
group_cv,eeg_rest_native,eeg,,rest,random_forest,signal_qc_demographics_vs_demographics,-0.0451441578148709,-0.0889527287637785,-0.0003292657446328,0,1
group_cv,face_segment_raw,face,,task,hist_gradient_boosting,face_vs_demographics,-0.0508218593233001,-0.0717871019883501,-0.0298980847856551,0,1
group_cv,face_segment_raw,face,,task,hist_gradient_boosting,face_demographics_vs_demographics,-0.0154147885415896,-0.0298208587827527,-0.0018919608259498,0,1
group_cv,face_segment_raw,face,,task,hist_gradient_boosting,face_vs_background,0.0511094279826268,0.0278053114729783,0.0767637794894941,1,0
group_cv,face_segment_raw,face,,task,hist_gradient_boosting,face_demographics_vs_background_demographics,0.0002186014433853,-0.01279658856317,0.0123840108930715,0,0
group_cv,face_segment_raw,face,,task,logistic_regression,face_vs_demographics,-0.0333979900982783,-0.0539427608226462,-0.013818921309095,0,1
group_cv,face_segment_raw,face,,task,logistic_regression,face_demographics_vs_demographics,0.0023902477072504,-0.0063788009955109,0.0123118075518579,0,0
group_cv,face_segment_raw,face,,task,logistic_regression,face_vs_background,0.0581845201441743,0.035822422436601,0.0810271640876574,1,0
group_cv,face_segment_raw,face,,task,logistic_regression,face_demographics_vs_background_demographics,0.0052386347775396,-0.0051532324945391,0.0164481871250102,0,0
group_cv,face_segment_raw,face,,task,random_forest,face_vs_demographics,-0.0704695107432857,-0.0936939946999602,-0.0476171047677907,0,1
group_cv,face_segment_raw,face,,task,random_forest,face_demographics_vs_demographics,-0.0170158131973693,-0.0295574356808793,-0.0042038598921596,0,1
group_cv,face_segment_raw,face,,task,random_forest,face_vs_background,0.0427149272970599,0.0158902243584764,0.0685729537713118,1,0
group_cv,face_segment_raw,face,,task,random_forest,face_demographics_vs_background_demographics,0.0056130282355065,-0.0066831667332022,0.0183193659526199,0,0
group_cv,face_valence_contrast,face,,task,hist_gradient_boosting,face_vs_demographics,-0.1129124691084344,-0.1415185917568401,-0.0865548479837033,0,1
group_cv,face_valence_contrast,face,,task,hist_gradient_boosting,face_demographics_vs_demographics,-0.0173561335665082,-0.0292436158150243,-0.0049824740485508,0,1
group_cv,face_valence_contrast,face,,task,hist_gradient_boosting,face_vs_background,0.0352705731668268,0.0072932928348002,0.0661713986177801,1,0
group_cv,face_valence_contrast,face,,task,hist_gradient_boosting,face_demographics_vs_background_demographics,-0.0015644884520965,-0.0148197369846743,0.0117321755282455,0,0
group_cv,face_valence_contrast,face,,task,logistic_regression,face_vs_demographics,-0.1073058039196368,-0.1319095289578732,-0.0801101650544381,0,1
group_cv,face_valence_contrast,face,,task,logistic_regression,face_demographics_vs_demographics,0.005704779263857,-0.0034684732662853,0.0145564180829917,0,0
group_cv,face_valence_contrast,face,,task,logistic_regression,face_vs_background,0.0471600285721321,0.0173449761849265,0.0786051812575999,1,0
group_cv,face_valence_contrast,face,,task,logistic_regression,face_demographics_vs_background_demographics,0.0133767662586105,0.0019587997091017,0.024454782175262,1,0
group_cv,face_valence_contrast,face,,task,random_forest,face_vs_demographics,-0.092498378449387,-0.1175850355818973,-0.0674188710762357,0,1
group_cv,face_valence_contrast,face,,task,random_forest,face_demographics_vs_demographics,-0.0076321666379302,-0.0201631993439287,0.0043107626494541,0,0
group_cv,face_valence_contrast,face,,task,random_forest,face_vs_background,0.1153057957092539,0.0858178649323905,0.1449960209259376,1,0
group_cv,face_valence_contrast,face,,task,random_forest,face_demographics_vs_background_demographics,0.013016330451489,0.0003896860884972,0.0245349325786284,1,0
group_cv,fnirs_yiruid_1back_native,fnirs,yiruid,1back,hist_gradient_boosting,signal_vs_demographics,-0.0466546112115732,-0.0874601925748192,-0.0048986781825534,0,1
group_cv,fnirs_yiruid_1back_native,fnirs,yiruid,1back,hist_gradient_boosting,signal_demographics_vs_demographics,-0.0231464737793851,-0.0582858250658657,0.0099344799532174,0,0
group_cv,fnirs_yiruid_1back_native,fnirs,yiruid,1back,hist_gradient_boosting,signal_qc_demographics_vs_qc_demographics,-0.0330298684292572,-0.0646389513842594,-0.0001938893589368,0,1
group_cv,fnirs_yiruid_1back_native,fnirs,yiruid,1back,hist_gradient_boosting,signal_qc_demographics_vs_demographics,-0.026939785080335,-0.0596668955976647,0.0048644996311298,0,0
group_cv,fnirs_yiruid_1back_native,fnirs,yiruid,1back,logistic_regression,signal_vs_demographics,-0.0465839413024049,-0.0877682496464089,-0.0035284034191835,0,1
group_cv,fnirs_yiruid_1back_native,fnirs,yiruid,1back,logistic_regression,signal_demographics_vs_demographics,-0.0062501299079212,-0.0332613249636249,0.0220858853582933,0,0
group_cv,fnirs_yiruid_1back_native,fnirs,yiruid,1back,logistic_regression,signal_qc_demographics_vs_qc_demographics,-0.0041279541061296,-0.0323827919359434,0.0224105923779802,0,0
group_cv,fnirs_yiruid_1back_native,fnirs,yiruid,1back,logistic_regression,signal_qc_demographics_vs_demographics,-0.0071729957805908,-0.0355777623072534,0.020937984514162,0,0
group_cv,fnirs_yiruid_1back_native,fnirs,yiruid,1back,random_forest,signal_vs_demographics,-0.0838581613352456,-0.1231152410460013,-0.0408201600600966,0,1
group_cv,fnirs_yiruid_1back_native,fnirs,yiruid,1back,random_forest,signal_demographics_vs_demographics,-0.0518779489098127,-0.0862507426435191,-0.0155556014884201,0,1
group_cv,fnirs_yiruid_1back_native,fnirs,yiruid,1back,random_forest,signal_qc_demographics_vs_qc_demographics,-0.0044490864874976,-0.0349489306875301,0.0276128805338504,0,0
group_cv,fnirs_yiruid_1back_native,fnirs,yiruid,1back,random_forest,signal_qc_demographics_vs_demographics,-0.0090873189083577,-0.0414435547714788,0.0239760637029797,0,0
group_cv,fnirs_yiruid_doors_native,fnirs,yiruid,doors,hist_gradient_boosting,signal_vs_demographics,0.0079497803514377,-0.0503283196898284,0.0642917319467642,0,0
group_cv,fnirs_yiruid_doors_native,fnirs,yiruid,doors,hist_gradient_boosting,signal_demographics_vs_demographics,0.0089169828274759,-0.0454775254454398,0.061946091020849,0,0
group_cv,fnirs_yiruid_doors_native,fnirs,yiruid,doors,hist_gradient_boosting,signal_qc_demographics_vs_qc_demographics,0.0467127595846644,-0.0051585434825171,0.0956189473088515,0,0
group_cv,fnirs_yiruid_doors_native,fnirs,yiruid,doors,hist_gradient_boosting,signal_qc_demographics_vs_demographics,0.0170040435303514,-0.0327650731491434,0.0762004716048246,0,0
group_cv,fnirs_yiruid_doors_native,fnirs,yiruid,doors,logistic_regression,signal_vs_demographics,-0.0565657448083067,-0.1119290712681932,0.0010916401721975,0,0
group_cv,fnirs_yiruid_doors_native,fnirs,yiruid,doors,logistic_regression,signal_demographics_vs_demographics,-0.0363356130191693,-0.0764112616876714,0.0063289815761072,0,0
group_cv,fnirs_yiruid_doors_native,fnirs,yiruid,doors,logistic_regression,signal_qc_demographics_vs_qc_demographics,-0.0336336861022362,-0.0740678844722371,0.003426691724934,0,0
group_cv,fnirs_yiruid_doors_native,fnirs,yiruid,doors,logistic_regression,signal_qc_demographics_vs_demographics,-0.029808556309904,-0.0716540640456471,0.0078422417655422,0,0
group_cv,fnirs_yiruid_doors_native,fnirs,yiruid,doors,random_forest,signal_vs_demographics,-0.0195686900958466,-0.0740228652065929,0.033054079417448,0,0
group_cv,fnirs_yiruid_doors_native,fnirs,yiruid,doors,random_forest,signal_demographics_vs_demographics,-0.0670240115814695,-0.117796374832858,-0.0167590476190476,0,1
group_cv,fnirs_yiruid_doors_native,fnirs,yiruid,doors,random_forest,signal_qc_demographics_vs_qc_demographics,-0.0017160043929712,-0.0464019732133933,0.0476522179345444,0,0
group_cv,fnirs_yiruid_doors_native,fnirs,yiruid,doors,random_forest,signal_qc_demographics_vs_demographics,-0.0199742911341853,-0.067492747078879,0.0307231404367312,0,0
group_cv,fnirs_yiruid_oddball_native,fnirs,yiruid,oddball,hist_gradient_boosting,signal_vs_demographics,-0.0706866835994194,-0.1411112866283252,0.0049782915511411,0,0
group_cv,fnirs_yiruid_oddball_native,fnirs,yiruid,oddball,hist_gradient_boosting,signal_demographics_vs_demographics,-0.0654103168843734,-0.1359385936047618,0.0059951005623926,0,0
group_cv,fnirs_yiruid_oddball_native,fnirs,yiruid,oddball,hist_gradient_boosting,signal_qc_demographics_vs_qc_demographics,-0.027175556361877,-0.0939484245884244,0.0424545372593178,0,0
group_cv,fnirs_yiruid_oddball_native,fnirs,yiruid,oddball,hist_gradient_boosting,signal_qc_demographics_vs_demographics,-0.0640496492501209,-0.1292866492971048,0.0011223836071987,0,0
group_cv,fnirs_yiruid_oddball_native,fnirs,yiruid,oddball,logistic_regression,signal_vs_demographics,-0.0278483309143687,-0.1011259844286099,0.0499802822184035,0,0
group_cv,fnirs_yiruid_oddball_native,fnirs,yiruid,oddball,logistic_regression,signal_demographics_vs_demographics,-0.0114296081277214,-0.0792898618304229,0.0515336990297789,0,0
group_cv,fnirs_yiruid_oddball_native,fnirs,yiruid,oddball,logistic_regression,signal_qc_demographics_vs_qc_demographics,-0.006395137880987,-0.0649943779582495,0.0535959192819658,0,0
group_cv,fnirs_yiruid_oddball_native,fnirs,yiruid,oddball,logistic_regression,signal_qc_demographics_vs_demographics,-0.0098572810836962,-0.0725550063535402,0.0534872195889242,0,0
group_cv,fnirs_yiruid_oddball_native,fnirs,yiruid,oddball,random_forest,signal_vs_demographics,-0.0762125060474115,-0.1496438988683788,0.0053562996678848,0,0
group_cv,fnirs_yiruid_oddball_native,fnirs,yiruid,oddball,random_forest,signal_demographics_vs_demographics,-0.0753809869375906,-0.1438271706153201,0.000524919938407,0,0
group_cv,fnirs_yiruid_oddball_native,fnirs,yiruid,oddball,random_forest,signal_qc_demographics_vs_qc_demographics,-0.0958061199806483,-0.1600676221279745,-0.0294546979053303,0,1
group_cv,fnirs_yiruid_oddball_native,fnirs,yiruid,oddball,random_forest,signal_qc_demographics_vs_demographics,-0.0979075955491048,-0.162061628467911,-0.0307509607076766,0,1
group_cv,fnirs_yiruid_rest_native,fnirs,yiruid,rest,hist_gradient_boosting,signal_vs_demographics,-0.03678801762763,-0.0784601384765646,0.0049528725591111,0,0
group_cv,fnirs_yiruid_rest_native,fnirs,yiruid,rest,hist_gradient_boosting,signal_demographics_vs_demographics,0.0022338145050738,-0.0274657314910881,0.0322832993280056,0,0
group_cv,fnirs_yiruid_rest_native,fnirs,yiruid,rest,hist_gradient_boosting,signal_qc_demographics_vs_qc_demographics,0.0205385811413798,-0.0109199012060817,0.0509985419552112,0,0
group_cv,fnirs_yiruid_rest_native,fnirs,yiruid,rest,hist_gradient_boosting,signal_qc_demographics_vs_demographics,0.0080869973227346,-0.0235597584155555,0.038036568145577,0,0
group_cv,fnirs_yiruid_rest_native,fnirs,yiruid,rest,logistic_regression,signal_vs_demographics,-0.0441684377098802,-0.0809899917207424,-0.0053027068021417,0,1
group_cv,fnirs_yiruid_rest_native,fnirs,yiruid,rest,logistic_regression,signal_demographics_vs_demographics,0.0001048825591344,-0.0211899552093115,0.0240106761022438,0,0
group_cv,fnirs_yiruid_rest_native,fnirs,yiruid,rest,logistic_regression,signal_qc_demographics_vs_qc_demographics,0.0025024610600498,-0.0199193549615991,0.0231534143997294,0,0
group_cv,fnirs_yiruid_rest_native,fnirs,yiruid,rest,logistic_regression,signal_qc_demographics_vs_demographics,0.0001251230530024,-0.0225644245724894,0.0220865162699296,0,0
group_cv,fnirs_yiruid_rest_native,fnirs,yiruid,rest,random_forest,signal_vs_demographics,-0.0470573081983199,-0.0883872808614356,-0.00600375201315,0,1
group_cv,fnirs_yiruid_rest_native,fnirs,yiruid,rest,random_forest,signal_demographics_vs_demographics,0.0108102637704359,-0.0194774004397821,0.0427681642276749,0,0
group_cv,fnirs_yiruid_rest_native,fnirs,yiruid,rest,random_forest,signal_qc_demographics_vs_qc_demographics,0.0195339166275656,-0.0115249544812537,0.0527710736973998,0,0
group_cv,fnirs_yiruid_rest_native,fnirs,yiruid,rest,random_forest,signal_qc_demographics_vs_demographics,-0.0100080041953024,-0.0435945740120619,0.0203282786326164,0,0
group_cv,fnirs_yiruid_vft_native,fnirs,yiruid,vft,hist_gradient_boosting,signal_vs_demographics,-0.0543892466641957,-0.0927424657537295,-0.0144028548282398,0,1
group_cv,fnirs_yiruid_vft_native,fnirs,yiruid,vft,hist_gradient_boosting,signal_demographics_vs_demographics,-2.9921855695613783e-05,-0.0338214848116177,0.0345846526032495,0,0
group_cv,fnirs_yiruid_vft_native,fnirs,yiruid,vft,hist_gradient_boosting,signal_qc_demographics_vs_qc_demographics,-0.0067690959352607,-0.0403191897042908,0.0249602905647142,0,0
group_cv,fnirs_yiruid_vft_native,fnirs,yiruid,vft,hist_gradient_boosting,signal_qc_demographics_vs_demographics,-0.0068810615888312,-0.0407920670507041,0.0292218161186607,0,0
group_cv,fnirs_yiruid_vft_native,fnirs,yiruid,vft,logistic_regression,signal_vs_demographics,-0.0504173616258958,-0.0911788018830825,-0.012377010727011,0,1
group_cv,fnirs_yiruid_vft_native,fnirs,yiruid,vft,logistic_regression,signal_demographics_vs_demographics,-0.0077507258463059,-0.0352469298577351,0.0189610804661459,0,0
group_cv,fnirs_yiruid_vft_native,fnirs,yiruid,vft,logistic_regression,signal_qc_demographics_vs_qc_demographics,-0.0088414257474671,-0.0356835040602116,0.0163339952398732,0,0
group_cv,fnirs_yiruid_vft_native,fnirs,yiruid,vft,logistic_regression,signal_qc_demographics_vs_demographics,-0.0069225660983445,-0.0328027121066284,0.0209489548569683,0,0
group_cv,fnirs_yiruid_vft_native,fnirs,yiruid,vft,random_forest,signal_vs_demographics,-0.0280290570175438,-0.06600760317563,0.0121685070964824,0,0
group_cv,fnirs_yiruid_vft_native,fnirs,yiruid,vft,random_forest,signal_demographics_vs_demographics,-0.0335887308500123,-0.0673128853397565,0.0015050415582416,0,0
group_cv,fnirs_yiruid_vft_native,fnirs,yiruid,vft,random_forest,signal_qc_demographics_vs_qc_demographics,-0.0077092213367928,-0.0397520895216019,0.027217175740623,0,0
group_cv,fnirs_yiruid_vft_native,fnirs,yiruid,vft,random_forest,signal_qc_demographics_vs_demographics,-0.0190949700395355,-0.0538056329222598,0.0149923713651421,0,0
standard_cv,eeg_1back_native,eeg,,1back,hist_gradient_boosting,signal_vs_demographics,-0.0653381032225464,-0.1089081493624843,-0.0167936772461065,0,1
standard_cv,eeg_1back_native,eeg,,1back,hist_gradient_boosting,signal_demographics_vs_demographics,-0.02458541011094,-0.0609773161490151,0.0143680647496815,0,0
standard_cv,eeg_1back_native,eeg,,1back,hist_gradient_boosting,signal_qc_demographics_vs_qc_demographics,-0.0265392080299514,-0.0640219947447134,0.0115307046970344,0,0
standard_cv,eeg_1back_native,eeg,,1back,hist_gradient_boosting,signal_qc_demographics_vs_demographics,-0.0327307807152535,-0.0704145081577576,0.006927195798499,0,0
standard_cv,eeg_1back_native,eeg,,1back,logistic_regression,signal_vs_demographics,-0.089096630452259,-0.1312569542924709,-0.0428224951292943,0,1
standard_cv,eeg_1back_native,eeg,,1back,logistic_regression,signal_demographics_vs_demographics,-0.0404770654845304,-0.0715001643183692,-0.0089743794810597,0,1
standard_cv,eeg_1back_native,eeg,,1back,logistic_regression,signal_qc_demographics_vs_qc_demographics,-0.0327164251096767,-0.0619904497323102,0.0005139797799307,0,0
standard_cv,eeg_1back_native,eeg,,1back,logistic_regression,signal_qc_demographics_vs_demographics,-0.0446287066173599,-0.0748601272955197,-0.0124269631195204,0,1
standard_cv,eeg_1back_native,eeg,,1back,random_forest,signal_vs_demographics,-0.0373676413165813,-0.0860248240871468,0.0099523776126769,0,0
standard_cv,eeg_1back_native,eeg,,1back,random_forest,signal_demographics_vs_demographics,-0.0218032937501435,-0.0629817345714269,0.019289113147173,0,0
standard_cv,eeg_1back_native,eeg,,1back,random_forest,signal_qc_demographics_vs_qc_demographics,-0.0144733215425958,-0.0576519654925134,0.0305059428258336,0,0
standard_cv,eeg_1back_native,eeg,,1back,random_forest,signal_qc_demographics_vs_demographics,-0.0179416358499666,-0.0616058467701375,0.0212130384245388,0,0
standard_cv,eeg_oddball_native,eeg,,oddball,hist_gradient_boosting,signal_vs_demographics,-0.0585496545183579,-0.0982982645326862,-0.0216999293820593,0,1
standard_cv,eeg_oddball_native,eeg,,oddball,hist_gradient_boosting,signal_demographics_vs_demographics,-0.0381770762769271,-0.0678368995583786,-0.008302689763825,0,1
standard_cv,eeg_oddball_native,eeg,,oddball,hist_gradient_boosting,signal_qc_demographics_vs_qc_demographics,-0.008481913019916,-0.0383752866795472,0.022112525045424,0,0
standard_cv,eeg_oddball_native,eeg,,oddball,hist_gradient_boosting,signal_qc_demographics_vs_demographics,-0.0298706137379758,-0.0591221840705867,-0.0001464757674151,0,1
standard_cv,eeg_oddball_native,eeg,,oddball,logistic_regression,signal_vs_demographics,-0.076629860452513,-0.1130683489811093,-0.0391570879396148,0,1
standard_cv,eeg_oddball_native,eeg,,oddball,logistic_regression,signal_demographics_vs_demographics,-0.0326683376236281,-0.059421842052823,-0.0057506785381725,0,1
standard_cv,eeg_oddball_native,eeg,,oddball,logistic_regression,signal_qc_demographics_vs_qc_demographics,-0.0278884974935645,-0.0564861818978277,-0.002087039891838,0,1
standard_cv,eeg_oddball_native,eeg,,oddball,logistic_regression,signal_qc_demographics_vs_demographics,-0.034132908819943,-0.0630614357764847,-0.0074409660703251,0,1
standard_cv,eeg_oddball_native,eeg,,oddball,random_forest,signal_vs_demographics,-0.057446822923723,-0.0979080971612482,-0.0226743853408439,0,1
standard_cv,eeg_oddball_native,eeg,,oddball,random_forest,signal_demographics_vs_demographics,-0.0429447229372713,-0.0722899830327047,-0.0114058312673625,0,1
standard_cv,eeg_oddball_native,eeg,,oddball,random_forest,signal_qc_demographics_vs_qc_demographics,-0.02020999864517,-0.0523753546894547,0.011294329694894,0,0
standard_cv,eeg_oddball_native,eeg,,oddball,random_forest,signal_qc_demographics_vs_demographics,-0.0319231811407667,-0.0634620337619702,-0.0043231778660966,0,1
standard_cv,eeg_rest_native,eeg,,rest,hist_gradient_boosting,signal_vs_demographics,-0.0728310159861663,-0.1284431877439474,-0.015517271691269,0,1
standard_cv,eeg_rest_native,eeg,,rest,hist_gradient_boosting,signal_demographics_vs_demographics,-0.0267759466421991,-0.0680200608099945,0.0183846375968184,0,0
standard_cv,eeg_rest_native,eeg,,rest,hist_gradient_boosting,signal_qc_demographics_vs_qc_demographics,-0.0052868158238346,-0.0486481145636435,0.0359055800020478,0,0
standard_cv,eeg_rest_native,eeg,,rest,hist_gradient_boosting,signal_qc_demographics_vs_demographics,-0.0238844090764723,-0.0671441045954484,0.0201546403449057,0,0
standard_cv,eeg_rest_native,eeg,,rest,logistic_regression,signal_vs_demographics,-0.1129662631894696,-0.1683509316555263,-0.0581015785169434,0,1
standard_cv,eeg_rest_native,eeg,,rest,logistic_regression,signal_demographics_vs_demographics,-0.0169522179482655,-0.0465643387085999,0.0121171161886528,0,0
standard_cv,eeg_rest_native,eeg,,rest,logistic_regression,signal_qc_demographics_vs_qc_demographics,-0.008465080989519,-0.0395211850306164,0.0234348008826211,0,0
standard_cv,eeg_rest_native,eeg,,rest,logistic_regression,signal_qc_demographics_vs_demographics,-0.0209840491230547,-0.0521809464516608,0.0113990894531563,0,0
standard_cv,eeg_rest_native,eeg,,rest,random_forest,signal_vs_demographics,-0.0773613120654973,-0.1313836276640638,-0.0177846787873965,0,1
standard_cv,eeg_rest_native,eeg,,rest,random_forest,signal_demographics_vs_demographics,-0.0226404524120408,-0.0616271769312161,0.0230794136075106,0,0
standard_cv,eeg_rest_native,eeg,,rest,random_forest,signal_qc_demographics_vs_qc_demographics,-0.028985954758796,-0.0706437837285531,0.0121389975295354,0,0
standard_cv,eeg_rest_native,eeg,,rest,random_forest,signal_qc_demographics_vs_demographics,-0.031414316970745,-0.0747532805327999,0.0098669204898463,0,0
standard_cv,face_segment_raw,face,,task,hist_gradient_boosting,face_vs_demographics,-0.0513945335270983,-0.0736106378918143,-0.0322405323614516,0,1
standard_cv,face_segment_raw,face,,task,hist_gradient_boosting,face_demographics_vs_demographics,-0.002325180423163,-0.0168973445684596,0.0111129933151415,0,0
standard_cv,face_segment_raw,face,,task,hist_gradient_boosting,face_vs_background,0.0046821760798706,-0.0202670159735262,0.0284557681359336,0,0
standard_cv,face_segment_raw,face,,task,hist_gradient_boosting,face_demographics_vs_background_demographics,-0.005329564767605,-0.0187508168668132,0.0081826449311206,0,0
standard_cv,face_segment_raw,face,,task,logistic_regression,face_vs_demographics,-0.0456177081537311,-0.0661670517428811,-0.026583994814904,0,1
standard_cv,face_segment_raw,face,,task,logistic_regression,face_demographics_vs_demographics,-0.0048502836687273,-0.0152098635791311,0.0060645118726317,0,0
standard_cv,face_segment_raw,face,,task,logistic_regression,face_vs_background,0.0223051470890088,0.0004675214669867,0.0433884172462021,1,0
standard_cv,face_segment_raw,face,,task,logistic_regression,face_demographics_vs_background_demographics,-0.0152347758976,-0.026638798971786,-0.0048965765265231,0,1
standard_cv,face_segment_raw,face,,task,random_forest,face_vs_demographics,-0.0563999934316938,-0.0777721419812231,-0.035365206834215,0,1
standard_cv,face_segment_raw,face,,task,random_forest,face_demographics_vs_demographics,-0.0042710411586492,-0.0166481592070555,0.0083413909247859,0,0
standard_cv,face_segment_raw,face,,task,random_forest,face_vs_background,0.0142692348744221,-0.0064689393928069,0.0361240567030856,0,0
standard_cv,face_segment_raw,face,,task,random_forest,face_demographics_vs_background_demographics,-0.0072592099969621,-0.0194290823211241,0.0055582041607098,0,0
standard_cv,face_valence_contrast,face,,task,hist_gradient_boosting,face_vs_demographics,-0.1243012964194519,-0.150615732864102,-0.0974539745041905,0,1
standard_cv,face_valence_contrast,face,,task,hist_gradient_boosting,face_demographics_vs_demographics,-0.0152454493953052,-0.0286635420426003,-0.0027081295302598,0,1
standard_cv,face_valence_contrast,face,,task,hist_gradient_boosting,face_vs_background,0.0288562115651453,0.002281489596844,0.053739525724845,1,0
standard_cv,face_valence_contrast,face,,task,hist_gradient_boosting,face_demographics_vs_background_demographics,0.0111969096118951,-0.0013711652772265,0.0244993027621129,0,0
standard_cv,face_valence_contrast,face,,task,logistic_regression,face_vs_demographics,-0.1155077711273675,-0.1422146883090131,-0.0874103324239088,0,1
standard_cv,face_valence_contrast,face,,task,logistic_regression,face_demographics_vs_demographics,-0.0010423081028266,-0.0107959932722543,0.0087068299119569,0,0
standard_cv,face_valence_contrast,face,,task,logistic_regression,face_vs_background,0.0621509560990829,0.0331902437554951,0.0895509768858437,1,0
standard_cv,face_valence_contrast,face,,task,logistic_regression,face_demographics_vs_background_demographics,0.0138574841744871,0.0025686800062915,0.0254970025234602,1,0
standard_cv,face_valence_contrast,face,,task,random_forest,face_vs_demographics,-0.1204565793902969,-0.144761050910049,-0.0938643506258863,0,1
standard_cv,face_valence_contrast,face,,task,random_forest,face_demographics_vs_demographics,-0.0096993357800274,-0.021495906997577,0.0010995968933764,0,0
standard_cv,face_valence_contrast,face,,task,random_forest,face_vs_background,0.0353206565022127,0.0103088769224276,0.0608459687080907,1,0
standard_cv,face_valence_contrast,face,,task,random_forest,face_demographics_vs_background_demographics,0.0149051290261663,0.0024070549746798,0.0261738951749854,1,0
standard_cv,fnirs_yiruid_1back_native,fnirs,yiruid,1back,hist_gradient_boosting,signal_vs_demographics,-0.0510257529463116,-0.0945014533139208,-0.0082764951558996,0,1
standard_cv,fnirs_yiruid_1back_native,fnirs,yiruid,1back,hist_gradient_boosting,signal_demographics_vs_demographics,-0.0113591486354471,-0.0453659601491716,0.0258575985349476,0,0
standard_cv,fnirs_yiruid_1back_native,fnirs,yiruid,1back,hist_gradient_boosting,signal_qc_demographics_vs_qc_demographics,-0.0118320134688533,-0.0435750026975591,0.0212736115180828,0,0
standard_cv,fnirs_yiruid_1back_native,fnirs,yiruid,1back,hist_gradient_boosting,signal_qc_demographics_vs_demographics,-0.0159672424185737,-0.0514829384679034,0.0171472507299981,0,0
standard_cv,fnirs_yiruid_1back_native,fnirs,yiruid,1back,logistic_regression,signal_vs_demographics,-0.0423458252790422,-0.0836014337327655,-0.0022625434073183,0,1
standard_cv,fnirs_yiruid_1back_native,fnirs,yiruid,1back,logistic_regression,signal_demographics_vs_demographics,0.0073247282326287,-0.0201216624322001,0.0343574870083441,0,0
standard_cv,fnirs_yiruid_1back_native,fnirs,yiruid,1back,logistic_regression,signal_qc_demographics_vs_qc_demographics,0.0035210242979777,-0.0253240322656803,0.0311563219767988,0,0
standard_cv,fnirs_yiruid_1back_native,fnirs,yiruid,1back,logistic_regression,signal_qc_demographics_vs_demographics,0.0074161834091995,-0.0205335516720673,0.0364848634899533,0,0
standard_cv,fnirs_yiruid_1back_native,fnirs,yiruid,1back,random_forest,signal_vs_demographics,-0.0440616491031156,-0.0823669644212267,-0.0032960284283764,0,1
standard_cv,fnirs_yiruid_1back_native,fnirs,yiruid,1back,random_forest,signal_demographics_vs_demographics,-0.0048481636216249,-0.0399087618171581,0.0289796940366033,0,0
standard_cv,fnirs_yiruid_1back_native,fnirs,yiruid,1back,random_forest,signal_qc_demographics_vs_qc_demographics,-0.0135457587661865,-0.0467694380723051,0.018957269481463,0,0
standard_cv,fnirs_yiruid_1back_native,fnirs,yiruid,1back,random_forest,signal_qc_demographics_vs_demographics,-0.0117093803911786,-0.0461778799525939,0.022161856141251,0,0
standard_cv,fnirs_yiruid_doors_native,fnirs,yiruid,doors,hist_gradient_boosting,signal_vs_demographics,-0.0103709065495206,-0.0652349314037538,0.0479906694460185,0,0
standard_cv,fnirs_yiruid_doors_native,fnirs,yiruid,doors,hist_gradient_boosting,signal_demographics_vs_demographics,0.0218088558306711,-0.0275153604757408,0.073318905217441,0,0
standard_cv,fnirs_yiruid_doors_native,fnirs,yiruid,doors,hist_gradient_boosting,signal_qc_demographics_vs_qc_demographics,0.0387411391773163,-0.0147190585140248,0.0880769265948754,0,0
standard_cv,fnirs_yiruid_doors_native,fnirs,yiruid,doors,hist_gradient_boosting,signal_qc_demographics_vs_demographics,0.0045926517571885,-0.047724730925459,0.0539453276514061,0,0
standard_cv,fnirs_yiruid_doors_native,fnirs,yiruid,doors,logistic_regression,signal_vs_demographics,-0.0612051966853035,-0.1199536263317993,-0.0042997949600845,0,1
standard_cv,fnirs_yiruid_doors_native,fnirs,yiruid,doors,logistic_regression,signal_demographics_vs_demographics,-0.0207449331070287,-0.0636165242203057,0.0196612058097717,0,0
standard_cv,fnirs_yiruid_doors_native,fnirs,yiruid,doors,logistic_regression,signal_qc_demographics_vs_qc_demographics,-0.0251722244408943,-0.0625830186581107,0.0146164846693566,0,0
standard_cv,fnirs_yiruid_doors_native,fnirs,yiruid,doors,logistic_regression,signal_qc_demographics_vs_demographics,-0.0156718001198081,-0.0586855524565933,0.0244712099381712,0,0
standard_cv,fnirs_yiruid_doors_native,fnirs,yiruid,doors,random_forest,signal_vs_demographics,-0.0251815844648563,-0.0765694060931038,0.0275264530313152,0,0
standard_cv,fnirs_yiruid_doors_native,fnirs,yiruid,doors,random_forest,signal_demographics_vs_demographics,0.0056628144968049,-0.0453635752148964,0.0580006149825784,0,0
standard_cv,fnirs_yiruid_doors_native,fnirs,yiruid,doors,random_forest,signal_qc_demographics_vs_qc_demographics,-0.0005366413738019,-0.0446061522899861,0.0489665296859123,0,0
standard_cv,fnirs_yiruid_doors_native,fnirs,yiruid,doors,random_forest,signal_qc_demographics_vs_demographics,0.0055380141773162,-0.0459330945918509,0.0552726729454829,0,0
standard_cv,fnirs_yiruid_oddball_native,fnirs,yiruid,oddball,hist_gradient_boosting,signal_vs_demographics,0.0109004596032897,-0.0595299460092365,0.0796234733687524,0,0
standard_cv,fnirs_yiruid_oddball_native,fnirs,yiruid,oddball,hist_gradient_boosting,signal_demographics_vs_demographics,0.0086780358006773,-0.0527720331810171,0.0720550651411534,0,0
standard_cv,fnirs_yiruid_oddball_native,fnirs,yiruid,oddball,hist_gradient_boosting,signal_qc_demographics_vs_qc_demographics,0.0308947145621673,-0.0361297855135696,0.0914060700484429,0,0
standard_cv,fnirs_yiruid_oddball_native,fnirs,yiruid,oddball,hist_gradient_boosting,signal_qc_demographics_vs_demographics,0.0125937348814707,-0.0532173572585813,0.0750597129298652,0,0
standard_cv,fnirs_yiruid_oddball_native,fnirs,yiruid,oddball,logistic_regression,signal_vs_demographics,-0.0324897194000968,-0.107631978871597,0.0450707139846246,0,0
standard_cv,fnirs_yiruid_oddball_native,fnirs,yiruid,oddball,logistic_regression,signal_demographics_vs_demographics,0.0126390904692791,-0.041299380896899,0.0668947106624123,0,0
standard_cv,fnirs_yiruid_oddball_native,fnirs,yiruid,oddball,logistic_regression,signal_qc_demographics_vs_qc_demographics,0.0154738147073052,-0.0413342257183773,0.0672851159029201,0,0
standard_cv,fnirs_yiruid_oddball_native,fnirs,yiruid,oddball,logistic_regression,signal_qc_demographics_vs_demographics,0.0111725931301402,-0.0440608497402997,0.0723297333453583,0,0
standard_cv,fnirs_yiruid_oddball_native,fnirs,yiruid,oddball,random_forest,signal_vs_demographics,-0.016857160135462,-0.088278876110995,0.059437901490458,0,0
standard_cv,fnirs_yiruid_oddball_native,fnirs,yiruid,oddball,random_forest,signal_demographics_vs_demographics,0.0092374213836478,-0.064523043000001,0.0837770839650921,0,0
standard_cv,fnirs_yiruid_oddball_native,fnirs,yiruid,oddball,random_forest,signal_qc_demographics_vs_qc_demographics,-0.0036964804063861,-0.0716498044207669,0.0566346721476928,0,0
standard_cv,fnirs_yiruid_oddball_native,fnirs,yiruid,oddball,random_forest,signal_qc_demographics_vs_demographics,-0.0089501693275279,-0.073739533492823,0.055024318497002,0,0
standard_cv,fnirs_yiruid_rest_native,fnirs,yiruid,rest,hist_gradient_boosting,signal_vs_demographics,-0.0521744730571425,-0.0916589456742603,-0.0090819047549195,0,1
standard_cv,fnirs_yiruid_rest_native,fnirs,yiruid,rest,hist_gradient_boosting,signal_demographics_vs_demographics,-0.0241156284213334,-0.0547615372151597,0.0077095798073167,0,0
standard_cv,fnirs_yiruid_rest_native,fnirs,yiruid,rest,hist_gradient_boosting,signal_qc_demographics_vs_qc_demographics,-0.0041686217143699,-0.0363984374111779,0.0256361275853726,0,0
standard_cv,fnirs_yiruid_rest_native,fnirs,yiruid,rest,hist_gradient_boosting,signal_qc_demographics_vs_demographics,-0.0252426559208044,-0.0566576657709882,0.0068913905491463,0,0
standard_cv,fnirs_yiruid_rest_native,fnirs,yiruid,rest,logistic_regression,signal_vs_demographics,-0.0430874113328365,-0.0816149668828801,-0.0015792866855469,0,1
standard_cv,fnirs_yiruid_rest_native,fnirs,yiruid,rest,logistic_regression,signal_demographics_vs_demographics,0.0080805571655948,-0.0168419486650361,0.0313886067612354,0,0
standard_cv,fnirs_yiruid_rest_native,fnirs,yiruid,rest,logistic_regression,signal_qc_demographics_vs_qc_demographics,0.0066204815397495,-0.017043628206459,0.0310619464814715,0,0
standard_cv,fnirs_yiruid_rest_native,fnirs,yiruid,rest,logistic_regression,signal_qc_demographics_vs_demographics,0.0086546511734886,-0.0147660320356255,0.0331622037313035,0,0
standard_cv,fnirs_yiruid_rest_native,fnirs,yiruid,rest,random_forest,signal_vs_demographics,-0.0544901695601373,-0.0925787810944123,-0.0156799691712602,0,1
standard_cv,fnirs_yiruid_rest_native,fnirs,yiruid,rest,random_forest,signal_demographics_vs_demographics,-0.0058283422115499,-0.0364849865265326,0.0292795061455015,0,0
standard_cv,fnirs_yiruid_rest_native,fnirs,yiruid,rest,random_forest,signal_qc_demographics_vs_qc_demographics,0.0030259538332734,-0.0284731238495583,0.0344607047162823,0,0
standard_cv,fnirs_yiruid_rest_native,fnirs,yiruid,rest,random_forest,signal_qc_demographics_vs_demographics,-0.0112196737600398,-0.041964224997113,0.0185272436367812,0,0
standard_cv,fnirs_yiruid_vft_native,fnirs,yiruid,vft,hist_gradient_boosting,signal_vs_demographics,-0.0265522686557945,-0.0658975249952565,0.0112939581717628,0,0
standard_cv,fnirs_yiruid_vft_native,fnirs,yiruid,vft,hist_gradient_boosting,signal_demographics_vs_demographics,0.0012808484680009,-0.034263302243608,0.0338373578035283,0,0
standard_cv,fnirs_yiruid_vft_native,fnirs,yiruid,vft,hist_gradient_boosting,signal_qc_demographics_vs_qc_demographics,0.012773736718557,-0.0209653178642812,0.0463420229052769,0,0
standard_cv,fnirs_yiruid_vft_native,fnirs,yiruid,vft,hist_gradient_boosting,signal_qc_demographics_vs_demographics,0.0095740286014331,-0.0245394294551988,0.0422404771687175,0,0
standard_cv,fnirs_yiruid_vft_native,fnirs,yiruid,vft,logistic_regression,signal_vs_demographics,-0.0359216703731158,-0.0737695841235832,0.0019301249763283,0,0
standard_cv,fnirs_yiruid_vft_native,fnirs,yiruid,vft,logistic_regression,signal_demographics_vs_demographics,0.0074109680009883,-0.0218020286204833,0.0345596614436288,0,0
standard_cv,fnirs_yiruid_vft_native,fnirs,yiruid,vft,logistic_regression,signal_qc_demographics_vs_qc_demographics,0.0006100197677291,-0.0256954030034393,0.0290275637444725,0,0
standard_cv,fnirs_yiruid_vft_native,fnirs,yiruid,vft,logistic_regression,signal_qc_demographics_vs_demographics,0.0087410427477143,-0.0195341283744962,0.0386355736889713,0,0
standard_cv,fnirs_yiruid_vft_native,fnirs,yiruid,vft,random_forest,signal_vs_demographics,-0.022152790647393,-0.0641084055223232,0.017486098236148,0,0
standard_cv,fnirs_yiruid_vft_native,fnirs,yiruid,vft,random_forest,signal_demographics_vs_demographics,-0.0066860869162341,-0.0416544785726126,0.027937106353534,0,0
standard_cv,fnirs_yiruid_vft_native,fnirs,yiruid,vft,random_forest,signal_qc_demographics_vs_qc_demographics,0.0016958935631331,-0.0320238242504718,0.0340254173236307,0,0
standard_cv,fnirs_yiruid_vft_native,fnirs,yiruid,vft,random_forest,signal_qc_demographics_vs_demographics,-0.0067440001853223,-0.0406903471269798,0.0263584600062533,0,0
