cv_protocol,cohort_name,modality,device,task,feature_set,model,n_seeds,auroc_seed_mean,auroc_seed_std,auroc_seed_min,auroc_seed_max
group_cv,eeg_oddball_goal3,eeg,,oddball,demographics,conformer__condition_aware__mean_std__none,3,0.5800090321997923,0.02196744668603744,0.557388565235063,0.6012593144560358
group_cv,eeg_oddball_goal3,eeg,,oddball,demographics,conformer__difference_wave__mean_std__none,3,0.5800090321997923,0.02196744668603744,0.557388565235063,0.6012593144560358
group_cv,eeg_oddball_goal3,eeg,,oddball,demographics,conformer__standard_only__mean_std__none,3,0.5800090321997923,0.02196744668603744,0.557388565235063,0.6012593144560358
group_cv,eeg_oddball_goal3,eeg,,oddball,demographics,conformer__target_only__mean_std__none,3,0.5800090321997923,0.02196744668603744,0.557388565235063,0.6012593144560358
group_cv,eeg_oddball_goal3,eeg,,oddball,demographics,eegnet__condition_aware__attention__none,3,0.5800090321997923,0.02196744668603744,0.557388565235063,0.6012593144560358
group_cv,eeg_oddball_goal3,eeg,,oddball,demographics,eegnet__condition_aware__mean_std__none,3,0.5800090321997923,0.02196744668603744,0.557388565235063,0.6012593144560358
group_cv,eeg_oddball_goal3,eeg,,oddball,demographics,eegnet__condition_aware__mean_std__robust_z,3,0.5800090321997923,0.02196744668603744,0.557388565235063,0.6012593144560358
group_cv,eeg_oddball_goal3,eeg,,oddball,demographics,eegnet__difference_wave__mean_std__none,3,0.5800090321997923,0.02196744668603744,0.557388565235063,0.6012593144560358
group_cv,eeg_oddball_goal3,eeg,,oddball,demographics,eegnet__standard_only__mean_std__none,3,0.5800090321997923,0.02196744668603744,0.557388565235063,0.6012593144560358
group_cv,eeg_oddball_goal3,eeg,,oddball,demographics,eegnet__target_only__mean_std__none,3,0.5800090321997923,0.02196744668603744,0.557388565235063,0.6012593144560358
group_cv,eeg_oddball_goal3,eeg,,oddball,demographics,inceptiontime__condition_aware__mean_std__none,3,0.5800090321997923,0.02196744668603744,0.557388565235063,0.6012593144560358
group_cv,eeg_oddball_goal3,eeg,,oddball,demographics,inceptiontime__difference_wave__mean_std__none,3,0.5800090321997923,0.02196744668603744,0.557388565235063,0.6012593144560358
group_cv,eeg_oddball_goal3,eeg,,oddball,demographics,inceptiontime__standard_only__mean_std__none,3,0.5800090321997923,0.02196744668603744,0.557388565235063,0.6012593144560358
group_cv,eeg_oddball_goal3,eeg,,oddball,demographics,inceptiontime__target_only__mean_std__none,3,0.5800090321997923,0.02196744668603744,0.557388565235063,0.6012593144560358
group_cv,eeg_oddball_goal3,eeg,,oddball,demographics_eeg_deep,conformer__condition_aware__mean_std__none,3,0.5815210224450165,0.0037677123144682586,0.5777929819807615,0.5853271914374746
group_cv,eeg_oddball_goal3,eeg,,oddball,demographics_eeg_deep,conformer__difference_wave__mean_std__none,3,0.583159915097322,0.00493594816945118,0.5775206611570248,0.5866955697060019
group_cv,eeg_oddball_goal3,eeg,,oddball,demographics_eeg_deep,conformer__standard_only__mean_std__none,3,0.5810292191663279,0.0013348137536857477,0.5795190353610622,0.5820512125728221
group_cv,eeg_oddball_goal3,eeg,,oddball,demographics_eeg_deep,conformer__target_only__mean_std__none,3,0.5820457932529468,0.0038983468444878863,0.577847175179515,0.5855507383823331
group_cv,eeg_oddball_goal3,eeg,,oddball,demographics_eeg_deep,eegnet__condition_aware__attention__none,3,0.5846827439822969,0.0029831997156195595,0.5825687576209186,0.5880951090638125
group_cv,eeg_oddball_goal3,eeg,,oddball,demographics_eeg_deep,eegnet__condition_aware__mean_std__none,3,0.5850038386849118,0.0033110398903689834,0.5812125728221108,0.5873269204714808
group_cv,eeg_oddball_goal3,eeg,,oddball,demographics_eeg_deep,eegnet__condition_aware__mean_std__robust_z,3,0.5837045567447952,0.0037380744217686457,0.5794418100528383,0.5864232488822653
group_cv,eeg_oddball_goal3,eeg,,oddball,demographics_eeg_deep,eegnet__difference_wave__mean_std__none,3,0.582856433184302,0.0029149006464403164,0.5800690963284109,0.5858840265546673
group_cv,eeg_oddball_goal3,eeg,,oddball,demographics_eeg_deep,eegnet__standard_only__mean_std__none,3,0.5832299146457119,0.003695317305230109,0.5796192927787562,0.5870044709388972
group_cv,eeg_oddball_goal3,eeg,,oddball,demographics_eeg_deep,eegnet__target_only__mean_std__none,3,0.583280043354559,0.0036668414913715868,0.5795176805310933,0.5868432461726053
group_cv,eeg_oddball_goal3,eeg,,oddball,demographics_eeg_deep,inceptiontime__condition_aware__mean_std__none,3,0.5818755362868626,0.004338884028863562,0.5771873729846904,0.5857498983877524
group_cv,eeg_oddball_goal3,eeg,,oddball,demographics_eeg_deep,inceptiontime__difference_wave__mean_std__none,3,0.5823361784762678,0.004035835027731084,0.5777062728627558,0.5851104186424603
group_cv,eeg_oddball_goal3,eeg,,oddball,demographics_eeg_deep,inceptiontime__standard_only__mean_std__none,3,0.5814419906968342,0.0030491670761188614,0.5779840130063677,0.5837447500338707
group_cv,eeg_oddball_goal3,eeg,,oddball,demographics_eeg_deep,inceptiontime__target_only__mean_std__none,3,0.5815318610847672,0.0029442441990392434,0.5781506570925349,0.5835293320688253
group_cv,eeg_oddball_goal3,eeg,,oddball,demographics_eeg_traditional,conformer__condition_aware__mean_std__none,3,0.5830090773607912,0.0043568683985330805,0.5780273675653705,0.5861075734995258
group_cv,eeg_oddball_goal3,eeg,,oddball,demographics_eeg_traditional,conformer__difference_wave__mean_std__none,3,0.5830090773607912,0.0043568683985330805,0.5780273675653705,0.5861075734995258
group_cv,eeg_oddball_goal3,eeg,,oddball,demographics_eeg_traditional,conformer__standard_only__mean_std__none,3,0.5830090773607912,0.0043568683985330805,0.5780273675653705,0.5861075734995258
group_cv,eeg_oddball_goal3,eeg,,oddball,demographics_eeg_traditional,conformer__target_only__mean_std__none,3,0.5830090773607912,0.0043568683985330805,0.5780273675653705,0.5861075734995258
group_cv,eeg_oddball_goal3,eeg,,oddball,demographics_eeg_traditional,eegnet__condition_aware__attention__none,3,0.5830090773607912,0.0043568683985330805,0.5780273675653705,0.5861075734995258
group_cv,eeg_oddball_goal3,eeg,,oddball,demographics_eeg_traditional,eegnet__condition_aware__mean_std__none,3,0.5830090773607912,0.0043568683985330805,0.5780273675653705,0.5861075734995258
group_cv,eeg_oddball_goal3,eeg,,oddball,demographics_eeg_traditional,eegnet__condition_aware__mean_std__robust_z,3,0.5830090773607912,0.0043568683985330805,0.5780273675653705,0.5861075734995258
group_cv,eeg_oddball_goal3,eeg,,oddball,demographics_eeg_traditional,eegnet__difference_wave__mean_std__none,3,0.5830090773607912,0.0043568683985330805,0.5780273675653705,0.5861075734995258
group_cv,eeg_oddball_goal3,eeg,,oddball,demographics_eeg_traditional,eegnet__standard_only__mean_std__none,3,0.5830090773607912,0.0043568683985330805,0.5780273675653705,0.5861075734995258
group_cv,eeg_oddball_goal3,eeg,,oddball,demographics_eeg_traditional,eegnet__target_only__mean_std__none,3,0.5830090773607912,0.0043568683985330805,0.5780273675653705,0.5861075734995258
group_cv,eeg_oddball_goal3,eeg,,oddball,demographics_eeg_traditional,inceptiontime__condition_aware__mean_std__none,3,0.5830090773607912,0.0043568683985330805,0.5780273675653705,0.5861075734995258
group_cv,eeg_oddball_goal3,eeg,,oddball,demographics_eeg_traditional,inceptiontime__difference_wave__mean_std__none,3,0.5830090773607912,0.0043568683985330805,0.5780273675653705,0.5861075734995258
group_cv,eeg_oddball_goal3,eeg,,oddball,demographics_eeg_traditional,inceptiontime__standard_only__mean_std__none,3,0.5830090773607912,0.0043568683985330805,0.5780273675653705,0.5861075734995258
group_cv,eeg_oddball_goal3,eeg,,oddball,demographics_eeg_traditional,inceptiontime__target_only__mean_std__none,3,0.5830090773607912,0.0043568683985330805,0.5780273675653705,0.5861075734995258
group_cv,eeg_oddball_goal3,eeg,,oddball,eeg_deep,conformer__condition_aware__mean_std__none,3,0.4870193740685544,0.008663910748160822,0.4799214198618073,0.4966738924265005
group_cv,eeg_oddball_goal3,eeg,,oddball,eeg_deep,conformer__difference_wave__mean_std__none,3,0.4866052477080793,0.005775124220287856,0.4804701259991871,0.4919360520254708
group_cv,eeg_oddball_goal3,eeg,,oddball,eeg_deep,conformer__standard_only__mean_std__none,3,0.49076999503229013,0.04440753941634419,0.4521826310797995,0.5393090367158921
group_cv,eeg_oddball_goal3,eeg,,oddball,eeg_deep,conformer__target_only__mean_std__none,3,0.5251844826807569,0.025859878728208583,0.5092318114076684,0.555020999864517
group_cv,eeg_oddball_goal3,eeg,,oddball,eeg_deep,eegnet__condition_aware__attention__none,3,0.5329598518719235,0.002689774729377047,0.5298943232624306,0.5349248069367295
group_cv,eeg_oddball_goal3,eeg,,oddball,eeg_deep,eegnet__condition_aware__mean_std__none,3,0.5443268753104819,0.018777567820994445,0.5233911394120038,0.5596802601273541
group_cv,eeg_oddball_goal3,eeg,,oddball,eeg_deep,eegnet__condition_aware__mean_std__robust_z,3,0.5230104321907602,0.03410932282609544,0.4869258908007045,0.5547229372713725
group_cv,eeg_oddball_goal3,eeg,,oddball,eeg_deep,eegnet__difference_wave__mean_std__none,3,0.511844826807569,0.008450561664025684,0.5033423655331256,0.5202425145644223
group_cv,eeg_oddball_goal3,eeg,,oddball,eeg_deep,eegnet__standard_only__mean_std__none,3,0.5076457571241476,0.04811974596034587,0.47580138192656823,0.5630009483809781
group_cv,eeg_oddball_goal3,eeg,,oddball,eeg_deep,eegnet__target_only__mean_std__none,3,0.5288998780653028,0.011470077173130566,0.5174556293185205,0.540395610350901
group_cv,eeg_oddball_goal3,eeg,,oddball,eeg_deep,inceptiontime__condition_aware__mean_std__none,3,0.4966355055773833,0.03936463448307792,0.4685747188727814,0.5416339249424197
group_cv,eeg_oddball_goal3,eeg,,oddball,eeg_deep,inceptiontime__difference_wave__mean_std__none,3,0.4883340107483178,0.011278990743850588,0.4753319333423655,0.4954870613737976
group_cv,eeg_oddball_goal3,eeg,,oddball,eeg_deep,inceptiontime__standard_only__mean_std__none,3,0.515842478435623,0.05270707173854978,0.4775233708169625,0.5759504132231406
group_cv,eeg_oddball_goal3,eeg,,oddball,eeg_deep,inceptiontime__target_only__mean_std__none,3,0.5389843291333604,0.03666010703038362,0.5015038612654111,0.5747649370004064
group_cv,eeg_oddball_goal3,eeg,,oddball,eeg_traditional,conformer__condition_aware__mean_std__none,3,0.4978525944993903,0.013189407734000375,0.4898428397236147,0.5130754640292643
group_cv,eeg_oddball_goal3,eeg,,oddball,eeg_traditional,conformer__difference_wave__mean_std__none,3,0.4978525944993903,0.013189407734000375,0.4898428397236147,0.5130754640292643
group_cv,eeg_oddball_goal3,eeg,,oddball,eeg_traditional,conformer__standard_only__mean_std__none,3,0.4978525944993903,0.013189407734000375,0.4898428397236147,0.5130754640292643
group_cv,eeg_oddball_goal3,eeg,,oddball,eeg_traditional,conformer__target_only__mean_std__none,3,0.4978525944993903,0.013189407734000375,0.4898428397236147,0.5130754640292643
group_cv,eeg_oddball_goal3,eeg,,oddball,eeg_traditional,eegnet__condition_aware__attention__none,3,0.4978525944993903,0.013189407734000375,0.4898428397236147,0.5130754640292643
group_cv,eeg_oddball_goal3,eeg,,oddball,eeg_traditional,eegnet__condition_aware__mean_std__none,3,0.4978525944993903,0.013189407734000375,0.4898428397236147,0.5130754640292643
group_cv,eeg_oddball_goal3,eeg,,oddball,eeg_traditional,eegnet__condition_aware__mean_std__robust_z,3,0.4978525944993903,0.013189407734000375,0.4898428397236147,0.5130754640292643
group_cv,eeg_oddball_goal3,eeg,,oddball,eeg_traditional,eegnet__difference_wave__mean_std__none,3,0.4978525944993903,0.013189407734000375,0.4898428397236147,0.5130754640292643
group_cv,eeg_oddball_goal3,eeg,,oddball,eeg_traditional,eegnet__standard_only__mean_std__none,3,0.4978525944993903,0.013189407734000375,0.4898428397236147,0.5130754640292643
group_cv,eeg_oddball_goal3,eeg,,oddball,eeg_traditional,eegnet__target_only__mean_std__none,3,0.4978525944993903,0.013189407734000375,0.4898428397236147,0.5130754640292643
group_cv,eeg_oddball_goal3,eeg,,oddball,eeg_traditional,inceptiontime__condition_aware__mean_std__none,3,0.4978525944993903,0.013189407734000375,0.4898428397236147,0.5130754640292643
group_cv,eeg_oddball_goal3,eeg,,oddball,eeg_traditional,inceptiontime__difference_wave__mean_std__none,3,0.4978525944993903,0.013189407734000375,0.4898428397236147,0.5130754640292643
group_cv,eeg_oddball_goal3,eeg,,oddball,eeg_traditional,inceptiontime__standard_only__mean_std__none,3,0.4978525944993903,0.013189407734000375,0.4898428397236147,0.5130754640292643
group_cv,eeg_oddball_goal3,eeg,,oddball,eeg_traditional,inceptiontime__target_only__mean_std__none,3,0.4978525944993903,0.013189407734000375,0.4898428397236147,0.5130754640292643
standard_cv,eeg_oddball_goal3,eeg,,oddball,demographics,conformer__condition_aware__mean_std__none,3,0.5957575757575757,0.00859149231183371,0.5868730524319197,0.6040224901774827
standard_cv,eeg_oddball_goal3,eeg,,oddball,demographics,conformer__difference_wave__mean_std__none,3,0.5957575757575757,0.00859149231183371,0.5868730524319197,0.6040224901774827
standard_cv,eeg_oddball_goal3,eeg,,oddball,demographics,conformer__standard_only__mean_std__none,3,0.5957575757575757,0.00859149231183371,0.5868730524319197,0.6040224901774827
standard_cv,eeg_oddball_goal3,eeg,,oddball,demographics,conformer__target_only__mean_std__none,3,0.5957575757575757,0.00859149231183371,0.5868730524319197,0.6040224901774827
standard_cv,eeg_oddball_goal3,eeg,,oddball,demographics,eegnet__condition_aware__attention__none,3,0.5957575757575757,0.00859149231183371,0.5868730524319197,0.6040224901774827
standard_cv,eeg_oddball_goal3,eeg,,oddball,demographics,eegnet__condition_aware__mean_std__none,3,0.5957575757575757,0.00859149231183371,0.5868730524319197,0.6040224901774827
standard_cv,eeg_oddball_goal3,eeg,,oddball,demographics,eegnet__condition_aware__mean_std__robust_z,3,0.5957575757575757,0.00859149231183371,0.5868730524319197,0.6040224901774827
standard_cv,eeg_oddball_goal3,eeg,,oddball,demographics,eegnet__difference_wave__mean_std__none,3,0.5957575757575757,0.00859149231183371,0.5868730524319197,0.6040224901774827
standard_cv,eeg_oddball_goal3,eeg,,oddball,demographics,eegnet__standard_only__mean_std__none,3,0.5957575757575757,0.00859149231183371,0.5868730524319197,0.6040224901774827
standard_cv,eeg_oddball_goal3,eeg,,oddball,demographics,eegnet__target_only__mean_std__none,3,0.5957575757575757,0.00859149231183371,0.5868730524319197,0.6040224901774827
standard_cv,eeg_oddball_goal3,eeg,,oddball,demographics,inceptiontime__condition_aware__mean_std__none,3,0.5957575757575757,0.00859149231183371,0.5868730524319197,0.6040224901774827
standard_cv,eeg_oddball_goal3,eeg,,oddball,demographics,inceptiontime__difference_wave__mean_std__none,3,0.5957575757575757,0.00859149231183371,0.5868730524319197,0.6040224901774827
standard_cv,eeg_oddball_goal3,eeg,,oddball,demographics,inceptiontime__standard_only__mean_std__none,3,0.5957575757575757,0.00859149231183371,0.5868730524319197,0.6040224901774827
standard_cv,eeg_oddball_goal3,eeg,,oddball,demographics,inceptiontime__target_only__mean_std__none,3,0.5957575757575757,0.00859149231183371,0.5868730524319197,0.6040224901774827
standard_cv,eeg_oddball_goal3,eeg,,oddball,demographics_eeg_deep,conformer__condition_aware__mean_std__none,3,0.6006783182043987,0.003620340516455911,0.5972266630537868,0.6044465519577292
standard_cv,eeg_oddball_goal3,eeg,,oddball,demographics_eeg_deep,conformer__difference_wave__mean_std__none,3,0.6014573454364811,0.003915308200614337,0.5972686627828208,0.6050250643544235
standard_cv,eeg_oddball_goal3,eeg,,oddball,demographics_eeg_deep,conformer__standard_only__mean_std__none,3,0.6014483132366889,0.004204628534400977,0.5969543422300502,0.6052865465384095
standard_cv,eeg_oddball_goal3,eeg,,oddball,demographics_eeg_deep,conformer__target_only__mean_std__none,3,0.6013593460687351,0.0030862138524274047,0.598032786885246,0.604129521745021
standard_cv,eeg_oddball_goal3,eeg,,oddball,demographics_eeg_deep,eegnet__condition_aware__attention__none,3,0.6042844239714583,0.006181270692800151,0.5988429752066116,0.6110052838368786
standard_cv,eeg_oddball_goal3,eeg,,oddball,demographics_eeg_deep,eegnet__condition_aware__mean_std__none,3,0.6013747008083818,0.005323789895957612,0.5966928600460641,0.607165695705189
standard_cv,eeg_oddball_goal3,eeg,,oddball,demographics_eeg_deep,eegnet__condition_aware__mean_std__robust_z,3,0.6029666260217676,0.005320435285298881,0.599773743395204,0.6091085218805041
standard_cv,eeg_oddball_goal3,eeg,,oddball,demographics_eeg_deep,eegnet__difference_wave__mean_std__none,3,0.6006019961161541,0.004301670351600486,0.5958406719956646,0.6042081018832137
standard_cv,eeg_oddball_goal3,eeg,,oddball,demographics_eeg_deep,eegnet__standard_only__mean_std__none,3,0.6014618615363773,0.0044282689552768055,0.596761956374475,0.6055561577022084
standard_cv,eeg_oddball_goal3,eeg,,oddball,demographics_eeg_deep,eegnet__target_only__mean_std__none,3,0.6019667615047645,0.003886434637375043,0.5980639479745292,0.605836607505758
standard_cv,eeg_oddball_goal3,eeg,,oddball,demographics_eeg_deep,inceptiontime__condition_aware__mean_std__none,3,0.601431603667073,0.0048324341396343866,0.5969692453597073,0.6065641511990245
standard_cv,eeg_oddball_goal3,eeg,,oddball,demographics_eeg_deep,inceptiontime__difference_wave__mean_std__none,3,0.6007767691821343,0.004172558332083678,0.5965058935103644,0.6048435171385991
standard_cv,eeg_oddball_goal3,eeg,,oddball,demographics_eeg_deep,inceptiontime__standard_only__mean_std__none,3,0.6019414713453463,0.0025491913438717177,0.5990705866413766,0.6039398455493836
standard_cv,eeg_oddball_goal3,eeg,,oddball,demographics_eeg_deep,inceptiontime__target_only__mean_std__none,3,0.6003396107121889,0.00394319354173231,0.5965871833084947,0.604449261617667
standard_cv,eeg_oddball_goal3,eeg,,oddball,demographics_eeg_traditional,conformer__condition_aware__mean_std__none,3,0.6006927697240663,0.0051677962973925825,0.5975640157160277,0.6066576344668745
standard_cv,eeg_oddball_goal3,eeg,,oddball,demographics_eeg_traditional,conformer__difference_wave__mean_std__none,3,0.6006927697240663,0.0051677962973925825,0.5975640157160277,0.6066576344668745
standard_cv,eeg_oddball_goal3,eeg,,oddball,demographics_eeg_traditional,conformer__standard_only__mean_std__none,3,0.6006927697240663,0.0051677962973925825,0.5975640157160277,0.6066576344668745
standard_cv,eeg_oddball_goal3,eeg,,oddball,demographics_eeg_traditional,conformer__target_only__mean_std__none,3,0.6006927697240663,0.0051677962973925825,0.5975640157160277,0.6066576344668745
standard_cv,eeg_oddball_goal3,eeg,,oddball,demographics_eeg_traditional,eegnet__condition_aware__attention__none,3,0.6006927697240663,0.0051677962973925825,0.5975640157160277,0.6066576344668745
standard_cv,eeg_oddball_goal3,eeg,,oddball,demographics_eeg_traditional,eegnet__condition_aware__mean_std__none,3,0.6006927697240663,0.0051677962973925825,0.5975640157160277,0.6066576344668745
standard_cv,eeg_oddball_goal3,eeg,,oddball,demographics_eeg_traditional,eegnet__condition_aware__mean_std__robust_z,3,0.6006927697240663,0.0051677962973925825,0.5975640157160277,0.6066576344668745
standard_cv,eeg_oddball_goal3,eeg,,oddball,demographics_eeg_traditional,eegnet__difference_wave__mean_std__none,3,0.6006927697240663,0.0051677962973925825,0.5975640157160277,0.6066576344668745
standard_cv,eeg_oddball_goal3,eeg,,oddball,demographics_eeg_traditional,eegnet__standard_only__mean_std__none,3,0.6006927697240663,0.0051677962973925825,0.5975640157160277,0.6066576344668745
standard_cv,eeg_oddball_goal3,eeg,,oddball,demographics_eeg_traditional,eegnet__target_only__mean_std__none,3,0.6006927697240663,0.0051677962973925825,0.5975640157160277,0.6066576344668745
standard_cv,eeg_oddball_goal3,eeg,,oddball,demographics_eeg_traditional,inceptiontime__condition_aware__mean_std__none,3,0.6006927697240663,0.0051677962973925825,0.5975640157160277,0.6066576344668745
standard_cv,eeg_oddball_goal3,eeg,,oddball,demographics_eeg_traditional,inceptiontime__difference_wave__mean_std__none,3,0.6006927697240663,0.0051677962973925825,0.5975640157160277,0.6066576344668745
standard_cv,eeg_oddball_goal3,eeg,,oddball,demographics_eeg_traditional,inceptiontime__standard_only__mean_std__none,3,0.6006927697240663,0.0051677962973925825,0.5975640157160277,0.6066576344668745
standard_cv,eeg_oddball_goal3,eeg,,oddball,demographics_eeg_traditional,inceptiontime__target_only__mean_std__none,3,0.6006927697240663,0.0051677962973925825,0.5975640157160277,0.6066576344668745
standard_cv,eeg_oddball_goal3,eeg,,oddball,eeg_deep,conformer__condition_aware__mean_std__none,3,0.5133188818136657,0.01896181769769628,0.49469177618208915,0.5325985638802331
standard_cv,eeg_oddball_goal3,eeg,,oddball,eeg_deep,conformer__difference_wave__mean_std__none,3,0.4983703653524816,0.003987183478768905,0.49589283294946485,0.502969787291695
standard_cv,eeg_oddball_goal3,eeg,,oddball,eeg_deep,conformer__standard_only__mean_std__none,3,0.5247157115115386,0.007428157287746705,0.5162484758162851,0.5301354829968838
standard_cv,eeg_oddball_goal3,eeg,,oddball,eeg_deep,conformer__target_only__mean_std__none,3,0.519434132683015,0.011078180490302356,0.5116691505216096,0.532120308901233
standard_cv,eeg_oddball_goal3,eeg,,oddball,eeg_deep,eegnet__condition_aware__attention__none,3,0.5392729079167232,0.006636889616276416,0.5322151469990517,0.5453881587860724
standard_cv,eeg_oddball_goal3,eeg,,oddball,eeg_deep,eegnet__condition_aware__mean_std__none,3,0.5270202772885336,0.00851152045529589,0.5173648557106083,0.5334372036309443
standard_cv,eeg_oddball_goal3,eeg,,oddball,eeg_deep,eegnet__condition_aware__mean_std__robust_z,3,0.532354694485842,0.0013949163820489276,0.5309172198889038,0.5337027503048367
standard_cv,eeg_oddball_goal3,eeg,,oddball,eeg_deep,eegnet__difference_wave__mean_std__none,3,0.5187847175179515,0.009331791777404024,0.5090258772524048,0.5276209185747189
standard_cv,eeg_oddball_goal3,eeg,,oddball,eeg_deep,eegnet__standard_only__mean_std__none,3,0.5283168495687125,0.007467668959051347,0.5197005825768866,0.5329183037528791
standard_cv,eeg_oddball_goal3,eeg,,oddball,eeg_deep,eegnet__target_only__mean_std__none,3,0.5301494829065619,0.008060859674365723,0.5223601138057175,0.5384568486654925
standard_cv,eeg_oddball_goal3,eeg,,oddball,eeg_deep,inceptiontime__condition_aware__mean_std__none,3,0.5247938400397416,0.0026045387245251374,0.5217924400487738,0.526459829291424
standard_cv,eeg_oddball_goal3,eeg,,oddball,eeg_deep,inceptiontime__difference_wave__mean_std__none,3,0.5088131689472971,0.009241737944860204,0.5011488958135755,0.5190760059612518
standard_cv,eeg_oddball_goal3,eeg,,oddball,eeg_deep,inceptiontime__standard_only__mean_std__none,3,0.5201016122476628,0.009232176751197614,0.5112532177211759,0.5296748408074786
standard_cv,eeg_oddball_goal3,eeg,,oddball,eeg_deep,inceptiontime__target_only__mean_std__none,3,0.5238129431423023,0.006209985546929509,0.5200203224495326,0.5309795420674706
standard_cv,eeg_oddball_goal3,eeg,,oddball,eeg_traditional,conformer__condition_aware__mean_std__none,3,0.5166147315178612,0.013818969763756668,0.5031486248475816,0.5307614144424875
standard_cv,eeg_oddball_goal3,eeg,,oddball,eeg_traditional,conformer__difference_wave__mean_std__none,3,0.5166147315178612,0.013818969763756668,0.5031486248475816,0.5307614144424875
standard_cv,eeg_oddball_goal3,eeg,,oddball,eeg_traditional,conformer__standard_only__mean_std__none,3,0.5166147315178612,0.013818969763756668,0.5031486248475816,0.5307614144424875
standard_cv,eeg_oddball_goal3,eeg,,oddball,eeg_traditional,conformer__target_only__mean_std__none,3,0.5166147315178612,0.013818969763756668,0.5031486248475816,0.5307614144424875
standard_cv,eeg_oddball_goal3,eeg,,oddball,eeg_traditional,eegnet__condition_aware__attention__none,3,0.5166147315178612,0.013818969763756668,0.5031486248475816,0.5307614144424875
standard_cv,eeg_oddball_goal3,eeg,,oddball,eeg_traditional,eegnet__condition_aware__mean_std__none,3,0.5166147315178612,0.013818969763756668,0.5031486248475816,0.5307614144424875
standard_cv,eeg_oddball_goal3,eeg,,oddball,eeg_traditional,eegnet__condition_aware__mean_std__robust_z,3,0.5166147315178612,0.013818969763756668,0.5031486248475816,0.5307614144424875
standard_cv,eeg_oddball_goal3,eeg,,oddball,eeg_traditional,eegnet__difference_wave__mean_std__none,3,0.5166147315178612,0.013818969763756668,0.5031486248475816,0.5307614144424875
standard_cv,eeg_oddball_goal3,eeg,,oddball,eeg_traditional,eegnet__standard_only__mean_std__none,3,0.5166147315178612,0.013818969763756668,0.5031486248475816,0.5307614144424875
standard_cv,eeg_oddball_goal3,eeg,,oddball,eeg_traditional,eegnet__target_only__mean_std__none,3,0.5166147315178612,0.013818969763756668,0.5031486248475816,0.5307614144424875
standard_cv,eeg_oddball_goal3,eeg,,oddball,eeg_traditional,inceptiontime__condition_aware__mean_std__none,3,0.5166147315178612,0.013818969763756668,0.5031486248475816,0.5307614144424875
standard_cv,eeg_oddball_goal3,eeg,,oddball,eeg_traditional,inceptiontime__difference_wave__mean_std__none,3,0.5166147315178612,0.013818969763756668,0.5031486248475816,0.5307614144424875
standard_cv,eeg_oddball_goal3,eeg,,oddball,eeg_traditional,inceptiontime__standard_only__mean_std__none,3,0.5166147315178612,0.013818969763756668,0.5031486248475816,0.5307614144424875
standard_cv,eeg_oddball_goal3,eeg,,oddball,eeg_traditional,inceptiontime__target_only__mean_std__none,3,0.5166147315178612,0.013818969763756668,0.5031486248475816,0.5307614144424875
