fold,L_id,split
1,L547,train
1,L549,train
1,L550,train
1,L553,train
1,L554,train
1,L555,train
1,L560,train
1,L562,train
1,L564,train
1,L565,train
1,L566,train
1,L568,train
1,L569,train
1,L571,train
1,L573,train
1,L574,train
1,L575,train
1,L576,train
1,L577,train
1,L578,train
1,L580,train
1,L581,train
1,L582,train
1,L583,train
1,L584,train
1,L585,train
1,L586,train
1,L589,train
1,L590,train
1,L592,train
1,L595,train
1,L596,train
1,L597,train
1,L598,train
1,L599,train
1,L600,train
1,L601,train
1,L603,train
1,L604,train
1,L605,train
1,L607,train
1,L610,train
1,L611,train
1,L612,train
1,L613,train
1,L615,train
1,L616,train
1,L617,train
1,L618,train
1,L619,train
1,L620,train
1,L622,train
1,L623,train
1,L625,train
1,L626,train
1,L628,train
1,L630,train
1,L632,train
1,L634,train
1,L635,train
1,L636,train
1,L637,train
1,L638,train
1,L6,train
1,L8,train
1,L9,train
1,L10,train
1,L11,train
1,L12,train
1,L29,train
1,L46,train
1,L49,train
1,L50,train
1,L51,train
1,L169,train
1,L170,train
1,L171,train
1,L173,train
1,L174,train
1,L175,train
1,L176,train
1,L177,train
1,L178,train
1,L179,train
1,L181,train
1,L182,train
1,L190,train
1,L192,train
1,L194,train
1,L195,train
1,L545,train
1,L196,train
1,L198,train
1,L203,train
1,L208,train
1,L210,train
1,L219,train
1,L220,train
1,L221,train
1,L222,train
1,L223,train
1,L225,train
1,L226,train
1,L242,train
1,L243,train
1,L244,train
1,L247,train
1,L248,train
1,L249,train
1,L250,train
1,L251,train
1,L253,train
1,L258,train
1,L259,train
1,L260,train
1,L261,train
1,L262,train
1,L264,train
1,L273,train
1,L276,train
1,L277,train
1,L279,train
1,L280,train
1,L281,train
1,L282,train
1,L286,train
1,L287,train
1,L289,train
1,L292,train
1,L293,train
1,L294,train
1,L295,train
1,L297,train
1,L298,train
1,L299,train
1,L300,train
1,L302,train
1,L304,train
1,L307,train
1,L309,train
1,L312,train
1,L313,train
1,L315,train
1,L316,train
1,L317,train
1,L319,train
1,L320,train
1,L322,train
1,L323,train
1,L324,train
1,L327,train
1,L330,train
1,L331,train
1,L333,train
1,L335,train
1,L336,train
1,L338,train
1,L339,train
1,L340,train
1,L344,train
1,L345,train
1,L346,train
1,L348,train
1,L349,train
1,L350,train
1,L353,train
1,L357,train
1,L359,train
1,L361,train
1,L411,train
1,L414,train
1,L415,train
1,L416,train
1,L417,train
1,L418,train
1,L421,train
1,L423,train
1,L426,train
1,L428,train
1,L429,train
1,L430,train
1,L431,train
1,L432,train
1,L436,train
1,L437,train
1,L438,train
1,L439,train
1,L441,train
1,L443,train
1,L444,train
1,L445,train
1,L446,train
1,L447,train
1,L448,train
1,L451,train
1,L455,train
1,L456,train
1,L461,train
1,L462,train
1,L465,train
1,L466,train
1,L478,train
1,L479,train
1,L480,train
1,L481,train
1,L482,train
1,L487,train
1,L491,train
1,L493,train
1,L494,train
1,L496,train
1,L497,train
1,L498,train
1,L499,train
1,L500,train
1,L501,train
1,L502,train
1,L505,train
1,L506,train
1,L507,train
1,L508,train
1,L509,train
1,L511,train
1,L515,train
1,L516,train
1,L517,train
1,L518,train
1,L520,train
1,L522,train
1,L524,train
1,L525,train
1,L528,train
1,L529,train
1,L531,train
1,L534,train
1,L539,train
1,L540,train
1,L640,train
1,L641,train
1,L642,train
1,L643,train
1,L644,train
1,L647,train
1,L648,train
1,L650,train
1,L660,train
1,L662,train
1,L665,train
1,L672,train
1,L674,train
1,L675,train
1,L676,train
1,L680,train
1,L681,train
1,L682,train
1,L686,train
1,L688,train
1,L689,train
1,L690,train
1,L696,train
1,L697,train
1,L698,train
1,L700,train
1,L702,train
1,L703,train
1,L705,train
1,L706,train
1,L707,train
1,L708,train
1,L710,train
1,L711,train
1,L712,train
1,L713,train
1,L716,train
1,L717,train
1,L718,train
1,L719,train
1,L720,train
1,L721,train
1,L722,train
1,L723,train
1,L724,train
1,L725,train
1,L726,train
1,L727,train
1,L729,train
1,L730,train
1,L731,train
1,L733,train
1,L734,train
1,L735,train
1,L736,train
1,L737,train
1,L739,train
1,L740,train
1,L741,train
1,L744,train
1,L749,train
1,L750,train
1,L751,train
1,L753,train
1,L755,train
1,L760,train
1,L761,train
1,L765,train
1,L767,train
1,L768,train
1,L769,train
1,L773,train
1,L783,train
1,L785,train
1,L786,train
1,L787,train
1,L788,train
1,L789,train
1,L790,train
1,L791,train
1,L795,train
1,L801,train
1,L803,train
1,L806,train
1,L807,train
1,L810,train
1,L814,train
1,L815,train
1,L816,train
1,L817,train
1,L819,train
1,L820,train
1,L821,train
1,L824,train
1,L832,train
1,L845,train
1,L846,train
1,L848,train
1,L849,train
1,L850,train
1,L851,train
1,L852,train
1,L854,train
1,L855,train
1,L856,train
1,L857,train
1,L858,train
1,L859,train
1,L861,train
1,L863,train
1,L867,train
1,L871,train
1,L1361,train
1,L1363,train
1,L1382,train
1,L1384,train
1,L1387,train
1,L1388,train
1,L1389,train
1,L1392,train
1,L1393,train
1,L1396,train
1,L1399,train
1,L1411,train
1,L1412,train
1,L1413,train
1,L1416,train
1,L1422,train
1,L1423,train
1,L1424,train
1,L1426,train
1,L1437,train
1,L1446,train
1,L1449,train
1,L1450,train
1,L1451,train
1,L1452,train
1,L1453,train
1,L1455,train
1,L1457,train
1,L1461,train
1,L1464,train
1,L1467,train
1,L1468,train
1,L1469,train
1,L1470,train
1,L1471,train
1,L1472,train
1,L1473,train
1,L1474,train
1,L1475,train
1,L1476,train
1,L1478,train
1,L1484,train
1,L1485,train
1,L1487,train
1,L1488,train
1,L1492,train
1,L1494,train
1,L1495,train
1,L1496,train
1,L1498,train
1,L1499,train
1,L1454,train
1,L1502,train
1,L1504,train
1,L1505,train
1,L1508,train
1,L1509,train
1,L1511,train
1,L1512,train
1,L1513,train
1,L1515,train
1,L1516,train
1,L1517,train
1,L1518,train
1,L1520,train
1,L1539,train
1,L1540,train
1,L1541,train
1,L1542,train
1,L1543,train
1,L1544,train
1,L1545,train
1,L1546,train
1,L1547,train
1,L1548,train
1,L1549,train
1,L1550,train
1,L1551,train
1,L1552,train
1,L1553,train
1,L1554,train
1,L1555,train
1,L1556,train
1,L1560,train
1,L1562,train
1,L1565,train
1,L1566,train
1,L1567,train
1,L1568,train
1,L1570,train
1,L1571,train
1,L1572,train
1,L1574,train
1,L1575,train
1,L1576,train
1,L1577,train
1,L1578,train
1,L1580,train
1,L1581,train
1,L1582,train
1,L1583,train
1,L1585,train
1,L1587,train
1,L1588,train
1,L1590,train
1,L1591,train
1,L1594,train
1,L1600,train
1,L1601,train
1,L1602,train
1,L1604,train
1,L1606,train
1,L1608,train
1,L1609,train
1,L1610,train
1,L1611,train
1,L1612,train
1,L1615,train
1,L1616,train
1,L1618,train
1,L1619,train
1,L1620,train
1,L1622,train
1,L1623,train
1,L1624,train
1,L1625,train
1,L1627,train
1,L1628,train
1,L1629,train
1,L1632,train
1,L1633,train
1,L1634,train
1,L1635,train
1,L1636,train
1,L1637,train
1,L1641,train
1,L1642,train
1,L1643,train
1,L1645,train
1,L1648,train
1,L1650,train
1,L1651,train
1,L1652,train
1,L1654,train
1,L1655,train
1,L1656,train
1,L1658,train
1,L1662,train
1,L1663,train
1,L1664,train
1,L1666,train
1,L1667,train
1,L1668,train
1,L1672,train
1,L1673,train
1,L1675,train
1,L1676,train
1,L1678,train
1,L1680,train
1,L1683,train
1,L1684,train
1,L1685,train
1,L1725,train
1,L1726,train
1,L1727,train
1,L1728,train
1,L1731,train
1,L1732,train
1,L1733,train
1,L1736,train
1,L1738,train
1,L1741,train
1,L1742,train
1,L1744,train
1,L1745,train
1,L1747,train
1,L1748,train
1,L1750,train
1,L1751,train
1,L1753,train
1,L1755,train
1,L1756,train
1,L1757,train
1,L1758,train
1,L1759,train
1,L1760,train
1,L1761,train
1,L1762,train
1,L1763,train
1,L1764,train
1,L1765,train
1,L1766,train
1,L1767,train
1,L1769,train
1,L1771,train
1,L1773,train
1,L1776,train
1,L1777,train
1,L1778,train
1,L1782,train
1,L1783,train
1,L1784,train
1,L1786,train
1,L1788,train
1,L1789,train
1,L1790,train
1,L1798,train
1,L1799,train
1,L1800,train
1,L1802,train
1,L1803,train
1,L1805,train
1,L1806,train
1,L1807,train
1,L1809,train
1,L1810,train
1,L1811,train
1,L1812,train
1,L1813,train
1,L1814,train
1,L1817,train
1,L1818,train
1,L1823,train
1,L1832,train
1,L1833,train
1,L1835,train
1,L1836,train
1,L1838,train
1,L1850,train
1,L1851,train
1,L1852,train
1,L1854,train
1,L1864,train
1,L1866,train
1,L1872,train
1,L1876,train
1,L1877,train
1,L1878,train
1,L1879,train
1,L1881,train
1,L1891,train
1,L1894,train
1,L1895,train
1,L1896,train
1,L1898,train
1,L1899,train
1,L1901,train
1,L1903,train
1,L1904,train
1,L1905,train
1,L1906,train
1,L1907,train
1,L1908,train
1,L1909,train
1,L2060,train
1,L2061,train
1,L2062,train
1,L2063,train
1,L2064,train
1,L2065,train
1,L2066,train
1,L2068,train
1,L2076,train
1,L2079,train
1,L2080,train
1,L2082,train
1,L2085,train
1,L2086,train
1,L2087,train
1,L2089,train
1,L2090,train
1,L2092,train
1,L2093,train
1,L2094,train
1,L2096,train
1,L2097,train
1,L2100,train
1,L2102,train
1,L2103,train
1,L2104,train
1,L2107,train
1,L2108,train
1,L2109,train
1,L2110,train
1,L2111,train
1,L2113,train
1,L2114,train
1,L2115,train
1,L2117,train
1,L2120,train
1,L2128,train
1,L2150,train
1,L2152,train
1,L2154,train
1,L2162,train
1,L2167,train
1,L2171,train
1,L2173,train
1,L2175,train
1,L2176,train
1,L2178,train
1,L2180,train
1,L2181,train
1,L2182,train
1,L2183,train
1,L2185,train
1,L2190,train
1,L2192,train
1,L2193,train
1,L2194,train
1,L2196,train
1,L2201,train
1,L2202,train
1,L2203,train
1,L2204,train
1,L2206,train
1,L2207,train
1,L2225,train
1,L2226,train
1,L2232,train
1,L2235,train
1,L2238,train
1,L2239,train
1,L2243,train
1,L2497,train
1,L2498,train
1,L2502,train
1,L2505,train
1,L2507,train
1,L2508,train
1,L2513,train
1,L2519,train
1,L2529,train
1,L2530,train
1,L2545,train
1,L2559,train
1,L2561,train
1,L2562,train
1,L2568,train
1,L2570,train
1,L2571,train
1,L2584,train
1,L2585,train
1,L2696,train
1,L2706,train
1,L2718,train
1,L2747,train
1,L2748,train
1,L2751,train
1,L2752,train
1,L2753,train
1,L2761,train
1,L2764,train
1,L2765,train
1,L2768,train
1,L2772,train
1,L2773,train
1,L2775,train
1,L2777,train
1,L2780,train
1,L2782,train
1,L2783,train
1,L2786,train
1,L2787,train
1,L2788,train
1,L2789,train
1,L2792,train
1,L2795,train
1,L2796,train
1,L2797,train
1,L2799,train
1,L2802,train
1,L2804,train
1,L3236,train
1,L2805,train
1,L2806,train
1,L2807,train
1,L2809,train
1,L2811,train
1,L2817,train
1,L2818,train
1,L2819,train
1,L2832,train
1,L2835,train
1,L2837,train
1,L2840,train
1,L2841,train
1,L2843,train
1,L2844,train
1,L2845,train
1,L2846,train
1,L2847,train
1,L2850,train
1,L2851,train
1,L2853,train
1,L2854,train
1,L2862,train
1,L2866,train
1,L2867,train
1,L2870,train
1,L2873,train
1,L2874,train
1,L2875,train
1,L2877,train
1,L2883,train
1,L2884,train
1,L2886,train
1,L2890,train
1,L2891,train
1,L2893,train
1,L2894,train
1,L2895,train
1,L2899,train
1,L2906,train
1,L2908,train
1,L2911,train
1,L2918,train
1,L2923,train
1,L3237,train
1,L2936,train
1,L2946,train
1,L2957,train
1,L2960,train
1,L2961,train
1,L2983,train
1,L3007,train
1,L3011,train
1,L3019,train
1,L3023,train
1,L3026,train
1,L3027,train
1,L3028,train
1,L3098,train
1,L3131,train
1,L3135,train
1,L3136,train
1,L3179,train
1,L3180,train
1,L3182,train
1,L3184,train
1,L3185,train
1,L3403,train
1,L3406,train
1,L3407,train
1,L3409,train
1,L3415,train
1,L3422,train
1,L3424,train
1,L3425,train
1,L3426,train
1,L3427,train
1,L3428,train
1,L3429,train
1,L3430,train
1,L3431,train
1,L3432,train
1,L3435,train
1,L3436,train
1,L3437,train
1,L3439,train
1,L3441,train
1,L3443,train
1,L3444,train
1,L3445,train
1,L3446,train
1,L3447,train
1,L3450,train
1,L3452,train
1,L3463,train
1,L3465,train
1,L3467,train
1,L3478,train
1,L3479,train
1,L3486,train
1,L3487,train
1,L3488,train
1,L3492,train
1,L3493,train
1,L3496,train
1,L3497,train
1,L3498,train
1,L3501,train
1,L3502,train
1,L3503,train
1,L3505,train
1,L3509,train
1,L3510,train
1,L3512,train
1,L3514,train
1,L3516,train
1,L3519,train
1,L3520,train
1,L3522,train
1,L3529,train
1,L3530,train
1,L3531,train
1,L3532,train
1,L3533,train
1,L3534,train
1,L3535,train
1,L3536,train
1,L3539,train
1,L3540,train
1,L3542,train
1,L3543,train
1,L3544,train
1,L3545,train
1,L3547,train
1,L3548,train
1,L3550,train
1,L3551,train
1,L3552,train
1,L3554,train
1,L3557,train
1,L3559,train
1,L3560,train
1,L3561,train
1,L3563,train
1,L3564,train
1,L3565,train
1,L3566,train
1,L3567,train
1,L3568,train
1,L3569,train
1,L3570,train
1,L3571,train
1,L3573,train
1,L3574,train
1,L3575,train
1,L3580,train
1,L3553,train
1,L3581,train
1,L3583,train
1,L3584,train
1,L3585,train
1,L3586,train
1,L3587,train
1,L3588,train
1,L3589,train
1,L3591,train
1,L3592,train
1,L3594,train
1,L3595,train
1,L3597,train
1,L3598,train
1,L3582,train
1,L3599,train
1,L3600,train
1,L3605,train
1,L3606,train
1,L3607,train
1,L3609,train
1,L3610,train
1,L3611,train
1,L3613,train
1,L3614,train
1,L3616,train
1,L3617,train
1,L3618,train
1,L3619,train
1,L3620,train
1,L4034,train
1,L4054,train
1,L4077,train
1,L4078,train
1,L4080,train
1,L4081,train
1,L4082,train
1,L4084,train
1,L4085,train
1,L4086,train
1,L4087,train
1,L4094,train
1,L4095,train
1,L4096,train
1,L4098,train
1,L4099,train
1,L4100,train
1,L4101,train
1,L4102,train
1,L4103,train
1,L4105,train
1,L4108,train
1,L4111,train
1,L4114,train
1,L4115,train
1,L4401,train
1,L4402,train
1,L4403,train
1,L4404,train
1,L4408,train
1,L4409,train
1,L4414,train
1,L4480,train
1,L4481,train
1,L4482,train
1,L4484,train
1,L4486,train
1,L4488,train
1,L4489,train
1,L4490,train
1,L4491,train
1,L4494,train
1,L4495,train
1,L4496,train
1,L4497,train
1,L4498,train
1,L4499,train
1,L4500,train
1,L4501,train
1,L4504,train
1,L4505,train
1,L4507,train
1,L4508,train
1,L4513,train
1,L4514,train
1,L4523,train
1,L4562,train
1,L4526,train
1,L4527,train
1,L4533,train
1,L4536,train
1,L4538,train
1,L4539,train
1,L4540,train
1,L4541,train
1,L4542,train
1,L4544,train
1,L4545,train
1,L4546,train
1,L4547,train
1,L4548,train
1,L4549,train
1,L4550,train
1,L4572,train
1,L4569,train
1,L4568,train
1,L4576,train
1,L3603,train
1,L4565,train
1,L4566,train
1,L4567,train
1,L4574,train
1,L4587,train
1,L4586,train
1,L4578,train
1,L4579,train
1,L4583,train
1,L546,test
1,L548,test
1,L556,test
1,L557,test
1,L559,test
1,L563,test
1,L579,test
1,L587,test
1,L588,test
1,L591,test
1,L627,test
1,L629,test
1,L633,test
1,L45,test
1,L172,test
1,L183,test
1,L184,test
1,L199,test
1,L246,test
1,L252,test
1,L255,test
1,L256,test
1,L263,test
1,L274,test
1,L275,test
1,L283,test
1,L296,test
1,L305,test
1,L311,test
1,L318,test
1,L326,test
1,L332,test
1,L337,test
1,L347,test
1,L354,test
1,L356,test
1,L419,test
1,L434,test
1,L435,test
1,L449,test
1,L458,test
1,L459,test
1,L463,test
1,L464,test
1,L467,test
1,L492,test
1,L504,test
1,L512,test
1,L521,test
1,L523,test
1,L527,test
1,L532,test
1,L537,test
1,L541,test
1,L542,test
1,L543,test
1,L646,test
1,L677,test
1,L699,test
1,L701,test
1,L704,test
1,L709,test
1,L714,test
1,L742,test
1,L746,test
1,L747,test
1,L748,test
1,L756,test
1,L759,test
1,L762,test
1,L763,test
1,L766,test
1,L772,test
1,L775,test
1,L779,test
1,L784,test
1,L792,test
1,L793,test
1,L794,test
1,L808,test
1,L818,test
1,L823,test
1,L826,test
1,L827,test
1,L828,test
1,L834,test
1,L838,test
1,L839,test
1,L869,test
1,L1355,test
1,L1379,test
1,L1386,test
1,L1400,test
1,L1404,test
1,L1405,test
1,L1444,test
1,L1445,test
1,L1447,test
1,L1483,test
1,L1493,test
1,L1497,test
1,L1500,test
1,L1503,test
1,L1506,test
1,L1507,test
1,L1557,test
1,L1558,test
1,L1564,test
1,L1569,test
1,L1573,test
1,L1579,test
1,L1584,test
1,L1586,test
1,L1589,test
1,L1593,test
1,L1595,test
1,L1596,test
1,L1597,test
1,L1598,test
1,L1603,test
1,L1621,test
1,L1630,test
1,L1631,test
1,L1638,test
1,L1639,test
1,L1657,test
1,L1659,test
1,L1660,test
1,L1677,test
1,L1729,test
1,L1737,test
1,L1740,test
1,L1743,test
1,L1746,test
1,L1749,test
1,L1768,test
1,L1774,test
1,L1775,test
1,L1791,test
1,L1795,test
1,L1804,test
1,L1808,test
1,L1816,test
1,L1830,test
1,L1837,test
1,L1853,test
1,L1855,test
1,L1860,test
1,L1865,test
1,L1871,test
1,L1893,test
1,L2059,test
1,L2067,test
1,L2072,test
1,L2077,test
1,L2083,test
1,L2084,test
1,L2088,test
1,L2091,test
1,L2095,test
1,L2098,test
1,L2099,test
1,L2101,test
1,L2112,test
1,L2116,test
1,L2147,test
1,L2169,test
1,L2172,test
1,L2174,test
1,L2188,test
1,L2195,test
1,L2231,test
1,L2237,test
1,L2242,test
1,L2501,test
1,L2515,test
1,L2516,test
1,L2553,test
1,L2556,test
1,L2558,test
1,L2560,test
1,L2563,test
1,L2770,test
1,L2771,test
1,L2776,test
1,L2778,test
1,L2779,test
1,L2784,test
1,L2785,test
1,L2790,test
1,L2793,test
1,L2798,test
1,L2830,test
1,L2838,test
1,L2839,test
1,L2842,test
1,L2848,test
1,L2849,test
1,L2852,test
1,L2868,test
1,L2872,test
1,L2897,test
1,L2900,test
1,L2909,test
1,L2921,test
1,L2922,test
1,L2991,test
1,L3006,test
1,L3010,test
1,L3024,test
1,L3029,test
1,L3102,test
1,L3186,test
1,L3411,test
1,L3414,test
1,L3433,test
1,L3434,test
1,L3438,test
1,L3448,test
1,L3464,test
1,L3481,test
1,L3499,test
1,L3500,test
1,L3506,test
1,L3507,test
1,L3517,test
1,L3518,test
1,L3528,test
1,L3555,test
1,L3572,test
1,L3577,test
1,L3578,test
1,L3579,test
1,L3602,test
1,L3604,test
1,L3608,test
1,L4061,test
1,L4083,test
1,L4406,test
1,L4483,test
1,L4485,test
1,L4487,test
1,L4506,test
1,L4543,test
1,L4571,test
1,L4580,test
1,L4581,test
1,L4582,test
1,L4585,test
1,L4577,test
2,L546,train
2,L548,train
2,L553,train
2,L555,train
2,L556,train
2,L557,train
2,L559,train
2,L560,train
2,L562,train
2,L563,train
2,L566,train
2,L568,train
2,L569,train
2,L571,train
2,L573,train
2,L574,train
2,L575,train
2,L577,train
2,L578,train
2,L579,train
2,L580,train
2,L582,train
2,L584,train
2,L585,train
2,L586,train
2,L587,train
2,L588,train
2,L589,train
2,L590,train
2,L591,train
2,L592,train
2,L595,train
2,L596,train
2,L597,train
2,L599,train
2,L600,train
2,L601,train
2,L603,train
2,L604,train
2,L605,train
2,L607,train
2,L610,train
2,L611,train
2,L612,train
2,L613,train
2,L615,train
2,L617,train
2,L618,train
2,L622,train
2,L623,train
2,L625,train
2,L627,train
2,L628,train
2,L629,train
2,L632,train
2,L633,train
2,L634,train
2,L635,train
2,L636,train
2,L6,train
2,L8,train
2,L10,train
2,L11,train
2,L29,train
2,L45,train
2,L46,train
2,L169,train
2,L170,train
2,L171,train
2,L172,train
2,L174,train
2,L175,train
2,L176,train
2,L178,train
2,L181,train
2,L182,train
2,L183,train
2,L184,train
2,L192,train
2,L194,train
2,L195,train
2,L545,train
2,L196,train
2,L199,train
2,L203,train
2,L210,train
2,L219,train
2,L221,train
2,L222,train
2,L223,train
2,L225,train
2,L226,train
2,L242,train
2,L243,train
2,L246,train
2,L247,train
2,L249,train
2,L251,train
2,L252,train
2,L253,train
2,L255,train
2,L256,train
2,L258,train
2,L260,train
2,L262,train
2,L263,train
2,L264,train
2,L274,train
2,L275,train
2,L276,train
2,L277,train
2,L279,train
2,L280,train
2,L281,train
2,L282,train
2,L283,train
2,L287,train
2,L289,train
2,L292,train
2,L293,train
2,L294,train
2,L296,train
2,L297,train
2,L298,train
2,L299,train
2,L300,train
2,L302,train
2,L304,train
2,L305,train
2,L309,train
2,L311,train
2,L312,train
2,L313,train
2,L316,train
2,L318,train
2,L319,train
2,L320,train
2,L322,train
2,L323,train
2,L324,train
2,L326,train
2,L327,train
2,L330,train
2,L331,train
2,L332,train
2,L335,train
2,L336,train
2,L337,train
2,L338,train
2,L340,train
2,L345,train
2,L346,train
2,L347,train
2,L348,train
2,L350,train
2,L353,train
2,L354,train
2,L356,train
2,L357,train
2,L359,train
2,L361,train
2,L414,train
2,L415,train
2,L416,train
2,L417,train
2,L418,train
2,L419,train
2,L421,train
2,L423,train
2,L426,train
2,L428,train
2,L430,train
2,L431,train
2,L434,train
2,L435,train
2,L436,train
2,L437,train
2,L439,train
2,L443,train
2,L444,train
2,L445,train
2,L449,train
2,L455,train
2,L456,train
2,L458,train
2,L459,train
2,L461,train
2,L462,train
2,L463,train
2,L464,train
2,L465,train
2,L466,train
2,L467,train
2,L478,train
2,L480,train
2,L481,train
2,L482,train
2,L487,train
2,L492,train
2,L494,train
2,L498,train
2,L499,train
2,L500,train
2,L502,train
2,L504,train
2,L505,train
2,L506,train
2,L507,train
2,L509,train
2,L511,train
2,L512,train
2,L516,train
2,L517,train
2,L518,train
2,L521,train
2,L522,train
2,L523,train
2,L524,train
2,L525,train
2,L527,train
2,L528,train
2,L531,train
2,L532,train
2,L534,train
2,L537,train
2,L539,train
2,L540,train
2,L541,train
2,L542,train
2,L543,train
2,L640,train
2,L642,train
2,L643,train
2,L644,train
2,L646,train
2,L647,train
2,L648,train
2,L650,train
2,L660,train
2,L662,train
2,L665,train
2,L672,train
2,L674,train
2,L675,train
2,L677,train
2,L681,train
2,L682,train
2,L689,train
2,L690,train
2,L696,train
2,L697,train
2,L698,train
2,L699,train
2,L700,train
2,L701,train
2,L702,train
2,L703,train
2,L704,train
2,L705,train
2,L706,train
2,L707,train
2,L708,train
2,L709,train
2,L710,train
2,L711,train
2,L712,train
2,L713,train
2,L714,train
2,L718,train
2,L720,train
2,L722,train
2,L723,train
2,L724,train
2,L725,train
2,L727,train
2,L730,train
2,L731,train
2,L733,train
2,L734,train
2,L735,train
2,L736,train
2,L737,train
2,L740,train
2,L741,train
2,L742,train
2,L744,train
2,L746,train
2,L747,train
2,L748,train
2,L751,train
2,L753,train
2,L755,train
2,L756,train
2,L759,train
2,L760,train
2,L761,train
2,L762,train
2,L763,train
2,L765,train
2,L766,train
2,L767,train
2,L772,train
2,L773,train
2,L775,train
2,L779,train
2,L784,train
2,L785,train
2,L786,train
2,L787,train
2,L789,train
2,L791,train
2,L792,train
2,L793,train
2,L794,train
2,L795,train
2,L803,train
2,L806,train
2,L807,train
2,L808,train
2,L810,train
2,L814,train
2,L815,train
2,L816,train
2,L817,train
2,L818,train
2,L819,train
2,L820,train
2,L821,train
2,L823,train
2,L826,train
2,L827,train
2,L828,train
2,L834,train
2,L838,train
2,L839,train
2,L845,train
2,L846,train
2,L848,train
2,L849,train
2,L854,train
2,L855,train
2,L856,train
2,L857,train
2,L861,train
2,L867,train
2,L869,train
2,L1355,train
2,L1361,train
2,L1363,train
2,L1379,train
2,L1386,train
2,L1388,train
2,L1389,train
2,L1393,train
2,L1396,train
2,L1399,train
2,L1400,train
2,L1404,train
2,L1405,train
2,L1411,train
2,L1413,train
2,L1416,train
2,L1422,train
2,L1423,train
2,L1424,train
2,L1426,train
2,L1437,train
2,L1444,train
2,L1445,train
2,L1446,train
2,L1447,train
2,L1449,train
2,L1450,train
2,L1451,train
2,L1453,train
2,L1455,train
2,L1457,train
2,L1461,train
2,L1464,train
2,L1467,train
2,L1469,train
2,L1470,train
2,L1471,train
2,L1472,train
2,L1474,train
2,L1475,train
2,L1476,train
2,L1478,train
2,L1483,train
2,L1484,train
2,L1488,train
2,L1493,train
2,L1494,train
2,L1495,train
2,L1497,train
2,L1499,train
2,L1500,train
2,L1503,train
2,L1504,train
2,L1506,train
2,L1507,train
2,L1511,train
2,L1512,train
2,L1513,train
2,L1516,train
2,L1517,train
2,L1518,train
2,L1520,train
2,L1540,train
2,L1541,train
2,L1543,train
2,L1544,train
2,L1545,train
2,L1548,train
2,L1549,train
2,L1550,train
2,L1551,train
2,L1552,train
2,L1553,train
2,L1554,train
2,L1555,train
2,L1556,train
2,L1557,train
2,L1558,train
2,L1560,train
2,L1562,train
2,L1564,train
2,L1565,train
2,L1566,train
2,L1567,train
2,L1568,train
2,L1569,train
2,L1570,train
2,L1571,train
2,L1572,train
2,L1573,train
2,L1576,train
2,L1577,train
2,L1578,train
2,L1579,train
2,L1581,train
2,L1582,train
2,L1584,train
2,L1585,train
2,L1586,train
2,L1587,train
2,L1588,train
2,L1589,train
2,L1590,train
2,L1591,train
2,L1593,train
2,L1594,train
2,L1595,train
2,L1596,train
2,L1597,train
2,L1598,train
2,L1600,train
2,L1601,train
2,L1603,train
2,L1604,train
2,L1608,train
2,L1609,train
2,L1610,train
2,L1611,train
2,L1612,train
2,L1615,train
2,L1619,train
2,L1621,train
2,L1622,train
2,L1623,train
2,L1624,train
2,L1625,train
2,L1628,train
2,L1629,train
2,L1630,train
2,L1631,train
2,L1632,train
2,L1633,train
2,L1634,train
2,L1635,train
2,L1637,train
2,L1638,train
2,L1639,train
2,L1641,train
2,L1642,train
2,L1643,train
2,L1645,train
2,L1648,train
2,L1650,train
2,L1652,train
2,L1656,train
2,L1657,train
2,L1658,train
2,L1659,train
2,L1660,train
2,L1662,train
2,L1663,train
2,L1664,train
2,L1666,train
2,L1667,train
2,L1668,train
2,L1672,train
2,L1673,train
2,L1675,train
2,L1676,train
2,L1677,train
2,L1678,train
2,L1680,train
2,L1683,train
2,L1684,train
2,L1685,train
2,L1725,train
2,L1726,train
2,L1727,train
2,L1729,train
2,L1732,train
2,L1733,train
2,L1736,train
2,L1737,train
2,L1738,train
2,L1740,train
2,L1741,train
2,L1742,train
2,L1743,train
2,L1745,train
2,L1746,train
2,L1747,train
2,L1748,train
2,L1749,train
2,L1753,train
2,L1755,train
2,L1756,train
2,L1757,train
2,L1758,train
2,L1760,train
2,L1761,train
2,L1762,train
2,L1763,train
2,L1765,train
2,L1766,train
2,L1767,train
2,L1768,train
2,L1769,train
2,L1771,train
2,L1773,train
2,L1774,train
2,L1775,train
2,L1776,train
2,L1778,train
2,L1782,train
2,L1783,train
2,L1786,train
2,L1789,train
2,L1790,train
2,L1791,train
2,L1795,train
2,L1798,train
2,L1799,train
2,L1800,train
2,L1804,train
2,L1805,train
2,L1806,train
2,L1808,train
2,L1809,train
2,L1810,train
2,L1811,train
2,L1812,train
2,L1813,train
2,L1814,train
2,L1816,train
2,L1817,train
2,L1823,train
2,L1830,train
2,L1832,train
2,L1833,train
2,L1835,train
2,L1837,train
2,L1850,train
2,L1852,train
2,L1853,train
2,L1854,train
2,L1855,train
2,L1860,train
2,L1864,train
2,L1865,train
2,L1866,train
2,L1871,train
2,L1872,train
2,L1878,train
2,L1881,train
2,L1891,train
2,L1893,train
2,L1894,train
2,L1896,train
2,L1898,train
2,L1899,train
2,L1903,train
2,L1904,train
2,L1905,train
2,L1906,train
2,L1908,train
2,L2059,train
2,L2060,train
2,L2061,train
2,L2062,train
2,L2063,train
2,L2064,train
2,L2066,train
2,L2067,train
2,L2068,train
2,L2072,train
2,L2076,train
2,L2077,train
2,L2079,train
2,L2082,train
2,L2083,train
2,L2084,train
2,L2085,train
2,L2087,train
2,L2088,train
2,L2090,train
2,L2091,train
2,L2092,train
2,L2093,train
2,L2094,train
2,L2095,train
2,L2097,train
2,L2098,train
2,L2099,train
2,L2100,train
2,L2101,train
2,L2102,train
2,L2103,train
2,L2104,train
2,L2108,train
2,L2109,train
2,L2110,train
2,L2112,train
2,L2113,train
2,L2114,train
2,L2115,train
2,L2116,train
2,L2117,train
2,L2120,train
2,L2128,train
2,L2147,train
2,L2150,train
2,L2152,train
2,L2154,train
2,L2162,train
2,L2167,train
2,L2169,train
2,L2171,train
2,L2172,train
2,L2173,train
2,L2174,train
2,L2175,train
2,L2176,train
2,L2178,train
2,L2180,train
2,L2181,train
2,L2182,train
2,L2183,train
2,L2188,train
2,L2192,train
2,L2193,train
2,L2194,train
2,L2195,train
2,L2196,train
2,L2201,train
2,L2203,train
2,L2204,train
2,L2206,train
2,L2225,train
2,L2226,train
2,L2231,train
2,L2232,train
2,L2235,train
2,L2237,train
2,L2239,train
2,L2242,train
2,L2498,train
2,L2501,train
2,L2505,train
2,L2513,train
2,L2515,train
2,L2516,train
2,L2519,train
2,L2529,train
2,L2530,train
2,L2545,train
2,L2553,train
2,L2556,train
2,L2558,train
2,L2559,train
2,L2560,train
2,L2562,train
2,L2563,train
2,L2568,train
2,L2570,train
2,L2571,train
2,L2584,train
2,L2585,train
2,L2696,train
2,L2706,train
2,L2747,train
2,L2748,train
2,L2751,train
2,L2752,train
2,L2753,train
2,L2761,train
2,L2764,train
2,L2765,train
2,L2768,train
2,L2770,train
2,L2771,train
2,L2772,train
2,L2773,train
2,L2775,train
2,L2776,train
2,L2778,train
2,L2779,train
2,L2780,train
2,L2782,train
2,L2783,train
2,L2784,train
2,L2785,train
2,L2786,train
2,L2788,train
2,L2789,train
2,L2790,train
2,L2792,train
2,L2793,train
2,L2795,train
2,L2796,train
2,L2798,train
2,L2799,train
2,L2802,train
2,L2804,train
2,L3236,train
2,L2805,train
2,L2807,train
2,L2811,train
2,L2817,train
2,L2818,train
2,L2819,train
2,L2830,train
2,L2832,train
2,L2835,train
2,L2837,train
2,L2838,train
2,L2839,train
2,L2840,train
2,L2841,train
2,L2842,train
2,L2843,train
2,L2845,train
2,L2846,train
2,L2847,train
2,L2848,train
2,L2849,train
2,L2852,train
2,L2853,train
2,L2854,train
2,L2862,train
2,L2866,train
2,L2867,train
2,L2868,train
2,L2870,train
2,L2872,train
2,L2874,train
2,L2877,train
2,L2883,train
2,L2890,train
2,L2894,train
2,L2897,train
2,L2899,train
2,L2900,train
2,L2908,train
2,L2909,train
2,L2911,train
2,L2918,train
2,L2921,train
2,L2922,train
2,L2923,train
2,L2936,train
2,L2946,train
2,L2960,train
2,L2991,train
2,L3006,train
2,L3007,train
2,L3010,train
2,L3019,train
2,L3023,train
2,L3024,train
2,L3027,train
2,L3028,train
2,L3029,train
2,L3102,train
2,L3131,train
2,L3136,train
2,L3180,train
2,L3182,train
2,L3184,train
2,L3186,train
2,L3403,train
2,L3406,train
2,L3407,train
2,L3411,train
2,L3414,train
2,L3415,train
2,L3422,train
2,L3425,train
2,L3426,train
2,L3427,train
2,L3429,train
2,L3432,train
2,L3433,train
2,L3434,train
2,L3435,train
2,L3437,train
2,L3438,train
2,L3439,train
2,L3441,train
2,L3443,train
2,L3445,train
2,L3447,train
2,L3448,train
2,L3450,train
2,L3463,train
2,L3464,train
2,L3465,train
2,L3467,train
2,L3478,train
2,L3481,train
2,L3486,train
2,L3487,train
2,L3493,train
2,L3496,train
2,L3497,train
2,L3499,train
2,L3500,train
2,L3501,train
2,L3503,train
2,L3506,train
2,L3507,train
2,L3510,train
2,L3512,train
2,L3514,train
2,L3517,train
2,L3518,train
2,L3519,train
2,L3520,train
2,L3522,train
2,L3528,train
2,L3529,train
2,L3530,train
2,L3531,train
2,L3532,train
2,L3533,train
2,L3535,train
2,L3536,train
2,L3539,train
2,L3540,train
2,L3543,train
2,L3544,train
2,L3545,train
2,L3547,train
2,L3548,train
2,L3550,train
2,L3551,train
2,L3552,train
2,L3554,train
2,L3555,train
2,L3559,train
2,L3560,train
2,L3563,train
2,L3564,train
2,L3565,train
2,L3566,train
2,L3567,train
2,L3568,train
2,L3570,train
2,L3571,train
2,L3572,train
2,L3573,train
2,L3574,train
2,L3575,train
2,L3577,train
2,L3578,train
2,L3579,train
2,L3553,train
2,L3581,train
2,L3584,train
2,L3586,train
2,L3589,train
2,L3591,train
2,L3594,train
2,L3595,train
2,L3597,train
2,L3598,train
2,L3582,train
2,L3599,train
2,L3600,train
2,L3602,train
2,L3604,train
2,L3605,train
2,L3606,train
2,L3608,train
2,L3609,train
2,L3610,train
2,L3611,train
2,L3613,train
2,L3616,train
2,L3617,train
2,L3618,train
2,L3619,train
2,L3620,train
2,L4034,train
2,L4054,train
2,L4061,train
2,L4077,train
2,L4078,train
2,L4080,train
2,L4081,train
2,L4082,train
2,L4083,train
2,L4084,train
2,L4086,train
2,L4087,train
2,L4096,train
2,L4098,train
2,L4099,train
2,L4100,train
2,L4101,train
2,L4102,train
2,L4105,train
2,L4111,train
2,L4114,train
2,L4115,train
2,L4402,train
2,L4403,train
2,L4406,train
2,L4408,train
2,L4414,train
2,L4480,train
2,L4481,train
2,L4482,train
2,L4483,train
2,L4485,train
2,L4486,train
2,L4487,train
2,L4488,train
2,L4489,train
2,L4490,train
2,L4494,train
2,L4498,train
2,L4500,train
2,L4501,train
2,L4504,train
2,L4506,train
2,L4508,train
2,L4513,train
2,L4514,train
2,L4523,train
2,L4562,train
2,L4527,train
2,L4533,train
2,L4536,train
2,L4539,train
2,L4540,train
2,L4541,train
2,L4543,train
2,L4544,train
2,L4546,train
2,L4547,train
2,L4548,train
2,L4549,train
2,L4550,train
2,L4572,train
2,L4571,train
2,L4568,train
2,L4576,train
2,L3603,train
2,L4566,train
2,L4567,train
2,L4574,train
2,L4587,train
2,L4586,train
2,L4578,train
2,L4579,train
2,L4580,train
2,L4581,train
2,L4582,train
2,L4583,train
2,L4585,train
2,L4577,train
2,L547,test
2,L549,test
2,L550,test
2,L554,test
2,L564,test
2,L565,test
2,L576,test
2,L581,test
2,L583,test
2,L598,test
2,L616,test
2,L619,test
2,L620,test
2,L626,test
2,L630,test
2,L637,test
2,L638,test
2,L9,test
2,L12,test
2,L49,test
2,L50,test
2,L51,test
2,L173,test
2,L177,test
2,L179,test
2,L190,test
2,L198,test
2,L208,test
2,L220,test
2,L244,test
2,L248,test
2,L250,test
2,L259,test
2,L261,test
2,L273,test
2,L286,test
2,L295,test
2,L307,test
2,L315,test
2,L317,test
2,L333,test
2,L339,test
2,L344,test
2,L349,test
2,L411,test
2,L429,test
2,L432,test
2,L438,test
2,L441,test
2,L446,test
2,L447,test
2,L448,test
2,L451,test
2,L479,test
2,L491,test
2,L493,test
2,L496,test
2,L497,test
2,L501,test
2,L508,test
2,L515,test
2,L520,test
2,L529,test
2,L641,test
2,L676,test
2,L680,test
2,L686,test
2,L688,test
2,L716,test
2,L717,test
2,L719,test
2,L721,test
2,L726,test
2,L729,test
2,L739,test
2,L749,test
2,L750,test
2,L768,test
2,L769,test
2,L783,test
2,L788,test
2,L790,test
2,L801,test
2,L824,test
2,L832,test
2,L850,test
2,L851,test
2,L852,test
2,L858,test
2,L859,test
2,L863,test
2,L871,test
2,L1382,test
2,L1384,test
2,L1387,test
2,L1392,test
2,L1412,test
2,L1452,test
2,L1468,test
2,L1473,test
2,L1485,test
2,L1487,test
2,L1492,test
2,L1496,test
2,L1498,test
2,L1454,test
2,L1502,test
2,L1505,test
2,L1508,test
2,L1509,test
2,L1515,test
2,L1539,test
2,L1542,test
2,L1546,test
2,L1547,test
2,L1574,test
2,L1575,test
2,L1580,test
2,L1583,test
2,L1602,test
2,L1606,test
2,L1616,test
2,L1618,test
2,L1620,test
2,L1627,test
2,L1636,test
2,L1651,test
2,L1654,test
2,L1655,test
2,L1728,test
2,L1731,test
2,L1744,test
2,L1750,test
2,L1751,test
2,L1759,test
2,L1764,test
2,L1777,test
2,L1784,test
2,L1788,test
2,L1802,test
2,L1803,test
2,L1807,test
2,L1818,test
2,L1836,test
2,L1838,test
2,L1851,test
2,L1876,test
2,L1877,test
2,L1879,test
2,L1895,test
2,L1901,test
2,L1907,test
2,L1909,test
2,L2065,test
2,L2080,test
2,L2086,test
2,L2089,test
2,L2096,test
2,L2107,test
2,L2111,test
2,L2185,test
2,L2190,test
2,L2202,test
2,L2207,test
2,L2238,test
2,L2243,test
2,L2497,test
2,L2502,test
2,L2507,test
2,L2508,test
2,L2561,test
2,L2718,test
2,L2777,test
2,L2787,test
2,L2797,test
2,L2806,test
2,L2809,test
2,L2844,test
2,L2850,test
2,L2851,test
2,L2873,test
2,L2875,test
2,L2884,test
2,L2886,test
2,L2891,test
2,L2893,test
2,L2895,test
2,L2906,test
2,L3237,test
2,L2957,test
2,L2961,test
2,L2983,test
2,L3011,test
2,L3026,test
2,L3098,test
2,L3135,test
2,L3179,test
2,L3185,test
2,L3409,test
2,L3424,test
2,L3428,test
2,L3430,test
2,L3431,test
2,L3436,test
2,L3444,test
2,L3446,test
2,L3452,test
2,L3479,test
2,L3488,test
2,L3492,test
2,L3498,test
2,L3502,test
2,L3505,test
2,L3509,test
2,L3516,test
2,L3534,test
2,L3542,test
2,L3557,test
2,L3561,test
2,L3569,test
2,L3580,test
2,L3583,test
2,L3585,test
2,L3587,test
2,L3588,test
2,L3592,test
2,L3607,test
2,L3614,test
2,L4085,test
2,L4094,test
2,L4095,test
2,L4103,test
2,L4108,test
2,L4401,test
2,L4404,test
2,L4409,test
2,L4484,test
2,L4491,test
2,L4495,test
2,L4496,test
2,L4497,test
2,L4499,test
2,L4505,test
2,L4507,test
2,L4526,test
2,L4538,test
2,L4542,test
2,L4545,test
2,L4569,test
2,L4565,test
3,L546,train
3,L547,train
3,L548,train
3,L549,train
3,L550,train
3,L553,train
3,L554,train
3,L556,train
3,L557,train
3,L559,train
3,L562,train
3,L563,train
3,L564,train
3,L565,train
3,L566,train
3,L568,train
3,L571,train
3,L573,train
3,L574,train
3,L576,train
3,L578,train
3,L579,train
3,L580,train
3,L581,train
3,L582,train
3,L583,train
3,L584,train
3,L585,train
3,L586,train
3,L587,train
3,L588,train
3,L589,train
3,L591,train
3,L595,train
3,L596,train
3,L598,train
3,L600,train
3,L601,train
3,L604,train
3,L607,train
3,L610,train
3,L611,train
3,L612,train
3,L613,train
3,L616,train
3,L618,train
3,L619,train
3,L620,train
3,L622,train
3,L623,train
3,L626,train
3,L627,train
3,L628,train
3,L629,train
3,L630,train
3,L633,train
3,L634,train
3,L635,train
3,L636,train
3,L637,train
3,L638,train
3,L6,train
3,L9,train
3,L10,train
3,L11,train
3,L12,train
3,L45,train
3,L46,train
3,L49,train
3,L50,train
3,L51,train
3,L169,train
3,L170,train
3,L172,train
3,L173,train
3,L174,train
3,L176,train
3,L177,train
3,L178,train
3,L179,train
3,L182,train
3,L183,train
3,L184,train
3,L190,train
3,L192,train
3,L194,train
3,L545,train
3,L198,train
3,L199,train
3,L203,train
3,L208,train
3,L210,train
3,L219,train
3,L220,train
3,L221,train
3,L222,train
3,L226,train
3,L242,train
3,L243,train
3,L244,train
3,L246,train
3,L248,train
3,L249,train
3,L250,train
3,L251,train
3,L252,train
3,L253,train
3,L255,train
3,L256,train
3,L259,train
3,L260,train
3,L261,train
3,L263,train
3,L273,train
3,L274,train
3,L275,train
3,L276,train
3,L279,train
3,L280,train
3,L281,train
3,L282,train
3,L283,train
3,L286,train
3,L287,train
3,L289,train
3,L292,train
3,L293,train
3,L294,train
3,L295,train
3,L296,train
3,L297,train
3,L304,train
3,L305,train
3,L307,train
3,L311,train
3,L312,train
3,L315,train
3,L316,train
3,L317,train
3,L318,train
3,L322,train
3,L323,train
3,L324,train
3,L326,train
3,L327,train
3,L330,train
3,L332,train
3,L333,train
3,L335,train
3,L336,train
3,L337,train
3,L339,train
3,L344,train
3,L345,train
3,L347,train
3,L348,train
3,L349,train
3,L353,train
3,L354,train
3,L356,train
3,L359,train
3,L361,train
3,L411,train
3,L414,train
3,L415,train
3,L416,train
3,L417,train
3,L418,train
3,L419,train
3,L421,train
3,L423,train
3,L426,train
3,L428,train
3,L429,train
3,L430,train
3,L431,train
3,L432,train
3,L434,train
3,L435,train
3,L438,train
3,L441,train
3,L443,train
3,L444,train
3,L445,train
3,L446,train
3,L447,train
3,L448,train
3,L449,train
3,L451,train
3,L455,train
3,L456,train
3,L458,train
3,L459,train
3,L461,train
3,L462,train
3,L463,train
3,L464,train
3,L465,train
3,L467,train
3,L479,train
3,L480,train
3,L487,train
3,L491,train
3,L492,train
3,L493,train
3,L496,train
3,L497,train
3,L500,train
3,L501,train
3,L502,train
3,L504,train
3,L505,train
3,L506,train
3,L507,train
3,L508,train
3,L509,train
3,L511,train
3,L512,train
3,L515,train
3,L517,train
3,L520,train
3,L521,train
3,L523,train
3,L527,train
3,L528,train
3,L529,train
3,L531,train
3,L532,train
3,L534,train
3,L537,train
3,L539,train
3,L540,train
3,L541,train
3,L542,train
3,L543,train
3,L640,train
3,L641,train
3,L642,train
3,L643,train
3,L644,train
3,L646,train
3,L647,train
3,L650,train
3,L662,train
3,L674,train
3,L675,train
3,L676,train
3,L677,train
3,L680,train
3,L686,train
3,L688,train
3,L690,train
3,L696,train
3,L697,train
3,L699,train
3,L701,train
3,L702,train
3,L704,train
3,L705,train
3,L706,train
3,L708,train
3,L709,train
3,L710,train
3,L711,train
3,L713,train
3,L714,train
3,L716,train
3,L717,train
3,L719,train
3,L721,train
3,L722,train
3,L723,train
3,L725,train
3,L726,train
3,L729,train
3,L730,train
3,L731,train
3,L733,train
3,L734,train
3,L736,train
3,L737,train
3,L739,train
3,L740,train
3,L741,train
3,L742,train
3,L744,train
3,L746,train
3,L747,train
3,L748,train
3,L749,train
3,L750,train
3,L751,train
3,L753,train
3,L755,train
3,L756,train
3,L759,train
3,L761,train
3,L762,train
3,L763,train
3,L766,train
3,L767,train
3,L768,train
3,L769,train
3,L772,train
3,L773,train
3,L775,train
3,L779,train
3,L783,train
3,L784,train
3,L785,train
3,L787,train
3,L788,train
3,L790,train
3,L791,train
3,L792,train
3,L793,train
3,L794,train
3,L801,train
3,L803,train
3,L806,train
3,L807,train
3,L808,train
3,L815,train
3,L816,train
3,L817,train
3,L818,train
3,L820,train
3,L823,train
3,L824,train
3,L826,train
3,L827,train
3,L828,train
3,L832,train
3,L834,train
3,L838,train
3,L839,train
3,L845,train
3,L850,train
3,L851,train
3,L852,train
3,L854,train
3,L855,train
3,L857,train
3,L858,train
3,L859,train
3,L861,train
3,L863,train
3,L867,train
3,L869,train
3,L871,train
3,L1355,train
3,L1361,train
3,L1363,train
3,L1379,train
3,L1382,train
3,L1384,train
3,L1386,train
3,L1387,train
3,L1388,train
3,L1392,train
3,L1393,train
3,L1399,train
3,L1400,train
3,L1404,train
3,L1405,train
3,L1411,train
3,L1412,train
3,L1416,train
3,L1422,train
3,L1423,train
3,L1426,train
3,L1437,train
3,L1444,train
3,L1445,train
3,L1447,train
3,L1449,train
3,L1450,train
3,L1451,train
3,L1452,train
3,L1461,train
3,L1464,train
3,L1467,train
3,L1468,train
3,L1469,train
3,L1470,train
3,L1472,train
3,L1473,train
3,L1474,train
3,L1475,train
3,L1483,train
3,L1484,train
3,L1485,train
3,L1487,train
3,L1488,train
3,L1492,train
3,L1493,train
3,L1494,train
3,L1496,train
3,L1497,train
3,L1498,train
3,L1454,train
3,L1500,train
3,L1502,train
3,L1503,train
3,L1505,train
3,L1506,train
3,L1507,train
3,L1508,train
3,L1509,train
3,L1511,train
3,L1512,train
3,L1513,train
3,L1515,train
3,L1516,train
3,L1517,train
3,L1518,train
3,L1520,train
3,L1539,train
3,L1540,train
3,L1541,train
3,L1542,train
3,L1544,train
3,L1546,train
3,L1547,train
3,L1548,train
3,L1552,train
3,L1553,train
3,L1554,train
3,L1556,train
3,L1557,train
3,L1558,train
3,L1560,train
3,L1562,train
3,L1564,train
3,L1565,train
3,L1566,train
3,L1567,train
3,L1568,train
3,L1569,train
3,L1570,train
3,L1571,train
3,L1573,train
3,L1574,train
3,L1575,train
3,L1578,train
3,L1579,train
3,L1580,train
3,L1582,train
3,L1583,train
3,L1584,train
3,L1585,train
3,L1586,train
3,L1587,train
3,L1588,train
3,L1589,train
3,L1590,train
3,L1591,train
3,L1593,train
3,L1594,train
3,L1595,train
3,L1596,train
3,L1597,train
3,L1598,train
3,L1600,train
3,L1602,train
3,L1603,train
3,L1606,train
3,L1608,train
3,L1610,train
3,L1611,train
3,L1612,train
3,L1615,train
3,L1616,train
3,L1618,train
3,L1620,train
3,L1621,train
3,L1622,train
3,L1623,train
3,L1625,train
3,L1627,train
3,L1630,train
3,L1631,train
3,L1632,train
3,L1633,train
3,L1634,train
3,L1635,train
3,L1636,train
3,L1637,train
3,L1638,train
3,L1639,train
3,L1641,train
3,L1643,train
3,L1645,train
3,L1650,train
3,L1651,train
3,L1652,train
3,L1654,train
3,L1655,train
3,L1657,train
3,L1658,train
3,L1659,train
3,L1660,train
3,L1663,train
3,L1664,train
3,L1666,train
3,L1667,train
3,L1668,train
3,L1672,train
3,L1673,train
3,L1675,train
3,L1677,train
3,L1680,train
3,L1684,train
3,L1685,train
3,L1727,train
3,L1728,train
3,L1729,train
3,L1731,train
3,L1732,train
3,L1737,train
3,L1740,train
3,L1742,train
3,L1743,train
3,L1744,train
3,L1745,train
3,L1746,train
3,L1747,train
3,L1748,train
3,L1749,train
3,L1750,train
3,L1751,train
3,L1756,train
3,L1757,train
3,L1758,train
3,L1759,train
3,L1761,train
3,L1762,train
3,L1763,train
3,L1764,train
3,L1767,train
3,L1768,train
3,L1771,train
3,L1774,train
3,L1775,train
3,L1776,train
3,L1777,train
3,L1783,train
3,L1784,train
3,L1786,train
3,L1788,train
3,L1789,train
3,L1791,train
3,L1795,train
3,L1798,train
3,L1799,train
3,L1802,train
3,L1803,train
3,L1804,train
3,L1806,train
3,L1807,train
3,L1808,train
3,L1811,train
3,L1812,train
3,L1814,train
3,L1816,train
3,L1818,train
3,L1830,train
3,L1833,train
3,L1836,train
3,L1837,train
3,L1838,train
3,L1850,train
3,L1851,train
3,L1852,train
3,L1853,train
3,L1855,train
3,L1860,train
3,L1864,train
3,L1865,train
3,L1866,train
3,L1871,train
3,L1872,train
3,L1876,train
3,L1877,train
3,L1879,train
3,L1881,train
3,L1891,train
3,L1893,train
3,L1894,train
3,L1895,train
3,L1898,train
3,L1899,train
3,L1901,train
3,L1903,train
3,L1904,train
3,L1905,train
3,L1906,train
3,L1907,train
3,L1908,train
3,L1909,train
3,L2059,train
3,L2060,train
3,L2065,train
3,L2066,train
3,L2067,train
3,L2072,train
3,L2076,train
3,L2077,train
3,L2079,train
3,L2080,train
3,L2083,train
3,L2084,train
3,L2085,train
3,L2086,train
3,L2087,train
3,L2088,train
3,L2089,train
3,L2091,train
3,L2092,train
3,L2093,train
3,L2094,train
3,L2095,train
3,L2096,train
3,L2097,train
3,L2098,train
3,L2099,train
3,L2100,train
3,L2101,train
3,L2102,train
3,L2103,train
3,L2104,train
3,L2107,train
3,L2108,train
3,L2109,train
3,L2110,train
3,L2111,train
3,L2112,train
3,L2113,train
3,L2114,train
3,L2116,train
3,L2117,train
3,L2120,train
3,L2128,train
3,L2147,train
3,L2150,train
3,L2152,train
3,L2162,train
3,L2167,train
3,L2169,train
3,L2171,train
3,L2172,train
3,L2174,train
3,L2175,train
3,L2176,train
3,L2178,train
3,L2180,train
3,L2181,train
3,L2182,train
3,L2185,train
3,L2188,train
3,L2190,train
3,L2192,train
3,L2193,train
3,L2194,train
3,L2195,train
3,L2196,train
3,L2201,train
3,L2202,train
3,L2203,train
3,L2204,train
3,L2207,train
3,L2225,train
3,L2231,train
3,L2232,train
3,L2235,train
3,L2237,train
3,L2238,train
3,L2239,train
3,L2242,train
3,L2243,train
3,L2497,train
3,L2498,train
3,L2501,train
3,L2502,train
3,L2505,train
3,L2507,train
3,L2508,train
3,L2515,train
3,L2516,train
3,L2529,train
3,L2530,train
3,L2545,train
3,L2553,train
3,L2556,train
3,L2558,train
3,L2559,train
3,L2560,train
3,L2561,train
3,L2562,train
3,L2563,train
3,L2570,train
3,L2584,train
3,L2696,train
3,L2718,train
3,L2748,train
3,L2751,train
3,L2752,train
3,L2753,train
3,L2764,train
3,L2765,train
3,L2770,train
3,L2771,train
3,L2772,train
3,L2773,train
3,L2775,train
3,L2776,train
3,L2777,train
3,L2778,train
3,L2779,train
3,L2780,train
3,L2784,train
3,L2785,train
3,L2786,train
3,L2787,train
3,L2789,train
3,L2790,train
3,L2792,train
3,L2793,train
3,L2797,train
3,L2798,train
3,L2799,train
3,L2802,train
3,L3236,train
3,L2805,train
3,L2806,train
3,L2807,train
3,L2809,train
3,L2811,train
3,L2817,train
3,L2818,train
3,L2830,train
3,L2832,train
3,L2837,train
3,L2838,train
3,L2839,train
3,L2840,train
3,L2842,train
3,L2843,train
3,L2844,train
3,L2845,train
3,L2847,train
3,L2848,train
3,L2849,train
3,L2850,train
3,L2851,train
3,L2852,train
3,L2853,train
3,L2854,train
3,L2862,train
3,L2866,train
3,L2868,train
3,L2870,train
3,L2872,train
3,L2873,train
3,L2874,train
3,L2875,train
3,L2877,train
3,L2884,train
3,L2886,train
3,L2890,train
3,L2891,train
3,L2893,train
3,L2895,train
3,L2897,train
3,L2899,train
3,L2900,train
3,L2906,train
3,L2908,train
3,L2909,train
3,L2911,train
3,L2921,train
3,L2922,train
3,L3237,train
3,L2936,train
3,L2946,train
3,L2957,train
3,L2960,train
3,L2961,train
3,L2983,train
3,L2991,train
3,L3006,train
3,L3007,train
3,L3010,train
3,L3011,train
3,L3019,train
3,L3023,train
3,L3024,train
3,L3026,train
3,L3027,train
3,L3028,train
3,L3029,train
3,L3098,train
3,L3102,train
3,L3131,train
3,L3135,train
3,L3136,train
3,L3179,train
3,L3180,train
3,L3182,train
3,L3185,train
3,L3186,train
3,L3403,train
3,L3407,train
3,L3409,train
3,L3411,train
3,L3414,train
3,L3415,train
3,L3424,train
3,L3427,train
3,L3428,train
3,L3429,train
3,L3430,train
3,L3431,train
3,L3433,train
3,L3434,train
3,L3436,train
3,L3437,train
3,L3438,train
3,L3439,train
3,L3441,train
3,L3443,train
3,L3444,train
3,L3446,train
3,L3447,train
3,L3448,train
3,L3450,train
3,L3452,train
3,L3464,train
3,L3478,train
3,L3479,train
3,L3481,train
3,L3486,train
3,L3488,train
3,L3492,train
3,L3496,train
3,L3498,train
3,L3499,train
3,L3500,train
3,L3501,train
3,L3502,train
3,L3505,train
3,L3506,train
3,L3507,train
3,L3509,train
3,L3516,train
3,L3517,train
3,L3518,train
3,L3519,train
3,L3522,train
3,L3528,train
3,L3529,train
3,L3533,train
3,L3534,train
3,L3535,train
3,L3539,train
3,L3540,train
3,L3542,train
3,L3543,train
3,L3544,train
3,L3547,train
3,L3548,train
3,L3550,train
3,L3551,train
3,L3555,train
3,L3557,train
3,L3559,train
3,L3560,train
3,L3561,train
3,L3563,train
3,L3564,train
3,L3565,train
3,L3567,train
3,L3569,train
3,L3570,train
3,L3571,train
3,L3572,train
3,L3573,train
3,L3574,train
3,L3575,train
3,L3577,train
3,L3578,train
3,L3579,train
3,L3580,train
3,L3553,train
3,L3583,train
3,L3584,train
3,L3585,train
3,L3587,train
3,L3588,train
3,L3589,train
3,L3591,train
3,L3592,train
3,L3594,train
3,L3595,train
3,L3597,train
3,L3598,train
3,L3582,train
3,L3599,train
3,L3600,train
3,L3602,train
3,L3604,train
3,L3605,train
3,L3606,train
3,L3607,train
3,L3608,train
3,L3609,train
3,L3611,train
3,L3614,train
3,L3618,train
3,L3619,train
3,L4054,train
3,L4061,train
3,L4077,train
3,L4078,train
3,L4080,train
3,L4082,train
3,L4083,train
3,L4085,train
3,L4086,train
3,L4087,train
3,L4094,train
3,L4095,train
3,L4096,train
3,L4099,train
3,L4100,train
3,L4102,train
3,L4103,train
3,L4108,train
3,L4111,train
3,L4114,train
3,L4115,train
3,L4401,train
3,L4402,train
3,L4403,train
3,L4404,train
3,L4406,train
3,L4409,train
3,L4483,train
3,L4484,train
3,L4485,train
3,L4486,train
3,L4487,train
3,L4488,train
3,L4491,train
3,L4494,train
3,L4495,train
3,L4496,train
3,L4497,train
3,L4498,train
3,L4499,train
3,L4501,train
3,L4505,train
3,L4506,train
3,L4507,train
3,L4513,train
3,L4514,train
3,L4562,train
3,L4526,train
3,L4533,train
3,L4536,train
3,L4538,train
3,L4539,train
3,L4540,train
3,L4541,train
3,L4542,train
3,L4543,train
3,L4544,train
3,L4545,train
3,L4546,train
3,L4547,train
3,L4548,train
3,L4550,train
3,L4572,train
3,L4571,train
3,L4569,train
3,L4576,train
3,L3603,train
3,L4565,train
3,L4566,train
3,L4587,train
3,L4586,train
3,L4578,train
3,L4579,train
3,L4580,train
3,L4581,train
3,L4582,train
3,L4585,train
3,L4577,train
3,L555,test
3,L560,test
3,L569,test
3,L575,test
3,L577,test
3,L590,test
3,L592,test
3,L597,test
3,L599,test
3,L603,test
3,L605,test
3,L615,test
3,L617,test
3,L625,test
3,L632,test
3,L8,test
3,L29,test
3,L171,test
3,L175,test
3,L181,test
3,L195,test
3,L196,test
3,L223,test
3,L225,test
3,L247,test
3,L258,test
3,L262,test
3,L264,test
3,L277,test
3,L298,test
3,L299,test
3,L300,test
3,L302,test
3,L309,test
3,L313,test
3,L319,test
3,L320,test
3,L331,test
3,L338,test
3,L340,test
3,L346,test
3,L350,test
3,L357,test
3,L436,test
3,L437,test
3,L439,test
3,L466,test
3,L478,test
3,L481,test
3,L482,test
3,L494,test
3,L498,test
3,L499,test
3,L516,test
3,L518,test
3,L522,test
3,L524,test
3,L525,test
3,L648,test
3,L660,test
3,L665,test
3,L672,test
3,L681,test
3,L682,test
3,L689,test
3,L698,test
3,L700,test
3,L703,test
3,L707,test
3,L712,test
3,L718,test
3,L720,test
3,L724,test
3,L727,test
3,L735,test
3,L760,test
3,L765,test
3,L786,test
3,L789,test
3,L795,test
3,L810,test
3,L814,test
3,L819,test
3,L821,test
3,L846,test
3,L848,test
3,L849,test
3,L856,test
3,L1389,test
3,L1396,test
3,L1413,test
3,L1424,test
3,L1446,test
3,L1453,test
3,L1455,test
3,L1457,test
3,L1471,test
3,L1476,test
3,L1478,test
3,L1495,test
3,L1499,test
3,L1504,test
3,L1543,test
3,L1545,test
3,L1549,test
3,L1550,test
3,L1551,test
3,L1555,test
3,L1572,test
3,L1576,test
3,L1577,test
3,L1581,test
3,L1601,test
3,L1604,test
3,L1609,test
3,L1619,test
3,L1624,test
3,L1628,test
3,L1629,test
3,L1642,test
3,L1648,test
3,L1656,test
3,L1662,test
3,L1676,test
3,L1678,test
3,L1683,test
3,L1725,test
3,L1726,test
3,L1733,test
3,L1736,test
3,L1738,test
3,L1741,test
3,L1753,test
3,L1755,test
3,L1760,test
3,L1765,test
3,L1766,test
3,L1769,test
3,L1773,test
3,L1778,test
3,L1782,test
3,L1790,test
3,L1800,test
3,L1805,test
3,L1809,test
3,L1810,test
3,L1813,test
3,L1817,test
3,L1823,test
3,L1832,test
3,L1835,test
3,L1854,test
3,L1878,test
3,L1896,test
3,L2061,test
3,L2062,test
3,L2063,test
3,L2064,test
3,L2068,test
3,L2082,test
3,L2090,test
3,L2115,test
3,L2154,test
3,L2173,test
3,L2183,test
3,L2206,test
3,L2226,test
3,L2513,test
3,L2519,test
3,L2568,test
3,L2571,test
3,L2585,test
3,L2706,test
3,L2747,test
3,L2761,test
3,L2768,test
3,L2782,test
3,L2783,test
3,L2788,test
3,L2795,test
3,L2796,test
3,L2804,test
3,L2819,test
3,L2835,test
3,L2841,test
3,L2846,test
3,L2867,test
3,L2883,test
3,L2894,test
3,L2918,test
3,L2923,test
3,L3184,test
3,L3406,test
3,L3422,test
3,L3425,test
3,L3426,test
3,L3432,test
3,L3435,test
3,L3445,test
3,L3463,test
3,L3465,test
3,L3467,test
3,L3487,test
3,L3493,test
3,L3497,test
3,L3503,test
3,L3510,test
3,L3512,test
3,L3514,test
3,L3520,test
3,L3530,test
3,L3531,test
3,L3532,test
3,L3536,test
3,L3545,test
3,L3552,test
3,L3554,test
3,L3566,test
3,L3568,test
3,L3581,test
3,L3586,test
3,L3610,test
3,L3613,test
3,L3616,test
3,L3617,test
3,L3620,test
3,L4034,test
3,L4081,test
3,L4084,test
3,L4098,test
3,L4101,test
3,L4105,test
3,L4408,test
3,L4414,test
3,L4480,test
3,L4481,test
3,L4482,test
3,L4489,test
3,L4490,test
3,L4500,test
3,L4504,test
3,L4508,test
3,L4523,test
3,L4527,test
3,L4549,test
3,L4568,test
3,L4567,test
3,L4574,test
3,L4583,test
4,L546,train
4,L547,train
4,L548,train
4,L549,train
4,L550,train
4,L553,train
4,L554,train
4,L555,train
4,L556,train
4,L557,train
4,L559,train
4,L560,train
4,L563,train
4,L564,train
4,L565,train
4,L566,train
4,L569,train
4,L573,train
4,L574,train
4,L575,train
4,L576,train
4,L577,train
4,L578,train
4,L579,train
4,L581,train
4,L583,train
4,L585,train
4,L586,train
4,L587,train
4,L588,train
4,L590,train
4,L591,train
4,L592,train
4,L595,train
4,L597,train
4,L598,train
4,L599,train
4,L600,train
4,L601,train
4,L603,train
4,L605,train
4,L615,train
4,L616,train
4,L617,train
4,L618,train
4,L619,train
4,L620,train
4,L622,train
4,L623,train
4,L625,train
4,L626,train
4,L627,train
4,L628,train
4,L629,train
4,L630,train
4,L632,train
4,L633,train
4,L636,train
4,L637,train
4,L638,train
4,L6,train
4,L8,train
4,L9,train
4,L10,train
4,L11,train
4,L12,train
4,L29,train
4,L45,train
4,L46,train
4,L49,train
4,L50,train
4,L51,train
4,L170,train
4,L171,train
4,L172,train
4,L173,train
4,L174,train
4,L175,train
4,L177,train
4,L178,train
4,L179,train
4,L181,train
4,L183,train
4,L184,train
4,L190,train
4,L192,train
4,L195,train
4,L196,train
4,L198,train
4,L199,train
4,L203,train
4,L208,train
4,L210,train
4,L220,train
4,L222,train
4,L223,train
4,L225,train
4,L242,train
4,L244,train
4,L246,train
4,L247,train
4,L248,train
4,L250,train
4,L252,train
4,L253,train
4,L255,train
4,L256,train
4,L258,train
4,L259,train
4,L260,train
4,L261,train
4,L262,train
4,L263,train
4,L264,train
4,L273,train
4,L274,train
4,L275,train
4,L276,train
4,L277,train
4,L279,train
4,L282,train
4,L283,train
4,L286,train
4,L287,train
4,L289,train
4,L293,train
4,L295,train
4,L296,train
4,L298,train
4,L299,train
4,L300,train
4,L302,train
4,L305,train
4,L307,train
4,L309,train
4,L311,train
4,L312,train
4,L313,train
4,L315,train
4,L316,train
4,L317,train
4,L318,train
4,L319,train
4,L320,train
4,L324,train
4,L326,train
4,L327,train
4,L331,train
4,L332,train
4,L333,train
4,L336,train
4,L337,train
4,L338,train
4,L339,train
4,L340,train
4,L344,train
4,L345,train
4,L346,train
4,L347,train
4,L348,train
4,L349,train
4,L350,train
4,L354,train
4,L356,train
4,L357,train
4,L359,train
4,L361,train
4,L411,train
4,L415,train
4,L416,train
4,L419,train
4,L428,train
4,L429,train
4,L430,train
4,L431,train
4,L432,train
4,L434,train
4,L435,train
4,L436,train
4,L437,train
4,L438,train
4,L439,train
4,L441,train
4,L444,train
4,L446,train
4,L447,train
4,L448,train
4,L449,train
4,L451,train
4,L455,train
4,L456,train
4,L458,train
4,L459,train
4,L463,train
4,L464,train
4,L465,train
4,L466,train
4,L467,train
4,L478,train
4,L479,train
4,L480,train
4,L481,train
4,L482,train
4,L491,train
4,L492,train
4,L493,train
4,L494,train
4,L496,train
4,L497,train
4,L498,train
4,L499,train
4,L501,train
4,L504,train
4,L508,train
4,L512,train
4,L515,train
4,L516,train
4,L517,train
4,L518,train
4,L520,train
4,L521,train
4,L522,train
4,L523,train
4,L524,train
4,L525,train
4,L527,train
4,L529,train
4,L532,train
4,L537,train
4,L539,train
4,L540,train
4,L541,train
4,L542,train
4,L543,train
4,L640,train
4,L641,train
4,L642,train
4,L643,train
4,L644,train
4,L646,train
4,L648,train
4,L660,train
4,L662,train
4,L665,train
4,L672,train
4,L674,train
4,L675,train
4,L676,train
4,L677,train
4,L680,train
4,L681,train
4,L682,train
4,L686,train
4,L688,train
4,L689,train
4,L690,train
4,L698,train
4,L699,train
4,L700,train
4,L701,train
4,L703,train
4,L704,train
4,L705,train
4,L706,train
4,L707,train
4,L708,train
4,L709,train
4,L710,train
4,L711,train
4,L712,train
4,L713,train
4,L714,train
4,L716,train
4,L717,train
4,L718,train
4,L719,train
4,L720,train
4,L721,train
4,L723,train
4,L724,train
4,L726,train
4,L727,train
4,L729,train
4,L733,train
4,L734,train
4,L735,train
4,L739,train
4,L742,train
4,L746,train
4,L747,train
4,L748,train
4,L749,train
4,L750,train
4,L753,train
4,L756,train
4,L759,train
4,L760,train
4,L762,train
4,L763,train
4,L765,train
4,L766,train
4,L767,train
4,L768,train
4,L769,train
4,L772,train
4,L773,train
4,L775,train
4,L779,train
4,L783,train
4,L784,train
4,L785,train
4,L786,train
4,L787,train
4,L788,train
4,L789,train
4,L790,train
4,L792,train
4,L793,train
4,L794,train
4,L795,train
4,L801,train
4,L803,train
4,L806,train
4,L808,train
4,L810,train
4,L814,train
4,L815,train
4,L818,train
4,L819,train
4,L820,train
4,L821,train
4,L823,train
4,L824,train
4,L826,train
4,L827,train
4,L828,train
4,L832,train
4,L834,train
4,L838,train
4,L839,train
4,L845,train
4,L846,train
4,L848,train
4,L849,train
4,L850,train
4,L851,train
4,L852,train
4,L856,train
4,L857,train
4,L858,train
4,L859,train
4,L861,train
4,L863,train
4,L867,train
4,L869,train
4,L871,train
4,L1355,train
4,L1379,train
4,L1382,train
4,L1384,train
4,L1386,train
4,L1387,train
4,L1389,train
4,L1392,train
4,L1393,train
4,L1396,train
4,L1400,train
4,L1404,train
4,L1405,train
4,L1412,train
4,L1413,train
4,L1422,train
4,L1423,train
4,L1424,train
4,L1437,train
4,L1444,train
4,L1445,train
4,L1446,train
4,L1447,train
4,L1451,train
4,L1452,train
4,L1453,train
4,L1455,train
4,L1457,train
4,L1461,train
4,L1464,train
4,L1468,train
4,L1469,train
4,L1471,train
4,L1472,train
4,L1473,train
4,L1476,train
4,L1478,train
4,L1483,train
4,L1485,train
4,L1487,train
4,L1492,train
4,L1493,train
4,L1494,train
4,L1495,train
4,L1496,train
4,L1497,train
4,L1498,train
4,L1499,train
4,L1454,train
4,L1500,train
4,L1502,train
4,L1503,train
4,L1504,train
4,L1505,train
4,L1506,train
4,L1507,train
4,L1508,train
4,L1509,train
4,L1511,train
4,L1512,train
4,L1513,train
4,L1515,train
4,L1517,train
4,L1539,train
4,L1542,train
4,L1543,train
4,L1544,train
4,L1545,train
4,L1546,train
4,L1547,train
4,L1548,train
4,L1549,train
4,L1550,train
4,L1551,train
4,L1554,train
4,L1555,train
4,L1557,train
4,L1558,train
4,L1560,train
4,L1564,train
4,L1567,train
4,L1568,train
4,L1569,train
4,L1570,train
4,L1571,train
4,L1572,train
4,L1573,train
4,L1574,train
4,L1575,train
4,L1576,train
4,L1577,train
4,L1579,train
4,L1580,train
4,L1581,train
4,L1583,train
4,L1584,train
4,L1586,train
4,L1588,train
4,L1589,train
4,L1590,train
4,L1593,train
4,L1594,train
4,L1595,train
4,L1596,train
4,L1597,train
4,L1598,train
4,L1600,train
4,L1601,train
4,L1602,train
4,L1603,train
4,L1604,train
4,L1606,train
4,L1608,train
4,L1609,train
4,L1610,train
4,L1611,train
4,L1615,train
4,L1616,train
4,L1618,train
4,L1619,train
4,L1620,train
4,L1621,train
4,L1622,train
4,L1624,train
4,L1627,train
4,L1628,train
4,L1629,train
4,L1630,train
4,L1631,train
4,L1632,train
4,L1636,train
4,L1638,train
4,L1639,train
4,L1641,train
4,L1642,train
4,L1643,train
4,L1648,train
4,L1651,train
4,L1652,train
4,L1654,train
4,L1655,train
4,L1656,train
4,L1657,train
4,L1659,train
4,L1660,train
4,L1662,train
4,L1663,train
4,L1667,train
4,L1672,train
4,L1676,train
4,L1677,train
4,L1678,train
4,L1680,train
4,L1683,train
4,L1725,train
4,L1726,train
4,L1728,train
4,L1729,train
4,L1731,train
4,L1732,train
4,L1733,train
4,L1736,train
4,L1737,train
4,L1738,train
4,L1740,train
4,L1741,train
4,L1743,train
4,L1744,train
4,L1745,train
4,L1746,train
4,L1748,train
4,L1749,train
4,L1750,train
4,L1751,train
4,L1753,train
4,L1755,train
4,L1756,train
4,L1757,train
4,L1759,train
4,L1760,train
4,L1761,train
4,L1762,train
4,L1763,train
4,L1764,train
4,L1765,train
4,L1766,train
4,L1767,train
4,L1768,train
4,L1769,train
4,L1771,train
4,L1773,train
4,L1774,train
4,L1775,train
4,L1777,train
4,L1778,train
4,L1782,train
4,L1783,train
4,L1784,train
4,L1786,train
4,L1788,train
4,L1790,train
4,L1791,train
4,L1795,train
4,L1798,train
4,L1800,train
4,L1802,train
4,L1803,train
4,L1804,train
4,L1805,train
4,L1806,train
4,L1807,train
4,L1808,train
4,L1809,train
4,L1810,train
4,L1812,train
4,L1813,train
4,L1816,train
4,L1817,train
4,L1818,train
4,L1823,train
4,L1830,train
4,L1832,train
4,L1835,train
4,L1836,train
4,L1837,train
4,L1838,train
4,L1851,train
4,L1853,train
4,L1854,train
4,L1855,train
4,L1860,train
4,L1865,train
4,L1871,train
4,L1876,train
4,L1877,train
4,L1878,train
4,L1879,train
4,L1881,train
4,L1893,train
4,L1895,train
4,L1896,train
4,L1898,train
4,L1899,train
4,L1901,train
4,L1903,train
4,L1906,train
4,L1907,train
4,L1908,train
4,L1909,train
4,L2059,train
4,L2060,train
4,L2061,train
4,L2062,train
4,L2063,train
4,L2064,train
4,L2065,train
4,L2067,train
4,L2068,train
4,L2072,train
4,L2076,train
4,L2077,train
4,L2079,train
4,L2080,train
4,L2082,train
4,L2083,train
4,L2084,train
4,L2085,train
4,L2086,train
4,L2088,train
4,L2089,train
4,L2090,train
4,L2091,train
4,L2094,train
4,L2095,train
4,L2096,train
4,L2097,train
4,L2098,train
4,L2099,train
4,L2101,train
4,L2107,train
4,L2108,train
4,L2109,train
4,L2111,train
4,L2112,train
4,L2115,train
4,L2116,train
4,L2120,train
4,L2147,train
4,L2152,train
4,L2154,train
4,L2162,train
4,L2169,train
4,L2171,train
4,L2172,train
4,L2173,train
4,L2174,train
4,L2176,train
4,L2178,train
4,L2182,train
4,L2183,train
4,L2185,train
4,L2188,train
4,L2190,train
4,L2192,train
4,L2194,train
4,L2195,train
4,L2202,train
4,L2204,train
4,L2206,train
4,L2207,train
4,L2226,train
4,L2231,train
4,L2237,train
4,L2238,train
4,L2239,train
4,L2242,train
4,L2243,train
4,L2497,train
4,L2498,train
4,L2501,train
4,L2502,train
4,L2505,train
4,L2507,train
4,L2508,train
4,L2513,train
4,L2515,train
4,L2516,train
4,L2519,train
4,L2530,train
4,L2553,train
4,L2556,train
4,L2558,train
4,L2559,train
4,L2560,train
4,L2561,train
4,L2562,train
4,L2563,train
4,L2568,train
4,L2571,train
4,L2584,train
4,L2585,train
4,L2696,train
4,L2706,train
4,L2718,train
4,L2747,train
4,L2748,train
4,L2753,train
4,L2761,train
4,L2764,train
4,L2768,train
4,L2770,train
4,L2771,train
4,L2772,train
4,L2775,train
4,L2776,train
4,L2777,train
4,L2778,train
4,L2779,train
4,L2782,train
4,L2783,train
4,L2784,train
4,L2785,train
4,L2786,train
4,L2787,train
4,L2788,train
4,L2790,train
4,L2792,train
4,L2793,train
4,L2795,train
4,L2796,train
4,L2797,train
4,L2798,train
4,L2802,train
4,L2804,train
4,L2806,train
4,L2807,train
4,L2809,train
4,L2819,train
4,L2830,train
4,L2832,train
4,L2835,train
4,L2838,train
4,L2839,train
4,L2840,train
4,L2841,train
4,L2842,train
4,L2843,train
4,L2844,train
4,L2845,train
4,L2846,train
4,L2847,train
4,L2848,train
4,L2849,train
4,L2850,train
4,L2851,train
4,L2852,train
4,L2853,train
4,L2854,train
4,L2866,train
4,L2867,train
4,L2868,train
4,L2870,train
4,L2872,train
4,L2873,train
4,L2874,train
4,L2875,train
4,L2883,train
4,L2884,train
4,L2886,train
4,L2891,train
4,L2893,train
4,L2894,train
4,L2895,train
4,L2897,train
4,L2899,train
4,L2900,train
4,L2906,train
4,L2908,train
4,L2909,train
4,L2911,train
4,L2918,train
4,L2921,train
4,L2922,train
4,L2923,train
4,L3237,train
4,L2957,train
4,L2960,train
4,L2961,train
4,L2983,train
4,L2991,train
4,L3006,train
4,L3010,train
4,L3011,train
4,L3024,train
4,L3026,train
4,L3027,train
4,L3029,train
4,L3098,train
4,L3102,train
4,L3131,train
4,L3135,train
4,L3179,train
4,L3184,train
4,L3185,train
4,L3186,train
4,L3403,train
4,L3406,train
4,L3409,train
4,L3411,train
4,L3414,train
4,L3415,train
4,L3422,train
4,L3424,train
4,L3425,train
4,L3426,train
4,L3427,train
4,L3428,train
4,L3429,train
4,L3430,train
4,L3431,train
4,L3432,train
4,L3433,train
4,L3434,train
4,L3435,train
4,L3436,train
4,L3437,train
4,L3438,train
4,L3441,train
4,L3444,train
4,L3445,train
4,L3446,train
4,L3447,train
4,L3448,train
4,L3450,train
4,L3452,train
4,L3463,train
4,L3464,train
4,L3465,train
4,L3467,train
4,L3479,train
4,L3481,train
4,L3487,train
4,L3488,train
4,L3492,train
4,L3493,train
4,L3496,train
4,L3497,train
4,L3498,train
4,L3499,train
4,L3500,train
4,L3502,train
4,L3503,train
4,L3505,train
4,L3506,train
4,L3507,train
4,L3509,train
4,L3510,train
4,L3512,train
4,L3514,train
4,L3516,train
4,L3517,train
4,L3518,train
4,L3520,train
4,L3528,train
4,L3529,train
4,L3530,train
4,L3531,train
4,L3532,train
4,L3533,train
4,L3534,train
4,L3535,train
4,L3536,train
4,L3540,train
4,L3542,train
4,L3543,train
4,L3545,train
4,L3552,train
4,L3554,train
4,L3555,train
4,L3557,train
4,L3561,train
4,L3564,train
4,L3565,train
4,L3566,train
4,L3568,train
4,L3569,train
4,L3570,train
4,L3571,train
4,L3572,train
4,L3573,train
4,L3574,train
4,L3577,train
4,L3578,train
4,L3579,train
4,L3580,train
4,L3581,train
4,L3583,train
4,L3585,train
4,L3586,train
4,L3587,train
4,L3588,train
4,L3589,train
4,L3592,train
4,L3597,train
4,L3582,train
4,L3599,train
4,L3602,train
4,L3604,train
4,L3607,train
4,L3608,train
4,L3610,train
4,L3613,train
4,L3614,train
4,L3616,train
4,L3617,train
4,L3619,train
4,L3620,train
4,L4034,train
4,L4054,train
4,L4061,train
4,L4077,train
4,L4078,train
4,L4081,train
4,L4083,train
4,L4084,train
4,L4085,train
4,L4086,train
4,L4087,train
4,L4094,train
4,L4095,train
4,L4096,train
4,L4098,train
4,L4101,train
4,L4102,train
4,L4103,train
4,L4105,train
4,L4108,train
4,L4111,train
4,L4114,train
4,L4401,train
4,L4402,train
4,L4403,train
4,L4404,train
4,L4406,train
4,L4408,train
4,L4409,train
4,L4414,train
4,L4480,train
4,L4481,train
4,L4482,train
4,L4483,train
4,L4484,train
4,L4485,train
4,L4486,train
4,L4487,train
4,L4488,train
4,L4489,train
4,L4490,train
4,L4491,train
4,L4495,train
4,L4496,train
4,L4497,train
4,L4498,train
4,L4499,train
4,L4500,train
4,L4501,train
4,L4504,train
4,L4505,train
4,L4506,train
4,L4507,train
4,L4508,train
4,L4513,train
4,L4514,train
4,L4523,train
4,L4526,train
4,L4527,train
4,L4538,train
4,L4539,train
4,L4541,train
4,L4542,train
4,L4543,train
4,L4545,train
4,L4546,train
4,L4547,train
4,L4548,train
4,L4549,train
4,L4571,train
4,L4569,train
4,L4568,train
4,L3603,train
4,L4565,train
4,L4567,train
4,L4574,train
4,L4587,train
4,L4578,train
4,L4579,train
4,L4580,train
4,L4581,train
4,L4582,train
4,L4583,train
4,L4585,train
4,L4577,train
4,L562,test
4,L568,test
4,L571,test
4,L580,test
4,L582,test
4,L584,test
4,L589,test
4,L596,test
4,L604,test
4,L607,test
4,L610,test
4,L611,test
4,L612,test
4,L613,test
4,L634,test
4,L635,test
4,L169,test
4,L176,test
4,L182,test
4,L194,test
4,L545,test
4,L219,test
4,L221,test
4,L226,test
4,L243,test
4,L249,test
4,L251,test
4,L280,test
4,L281,test
4,L292,test
4,L294,test
4,L297,test
4,L304,test
4,L322,test
4,L323,test
4,L330,test
4,L335,test
4,L353,test
4,L414,test
4,L417,test
4,L418,test
4,L421,test
4,L423,test
4,L426,test
4,L443,test
4,L445,test
4,L461,test
4,L462,test
4,L487,test
4,L500,test
4,L502,test
4,L505,test
4,L506,test
4,L507,test
4,L509,test
4,L511,test
4,L528,test
4,L531,test
4,L534,test
4,L647,test
4,L650,test
4,L696,test
4,L697,test
4,L702,test
4,L722,test
4,L725,test
4,L730,test
4,L731,test
4,L736,test
4,L737,test
4,L740,test
4,L741,test
4,L744,test
4,L751,test
4,L755,test
4,L761,test
4,L791,test
4,L807,test
4,L816,test
4,L817,test
4,L854,test
4,L855,test
4,L1361,test
4,L1363,test
4,L1388,test
4,L1399,test
4,L1411,test
4,L1416,test
4,L1426,test
4,L1449,test
4,L1450,test
4,L1467,test
4,L1470,test
4,L1474,test
4,L1475,test
4,L1484,test
4,L1488,test
4,L1516,test
4,L1518,test
4,L1520,test
4,L1540,test
4,L1541,test
4,L1552,test
4,L1553,test
4,L1556,test
4,L1562,test
4,L1565,test
4,L1566,test
4,L1578,test
4,L1582,test
4,L1585,test
4,L1587,test
4,L1591,test
4,L1612,test
4,L1623,test
4,L1625,test
4,L1633,test
4,L1634,test
4,L1635,test
4,L1637,test
4,L1645,test
4,L1650,test
4,L1658,test
4,L1664,test
4,L1666,test
4,L1668,test
4,L1673,test
4,L1675,test
4,L1684,test
4,L1685,test
4,L1727,test
4,L1742,test
4,L1747,test
4,L1758,test
4,L1776,test
4,L1789,test
4,L1799,test
4,L1811,test
4,L1814,test
4,L1833,test
4,L1850,test
4,L1852,test
4,L1864,test
4,L1866,test
4,L1872,test
4,L1891,test
4,L1894,test
4,L1904,test
4,L1905,test
4,L2066,test
4,L2087,test
4,L2092,test
4,L2093,test
4,L2100,test
4,L2102,test
4,L2103,test
4,L2104,test
4,L2110,test
4,L2113,test
4,L2114,test
4,L2117,test
4,L2128,test
4,L2150,test
4,L2167,test
4,L2175,test
4,L2180,test
4,L2181,test
4,L2193,test
4,L2196,test
4,L2201,test
4,L2203,test
4,L2225,test
4,L2232,test
4,L2235,test
4,L2529,test
4,L2545,test
4,L2570,test
4,L2751,test
4,L2752,test
4,L2765,test
4,L2773,test
4,L2780,test
4,L2789,test
4,L2799,test
4,L3236,test
4,L2805,test
4,L2811,test
4,L2817,test
4,L2818,test
4,L2837,test
4,L2862,test
4,L2877,test
4,L2890,test
4,L2936,test
4,L2946,test
4,L3007,test
4,L3019,test
4,L3023,test
4,L3028,test
4,L3136,test
4,L3180,test
4,L3182,test
4,L3407,test
4,L3439,test
4,L3443,test
4,L3478,test
4,L3486,test
4,L3501,test
4,L3519,test
4,L3522,test
4,L3539,test
4,L3544,test
4,L3547,test
4,L3548,test
4,L3550,test
4,L3551,test
4,L3559,test
4,L3560,test
4,L3563,test
4,L3567,test
4,L3575,test
4,L3553,test
4,L3584,test
4,L3591,test
4,L3594,test
4,L3595,test
4,L3598,test
4,L3600,test
4,L3605,test
4,L3606,test
4,L3609,test
4,L3611,test
4,L3618,test
4,L4080,test
4,L4082,test
4,L4099,test
4,L4100,test
4,L4115,test
4,L4494,test
4,L4562,test
4,L4533,test
4,L4536,test
4,L4540,test
4,L4544,test
4,L4550,test
4,L4572,test
4,L4576,test
4,L4566,test
4,L4586,test
5,L546,train
5,L547,train
5,L548,train
5,L549,train
5,L550,train
5,L554,train
5,L555,train
5,L556,train
5,L557,train
5,L559,train
5,L560,train
5,L562,train
5,L563,train
5,L564,train
5,L565,train
5,L568,train
5,L569,train
5,L571,train
5,L575,train
5,L576,train
5,L577,train
5,L579,train
5,L580,train
5,L581,train
5,L582,train
5,L583,train
5,L584,train
5,L587,train
5,L588,train
5,L589,train
5,L590,train
5,L591,train
5,L592,train
5,L596,train
5,L597,train
5,L598,train
5,L599,train
5,L603,train
5,L604,train
5,L605,train
5,L607,train
5,L610,train
5,L611,train
5,L612,train
5,L613,train
5,L615,train
5,L616,train
5,L617,train
5,L619,train
5,L620,train
5,L625,train
5,L626,train
5,L627,train
5,L629,train
5,L630,train
5,L632,train
5,L633,train
5,L634,train
5,L635,train
5,L637,train
5,L638,train
5,L8,train
5,L9,train
5,L12,train
5,L29,train
5,L45,train
5,L49,train
5,L50,train
5,L51,train
5,L169,train
5,L171,train
5,L172,train
5,L173,train
5,L175,train
5,L176,train
5,L177,train
5,L179,train
5,L181,train
5,L182,train
5,L183,train
5,L184,train
5,L190,train
5,L194,train
5,L195,train
5,L545,train
5,L196,train
5,L198,train
5,L199,train
5,L208,train
5,L219,train
5,L220,train
5,L221,train
5,L223,train
5,L225,train
5,L226,train
5,L243,train
5,L244,train
5,L246,train
5,L247,train
5,L248,train
5,L249,train
5,L250,train
5,L251,train
5,L252,train
5,L255,train
5,L256,train
5,L258,train
5,L259,train
5,L261,train
5,L262,train
5,L263,train
5,L264,train
5,L273,train
5,L274,train
5,L275,train
5,L277,train
5,L280,train
5,L281,train
5,L283,train
5,L286,train
5,L292,train
5,L294,train
5,L295,train
5,L296,train
5,L297,train
5,L298,train
5,L299,train
5,L300,train
5,L302,train
5,L304,train
5,L305,train
5,L307,train
5,L309,train
5,L311,train
5,L313,train
5,L315,train
5,L317,train
5,L318,train
5,L319,train
5,L320,train
5,L322,train
5,L323,train
5,L326,train
5,L330,train
5,L331,train
5,L332,train
5,L333,train
5,L335,train
5,L337,train
5,L338,train
5,L339,train
5,L340,train
5,L344,train
5,L346,train
5,L347,train
5,L349,train
5,L350,train
5,L353,train
5,L354,train
5,L356,train
5,L357,train
5,L411,train
5,L414,train
5,L417,train
5,L418,train
5,L419,train
5,L421,train
5,L423,train
5,L426,train
5,L429,train
5,L432,train
5,L434,train
5,L435,train
5,L436,train
5,L437,train
5,L438,train
5,L439,train
5,L441,train
5,L443,train
5,L445,train
5,L446,train
5,L447,train
5,L448,train
5,L449,train
5,L451,train
5,L458,train
5,L459,train
5,L461,train
5,L462,train
5,L463,train
5,L464,train
5,L466,train
5,L467,train
5,L478,train
5,L479,train
5,L481,train
5,L482,train
5,L487,train
5,L491,train
5,L492,train
5,L493,train
5,L494,train
5,L496,train
5,L497,train
5,L498,train
5,L499,train
5,L500,train
5,L501,train
5,L502,train
5,L504,train
5,L505,train
5,L506,train
5,L507,train
5,L508,train
5,L509,train
5,L511,train
5,L512,train
5,L515,train
5,L516,train
5,L518,train
5,L520,train
5,L521,train
5,L522,train
5,L523,train
5,L524,train
5,L525,train
5,L527,train
5,L528,train
5,L529,train
5,L531,train
5,L532,train
5,L534,train
5,L537,train
5,L541,train
5,L542,train
5,L543,train
5,L641,train
5,L646,train
5,L647,train
5,L648,train
5,L650,train
5,L660,train
5,L665,train
5,L672,train
5,L676,train
5,L677,train
5,L680,train
5,L681,train
5,L682,train
5,L686,train
5,L688,train
5,L689,train
5,L696,train
5,L697,train
5,L698,train
5,L699,train
5,L700,train
5,L701,train
5,L702,train
5,L703,train
5,L704,train
5,L707,train
5,L709,train
5,L712,train
5,L714,train
5,L716,train
5,L717,train
5,L718,train
5,L719,train
5,L720,train
5,L721,train
5,L722,train
5,L724,train
5,L725,train
5,L726,train
5,L727,train
5,L729,train
5,L730,train
5,L731,train
5,L735,train
5,L736,train
5,L737,train
5,L739,train
5,L740,train
5,L741,train
5,L742,train
5,L744,train
5,L746,train
5,L747,train
5,L748,train
5,L749,train
5,L750,train
5,L751,train
5,L755,train
5,L756,train
5,L759,train
5,L760,train
5,L761,train
5,L762,train
5,L763,train
5,L765,train
5,L766,train
5,L768,train
5,L769,train
5,L772,train
5,L775,train
5,L779,train
5,L783,train
5,L784,train
5,L786,train
5,L788,train
5,L789,train
5,L790,train
5,L791,train
5,L792,train
5,L793,train
5,L794,train
5,L795,train
5,L801,train
5,L807,train
5,L808,train
5,L810,train
5,L814,train
5,L816,train
5,L817,train
5,L818,train
5,L819,train
5,L821,train
5,L823,train
5,L824,train
5,L826,train
5,L827,train
5,L828,train
5,L832,train
5,L834,train
5,L838,train
5,L839,train
5,L846,train
5,L848,train
5,L849,train
5,L850,train
5,L851,train
5,L852,train
5,L854,train
5,L855,train
5,L856,train
5,L858,train
5,L859,train
5,L863,train
5,L869,train
5,L871,train
5,L1355,train
5,L1361,train
5,L1363,train
5,L1379,train
5,L1382,train
5,L1384,train
5,L1386,train
5,L1387,train
5,L1388,train
5,L1389,train
5,L1392,train
5,L1396,train
5,L1399,train
5,L1400,train
5,L1404,train
5,L1405,train
5,L1411,train
5,L1412,train
5,L1413,train
5,L1416,train
5,L1424,train
5,L1426,train
5,L1444,train
5,L1445,train
5,L1446,train
5,L1447,train
5,L1449,train
5,L1450,train
5,L1452,train
5,L1453,train
5,L1455,train
5,L1457,train
5,L1467,train
5,L1468,train
5,L1470,train
5,L1471,train
5,L1473,train
5,L1474,train
5,L1475,train
5,L1476,train
5,L1478,train
5,L1483,train
5,L1484,train
5,L1485,train
5,L1487,train
5,L1488,train
5,L1492,train
5,L1493,train
5,L1495,train
5,L1496,train
5,L1497,train
5,L1498,train
5,L1499,train
5,L1454,train
5,L1500,train
5,L1502,train
5,L1503,train
5,L1504,train
5,L1505,train
5,L1506,train
5,L1507,train
5,L1508,train
5,L1509,train
5,L1515,train
5,L1516,train
5,L1518,train
5,L1520,train
5,L1539,train
5,L1540,train
5,L1541,train
5,L1542,train
5,L1543,train
5,L1545,train
5,L1546,train
5,L1547,train
5,L1549,train
5,L1550,train
5,L1551,train
5,L1552,train
5,L1553,train
5,L1555,train
5,L1556,train
5,L1557,train
5,L1558,train
5,L1562,train
5,L1564,train
5,L1565,train
5,L1566,train
5,L1569,train
5,L1572,train
5,L1573,train
5,L1574,train
5,L1575,train
5,L1576,train
5,L1577,train
5,L1578,train
5,L1579,train
5,L1580,train
5,L1581,train
5,L1582,train
5,L1583,train
5,L1584,train
5,L1585,train
5,L1586,train
5,L1587,train
5,L1589,train
5,L1591,train
5,L1593,train
5,L1595,train
5,L1596,train
5,L1597,train
5,L1598,train
5,L1601,train
5,L1602,train
5,L1603,train
5,L1604,train
5,L1606,train
5,L1609,train
5,L1612,train
5,L1616,train
5,L1618,train
5,L1619,train
5,L1620,train
5,L1621,train
5,L1623,train
5,L1624,train
5,L1625,train
5,L1627,train
5,L1628,train
5,L1629,train
5,L1630,train
5,L1631,train
5,L1633,train
5,L1634,train
5,L1635,train
5,L1636,train
5,L1637,train
5,L1638,train
5,L1639,train
5,L1642,train
5,L1645,train
5,L1648,train
5,L1650,train
5,L1651,train
5,L1654,train
5,L1655,train
5,L1656,train
5,L1657,train
5,L1658,train
5,L1659,train
5,L1660,train
5,L1662,train
5,L1664,train
5,L1666,train
5,L1668,train
5,L1673,train
5,L1675,train
5,L1676,train
5,L1677,train
5,L1678,train
5,L1683,train
5,L1684,train
5,L1685,train
5,L1725,train
5,L1726,train
5,L1727,train
5,L1728,train
5,L1729,train
5,L1731,train
5,L1733,train
5,L1736,train
5,L1737,train
5,L1738,train
5,L1740,train
5,L1741,train
5,L1742,train
5,L1743,train
5,L1744,train
5,L1746,train
5,L1747,train
5,L1749,train
5,L1750,train
5,L1751,train
5,L1753,train
5,L1755,train
5,L1758,train
5,L1759,train
5,L1760,train
5,L1764,train
5,L1765,train
5,L1766,train
5,L1768,train
5,L1769,train
5,L1773,train
5,L1774,train
5,L1775,train
5,L1776,train
5,L1777,train
5,L1778,train
5,L1782,train
5,L1784,train
5,L1788,train
5,L1789,train
5,L1790,train
5,L1791,train
5,L1795,train
5,L1799,train
5,L1800,train
5,L1802,train
5,L1803,train
5,L1804,train
5,L1805,train
5,L1807,train
5,L1808,train
5,L1809,train
5,L1810,train
5,L1811,train
5,L1813,train
5,L1814,train
5,L1816,train
5,L1817,train
5,L1818,train
5,L1823,train
5,L1830,train
5,L1832,train
5,L1833,train
5,L1835,train
5,L1836,train
5,L1837,train
5,L1838,train
5,L1850,train
5,L1851,train
5,L1852,train
5,L1853,train
5,L1854,train
5,L1855,train
5,L1860,train
5,L1864,train
5,L1865,train
5,L1866,train
5,L1871,train
5,L1872,train
5,L1876,train
5,L1877,train
5,L1878,train
5,L1879,train
5,L1891,train
5,L1893,train
5,L1894,train
5,L1895,train
5,L1896,train
5,L1901,train
5,L1904,train
5,L1905,train
5,L1907,train
5,L1909,train
5,L2059,train
5,L2061,train
5,L2062,train
5,L2063,train
5,L2064,train
5,L2065,train
5,L2066,train
5,L2067,train
5,L2068,train
5,L2072,train
5,L2077,train
5,L2080,train
5,L2082,train
5,L2083,train
5,L2084,train
5,L2086,train
5,L2087,train
5,L2088,train
5,L2089,train
5,L2090,train
5,L2091,train
5,L2092,train
5,L2093,train
5,L2095,train
5,L2096,train
5,L2098,train
5,L2099,train
5,L2100,train
5,L2101,train
5,L2102,train
5,L2103,train
5,L2104,train
5,L2107,train
5,L2110,train
5,L2111,train
5,L2112,train
5,L2113,train
5,L2114,train
5,L2115,train
5,L2116,train
5,L2117,train
5,L2128,train
5,L2147,train
5,L2150,train
5,L2154,train
5,L2167,train
5,L2169,train
5,L2172,train
5,L2173,train
5,L2174,train
5,L2175,train
5,L2180,train
5,L2181,train
5,L2183,train
5,L2185,train
5,L2188,train
5,L2190,train
5,L2193,train
5,L2195,train
5,L2196,train
5,L2201,train
5,L2202,train
5,L2203,train
5,L2206,train
5,L2207,train
5,L2225,train
5,L2226,train
5,L2231,train
5,L2232,train
5,L2235,train
5,L2237,train
5,L2238,train
5,L2242,train
5,L2243,train
5,L2497,train
5,L2501,train
5,L2502,train
5,L2507,train
5,L2508,train
5,L2513,train
5,L2515,train
5,L2516,train
5,L2519,train
5,L2529,train
5,L2545,train
5,L2553,train
5,L2556,train
5,L2558,train
5,L2560,train
5,L2561,train
5,L2563,train
5,L2568,train
5,L2570,train
5,L2571,train
5,L2585,train
5,L2706,train
5,L2718,train
5,L2747,train
5,L2751,train
5,L2752,train
5,L2761,train
5,L2765,train
5,L2768,train
5,L2770,train
5,L2771,train
5,L2773,train
5,L2776,train
5,L2777,train
5,L2778,train
5,L2779,train
5,L2780,train
5,L2782,train
5,L2783,train
5,L2784,train
5,L2785,train
5,L2787,train
5,L2788,train
5,L2789,train
5,L2790,train
5,L2793,train
5,L2795,train
5,L2796,train
5,L2797,train
5,L2798,train
5,L2799,train
5,L2804,train
5,L3236,train
5,L2805,train
5,L2806,train
5,L2809,train
5,L2811,train
5,L2817,train
5,L2818,train
5,L2819,train
5,L2830,train
5,L2835,train
5,L2837,train
5,L2838,train
5,L2839,train
5,L2841,train
5,L2842,train
5,L2844,train
5,L2846,train
5,L2848,train
5,L2849,train
5,L2850,train
5,L2851,train
5,L2852,train
5,L2862,train
5,L2867,train
5,L2868,train
5,L2872,train
5,L2873,train
5,L2875,train
5,L2877,train
5,L2883,train
5,L2884,train
5,L2886,train
5,L2890,train
5,L2891,train
5,L2893,train
5,L2894,train
5,L2895,train
5,L2897,train
5,L2900,train
5,L2906,train
5,L2909,train
5,L2918,train
5,L2921,train
5,L2922,train
5,L2923,train
5,L3237,train
5,L2936,train
5,L2946,train
5,L2957,train
5,L2961,train
5,L2983,train
5,L2991,train
5,L3006,train
5,L3007,train
5,L3010,train
5,L3011,train
5,L3019,train
5,L3023,train
5,L3024,train
5,L3026,train
5,L3028,train
5,L3029,train
5,L3098,train
5,L3102,train
5,L3135,train
5,L3136,train
5,L3179,train
5,L3180,train
5,L3182,train
5,L3184,train
5,L3185,train
5,L3186,train
5,L3406,train
5,L3407,train
5,L3409,train
5,L3411,train
5,L3414,train
5,L3422,train
5,L3424,train
5,L3425,train
5,L3426,train
5,L3428,train
5,L3430,train
5,L3431,train
5,L3432,train
5,L3433,train
5,L3434,train
5,L3435,train
5,L3436,train
5,L3438,train
5,L3439,train
5,L3443,train
5,L3444,train
5,L3445,train
5,L3446,train
5,L3448,train
5,L3452,train
5,L3463,train
5,L3464,train
5,L3465,train
5,L3467,train
5,L3478,train
5,L3479,train
5,L3481,train
5,L3486,train
5,L3487,train
5,L3488,train
5,L3492,train
5,L3493,train
5,L3497,train
5,L3498,train
5,L3499,train
5,L3500,train
5,L3501,train
5,L3502,train
5,L3503,train
5,L3505,train
5,L3506,train
5,L3507,train
5,L3509,train
5,L3510,train
5,L3512,train
5,L3514,train
5,L3516,train
5,L3517,train
5,L3518,train
5,L3519,train
5,L3520,train
5,L3522,train
5,L3528,train
5,L3530,train
5,L3531,train
5,L3532,train
5,L3534,train
5,L3536,train
5,L3539,train
5,L3542,train
5,L3544,train
5,L3545,train
5,L3547,train
5,L3548,train
5,L3550,train
5,L3551,train
5,L3552,train
5,L3554,train
5,L3555,train
5,L3557,train
5,L3559,train
5,L3560,train
5,L3561,train
5,L3563,train
5,L3566,train
5,L3567,train
5,L3568,train
5,L3569,train
5,L3572,train
5,L3575,train
5,L3577,train
5,L3578,train
5,L3579,train
5,L3580,train
5,L3553,train
5,L3581,train
5,L3583,train
5,L3584,train
5,L3585,train
5,L3586,train
5,L3587,train
5,L3588,train
5,L3591,train
5,L3592,train
5,L3594,train
5,L3595,train
5,L3598,train
5,L3600,train
5,L3602,train
5,L3604,train
5,L3605,train
5,L3606,train
5,L3607,train
5,L3608,train
5,L3609,train
5,L3610,train
5,L3611,train
5,L3613,train
5,L3614,train
5,L3616,train
5,L3617,train
5,L3618,train
5,L3620,train
5,L4034,train
5,L4061,train
5,L4080,train
5,L4081,train
5,L4082,train
5,L4083,train
5,L4084,train
5,L4085,train
5,L4094,train
5,L4095,train
5,L4098,train
5,L4099,train
5,L4100,train
5,L4101,train
5,L4103,train
5,L4105,train
5,L4108,train
5,L4115,train
5,L4401,train
5,L4404,train
5,L4406,train
5,L4408,train
5,L4409,train
5,L4414,train
5,L4480,train
5,L4481,train
5,L4482,train
5,L4483,train
5,L4484,train
5,L4485,train
5,L4487,train
5,L4489,train
5,L4490,train
5,L4491,train
5,L4494,train
5,L4495,train
5,L4496,train
5,L4497,train
5,L4499,train
5,L4500,train
5,L4504,train
5,L4505,train
5,L4506,train
5,L4507,train
5,L4508,train
5,L4523,train
5,L4562,train
5,L4526,train
5,L4527,train
5,L4533,train
5,L4536,train
5,L4538,train
5,L4540,train
5,L4542,train
5,L4543,train
5,L4544,train
5,L4545,train
5,L4549,train
5,L4550,train
5,L4572,train
5,L4571,train
5,L4569,train
5,L4568,train
5,L4576,train
5,L4565,train
5,L4566,train
5,L4567,train
5,L4574,train
5,L4586,train
5,L4580,train
5,L4581,train
5,L4582,train
5,L4583,train
5,L4585,train
5,L4577,train
5,L553,test
5,L566,test
5,L573,test
5,L574,test
5,L578,test
5,L585,test
5,L586,test
5,L595,test
5,L600,test
5,L601,test
5,L618,test
5,L622,test
5,L623,test
5,L628,test
5,L636,test
5,L6,test
5,L10,test
5,L11,test
5,L46,test
5,L170,test
5,L174,test
5,L178,test
5,L192,test
5,L203,test
5,L210,test
5,L222,test
5,L242,test
5,L253,test
5,L260,test
5,L276,test
5,L279,test
5,L282,test
5,L287,test
5,L289,test
5,L293,test
5,L312,test
5,L316,test
5,L324,test
5,L327,test
5,L336,test
5,L345,test
5,L348,test
5,L359,test
5,L361,test
5,L415,test
5,L416,test
5,L428,test
5,L430,test
5,L431,test
5,L444,test
5,L455,test
5,L456,test
5,L465,test
5,L480,test
5,L517,test
5,L539,test
5,L540,test
5,L640,test
5,L642,test
5,L643,test
5,L644,test
5,L662,test
5,L674,test
5,L675,test
5,L690,test
5,L705,test
5,L706,test
5,L708,test
5,L710,test
5,L711,test
5,L713,test
5,L723,test
5,L733,test
5,L734,test
5,L753,test
5,L767,test
5,L773,test
5,L785,test
5,L787,test
5,L803,test
5,L806,test
5,L815,test
5,L820,test
5,L845,test
5,L857,test
5,L861,test
5,L867,test
5,L1393,test
5,L1422,test
5,L1423,test
5,L1437,test
5,L1451,test
5,L1461,test
5,L1464,test
5,L1469,test
5,L1472,test
5,L1494,test
5,L1511,test
5,L1512,test
5,L1513,test
5,L1517,test
5,L1544,test
5,L1548,test
5,L1554,test
5,L1560,test
5,L1567,test
5,L1568,test
5,L1570,test
5,L1571,test
5,L1588,test
5,L1590,test
5,L1594,test
5,L1600,test
5,L1608,test
5,L1610,test
5,L1611,test
5,L1615,test
5,L1622,test
5,L1632,test
5,L1641,test
5,L1643,test
5,L1652,test
5,L1663,test
5,L1667,test
5,L1672,test
5,L1680,test
5,L1732,test
5,L1745,test
5,L1748,test
5,L1756,test
5,L1757,test
5,L1761,test
5,L1762,test
5,L1763,test
5,L1767,test
5,L1771,test
5,L1783,test
5,L1786,test
5,L1798,test
5,L1806,test
5,L1812,test
5,L1881,test
5,L1898,test
5,L1899,test
5,L1903,test
5,L1906,test
5,L1908,test
5,L2060,test
5,L2076,test
5,L2079,test
5,L2085,test
5,L2094,test
5,L2097,test
5,L2108,test
5,L2109,test
5,L2120,test
5,L2152,test
5,L2162,test
5,L2171,test
5,L2176,test
5,L2178,test
5,L2182,test
5,L2192,test
5,L2194,test
5,L2204,test
5,L2239,test
5,L2498,test
5,L2505,test
5,L2530,test
5,L2559,test
5,L2562,test
5,L2584,test
5,L2696,test
5,L2748,test
5,L2753,test
5,L2764,test
5,L2772,test
5,L2775,test
5,L2786,test
5,L2792,test
5,L2802,test
5,L2807,test
5,L2832,test
5,L2840,test
5,L2843,test
5,L2845,test
5,L2847,test
5,L2853,test
5,L2854,test
5,L2866,test
5,L2870,test
5,L2874,test
5,L2899,test
5,L2908,test
5,L2911,test
5,L2960,test
5,L3027,test
5,L3131,test
5,L3403,test
5,L3415,test
5,L3427,test
5,L3429,test
5,L3437,test
5,L3441,test
5,L3447,test
5,L3450,test
5,L3496,test
5,L3529,test
5,L3533,test
5,L3535,test
5,L3540,test
5,L3543,test
5,L3564,test
5,L3565,test
5,L3570,test
5,L3571,test
5,L3573,test
5,L3574,test
5,L3589,test
5,L3597,test
5,L3582,test
5,L3599,test
5,L3619,test
5,L4054,test
5,L4077,test
5,L4078,test
5,L4086,test
5,L4087,test
5,L4096,test
5,L4102,test
5,L4111,test
5,L4114,test
5,L4402,test
5,L4403,test
5,L4486,test
5,L4488,test
5,L4498,test
5,L4501,test
5,L4513,test
5,L4514,test
5,L4539,test
5,L4541,test
5,L4546,test
5,L4547,test
5,L4548,test
5,L3603,test
5,L4587,test
5,L4578,test
5,L4579,test
